name,region_length,reads,cpm_evseq,fpkm_evseq,ev_abundance,gene_id,count,cpm_srr,fpkm_srr,srr_abundance
YLR154W-F,141,2296,1342.570718860078,2177.098679,preferentially_represented,YLR154W-F,10336,2586.6610275320736,18476.15019665767,preferentially_represented
YLR154W-A,186,2975,1739.611449742479,2138.451323,preferentially_represented,YLR154W-A,9910,2480.051352829223,13405.682988266071,preferentially_represented
YLR154W-B,165,2568,1501.620908550819,2080.829127,preferentially_represented,YLR154W-B,3307,827.6013949350394,5046.349969116094,preferentially_represented
YLR154C-G,150,2226,1301.6386847484903,1984.080296,preferentially_represented,YLR154C-G,11547,2889.7228023329003,19394.1127673349,preferentially_represented
YBR095C,1293,18307,10704.896406869098,1892.971171,preferentially_represented,YBR095C,27,6.756951213560951,5.229838400588971,not_preferentially_represent
YBR094W,2262,29375,17176.83574325557,1736.24344,preferentially_represented,YBR094W,76,19.019566378912305,8.412015205180143,not_preferentially_represent
YGL082W,1146,14635,8557.718846044094,1707.392826,preferentially_represented,YGL082W,87,21.772398354807507,19.01519506970088,not_preferentially_represent
YLR154W-E,204,2564,1499.2819351730138,1680.402026,preferentially_represented,YLR154W-E,2028,507.5221133741336,2500.1089328775056,not_preferentially_represent
YNR073C,1509,17880,10455.210998788412,1584.176687,preferentially_represented,YNR073C,2,0.5005149047082186,0.33190643548290355,not_preferentially_represent
YNL050C,904,10459,6115.83063961566,1546.84599,preferentially_represented,YNL050C,32,8.008238475331497,8.86848114654651,not_preferentially_represent
YBR096W,693,7953,4650.463818420819,1534.345242,preferentially_represented,YBR096W,401,100.35323839399783,145.0191306271645,not_preferentially_represent
YNL051W,1212,12855,7516.875692920863,1418.060645,preferentially_represented,YNL051W,17,4.254376690019858,3.5131103963830372,not_preferentially_represent
YLR154W-C,375,3873,2264.7109730597044,1380.834319,preferentially_represented,YLR154W-C,39833,9968.505099621236,53883.81134930398,preferentially_represented
YNR072W,1695,14147,8272.364093951881,1115.886425,preferentially_represented,YNR072W,1,0.2502574523541093,0.14773167199180004,not_preferentially_represent
YNL052W,462,3510,2052.4491390238995,1015.758544,preferentially_represented,YNL052W,792,198.20390226445457,429.9433888599882,not_preferentially_represent
YGR149W,1299,9754,5703.586581777527,1003.919623,preferentially_represented,YGR149W,234,58.560243850861575,45.11575027030938,not_preferentially_represent
YDR524W-C,90,673,393.5322708156936,999.764929,preferentially_represented,YDR524W-C,1149,287.5458127548716,3230.851828706422,not_preferentially_represent
YMR260C,462,3050,1783.4672005763232,882.6391907,preferentially_represented,YMR260C,1352,338.34807558275577,733.943764821596,not_preferentially_represent
YNL048W,1647,10752,6287.160439539877,872.8125851,preferentially_represented,YNL048W,89,22.272913259515725,13.531539039802993,not_preferentially_represent
YDL114W-A,114,717,419.2609779715487,840.8908901,preferentially_represented,YDL114W-A,2,0.5005149047082186,4.429335439895739,not_preferentially_represent
YHL015W,366,2246,1313.3335516375153,820.4535712,preferentially_represented,YHL015W,8238,2061.6208924931525,24838.80593365244,preferentially_represented
YMR258C,1662,9379,5484.307827608306,754.4854337,preferentially_represented,YMR258C,98,24.525230330702712,14.765340355630771,not_preferentially_represent
YNL049C,2631,14740,8619.116897211477,749.034771,preferentially_represented,YNL049C,172,43.0442818049068,16.36664707410905,not_preferentially_represent
YGR150C,2595,13861,8105.127497438824,714.1386603,preferentially_represented,YGR150C,24,6.0061788564986225,2.3154120495368633,not_preferentially_represent
YMR229C,5190,25482,14900.42990330684,656.4346491,preferentially_represented,YMR229C,297,74.32646334917045,14.323851098317684,not_preferentially_represent
YBR097W,4365,21094,12334.57610785474,646.10044,preferentially_represented,YBR097W,38,9.509783189456153,2.1791437189404568,not_preferentially_represent
YPL056C,306,1407,822.7338856429136,614.7492593,preferentially_represented,YPL056C,33,8.258495927685606,27.0770358284774,not_preferentially_represent
YGR148C,867,3815,2230.795859081532,588.3026274,preferentially_represented,YGR148C,3804,951.9793487550318,1099.283312650152,not_preferentially_represent
YDL115C,1132,4673,2732.5056486207077,551.9181768,preferentially_represented,YDL115C,30,7.507723570623279,6.638128709658071,not_preferentially_represent
YNR075W,1125,4349,2543.0488050185013,516.847272,preferentially_represented,YNR075W,48,12.012357712997245,10.687150990211073,not_preferentially_represent
YPL055C,999,3767,2202.728178547872,504.1450126,preferentially_represented,YPL055C,51,12.763130070059574,12.788707485029633,not_preferentially_represent
YHL016C,2208,8217,4804.83606135595,497.5532428,preferentially_represented,YHL016C,24,6.0061788564986225,2.7214222276840156,not_preferentially_represent
YLR248W,1833,6816,3985.6106357797435,497.1557422,preferentially_represented,YLR248W,233,58.30998639850746,31.828595195691847,not_preferentially_represent
YLR247C,4671,17205,10060.509241283817,492.4590839,preferentially_represented,YLR247C,45,11.261585355934917,2.4114743802858496,not_preferentially_represent
YHL014C,1218,4431,2590.997759263504,486.3845878,preferentially_represented,YHL014C,16,4.004119237665749,3.2901554952060383,not_preferentially_represent
YMR259C,4263,15402,9006.216991238205,483.0444867,preferentially_represented,YMR259C,59,14.765189688892448,3.4643804995055016,not_preferentially_represent
YGR105W,234,842,492.35389602795544,481.0847355,preferentially_represented,YGR105W,185,46.29762868551022,198.70226903652454,not_preferentially_represent
YGL132W,336,1205,704.6157300637605,479.4828882,preferentially_represented,YGL132W,5,1.2512872617705466,3.735185856031482,not_preferentially_represent
YLR346C,306,1080,631.5228120073538,471.875764,preferentially_represented,YLR346C,5,1.2512872617705466,3.5751064622015614,not_preferentially_represent
YLR243W,819,2878,1682.8913453307075,469.8207902,preferentially_represented,YLR243W,137,34.28527097251297,41.91353419622613,not_preferentially_represent
YGR103W,1818,6327,3699.671140343081,465.2959782,preferentially_represented,YGR103W,237,59.3110162079239,32.64227639401425,not_preferentially_represent
YPL054W,906,3098,1811.5348811099832,457.1708791,preferentially_represented,YPL054W,12,3.0030894282493112,3.3183308599439907,not_preferentially_represent
YPL057C,1149,3915,2289.2701935266573,455.5510803,preferentially_represented,YPL057C,481,120.37383458232657,104.85525660481409,not_preferentially_represent
YDL114W,927,3148,1840.7720483325459,454.0255913,preferentially_represented,YDL114W,2,0.5005149047082186,4.429335439895739,not_preferentially_represent
YHL017W,1599,5259,3075.1652484691417,439.7238788,preferentially_represented,YHL017W,164,41.04222218607393,25.68349323283725,not_preferentially_represent
YNL114C,372,1216,711.0479068527243,437.0347578,preferentially_represented,YNL114C,248,62.0638481838191,167.28800049546928,not_preferentially_represent
YGR152C,819,2647,1547.8156327624679,432.1110604,preferentially_represented,YGR152C,35,8.759010832393825,26.146300992220375,not_preferentially_represent
YNL113W,429,1380,806.9458153427297,430.0779108,preferentially_represented,YNL113W,327,81.83418691979374,220.57732323394538,not_preferentially_represent
YLR388W,664,2134,1247.842297058975,429.6864701,preferentially_represented,YLR388W,1333,333.5931839880277,503.15714025343544,not_preferentially_represent
YJL197C-A,282,904,528.6079833839332,428.592597,preferentially_represented,YJL197C-A,2,0.5005149047082186,1.7811918317018456,not_preferentially_represent
YGR104C,924,2940,1719.1454326866851,425.4031509,preferentially_represented,YGR104C,43,10.7610704512267,11.658797888652979,not_preferentially_represent
YKL180W,861,2675,1564.188446407103,415.3803788,preferentially_represented,YKL180W,5454,1364.904145139312,1587.0978431852466,not_preferentially_represent
YER099C,957,2943,1720.8996627200388,411.1531932,preferentially_represented,YER099C,347,86.83933596687592,90.83612548836393,not_preferentially_represent
YPL174C,2607,7899,4618.887677820451,405.0945737,preferentially_represented,YPL174C,18,4.504634142373967,1.7285626025993734,not_preferentially_represent
YMR230W-A,189,572,334.473193026117,404.6313871,preferentially_represented,YMR230W-A,2,0.5005149047082186,2.6623133229160563,not_preferentially_represent
YDL116W,2181,6558,3834.7468529113203,402.0139189,preferentially_represented,YDL116W,66,16.516991855371213,7.5766017685189055,not_preferentially_represent
YHL013C,924,2767,1617.9848340966182,400.3709247,preferentially_represented,YHL013C,23,5.755921404144513,6.236101196256245,not_preferentially_represent
YGR102C,552,1647,963.0722883112145,398.9145386,preferentially_represented,YGR102C,47,11.762100260643136,21.346824429479376,not_preferentially_represent
YLR154C-H,132,388,226.88041764708635,392.9914823,preferentially_represented,YLR154C-H,134,33.534498615450644,255.98853904924155,not_preferentially_represent
YLR246W,1080,3164,1850.127941843766,391.6860123,preferentially_represented,YLR246W,101,25.27600268776504,23.425396374203,not_preferentially_represent
YGR147C,867,2537,1483.49386487283,391.2251024,preferentially_represented,YGR147C,231,57.80947149379924,66.7545860205534,not_preferentially_represent
YER100W,753,2185,1277.6642076259889,387.9554063,preferentially_represented,YER100W,109,27.278062306597914,36.27401902473127,not_preferentially_represent
YOR020W-A,273,777,454.3455786386239,380.5254559,not_preferentially_represent,YOR020W-A,34,8.508753380039716,31.28218154426366,not_preferentially_represent
YDL113C,1923,5436,3178.664820437014,377.9423046,not_preferentially_represent,YDL113C,20,5.005149047082186,2.6041358205422402,not_preferentially_represent
YNL053W,1470,4140,2420.8374460281893,376.5375995,not_preferentially_represent,YNL053W,224,56.057669327320475,38.1604284052556,not_preferentially_represent
YDL148C,2433,6665,3897.3143907676044,366.254853,not_preferentially_represent,YDL148C,50,12.512872617705465,5.145095648727576,not_preferentially_represent
YER023C-A,213,577,337.3969097483733,362.177572,not_preferentially_represent,YER023C-A,140,35.0360433295753,165.2643553281854,not_preferentially_represent
YDR495C,3036,8197,4793.141194466924,360.976152,not_preferentially_represent,YDR495C,26,6.506693761206842,2.1438859180253185,not_preferentially_represent
YPL058C,4536,12139,7098.199458293766,357.7957756,not_preferentially_represent,YPL058C,260,65.06693761206841,14.347726044557534,not_preferentially_represent
YLR038C,252,673,393.5322708156936,357.0589032,not_preferentially_represent,YLR038C,139,34.78578587722119,138.58878835546292,not_preferentially_represent
YKL177W,339,905,529.1927267283843,356.9227448,not_preferentially_represent,YKL177W,82,20.521111093036964,60.71334642910344,not_preferentially_represent
YOR020C,321,849,496.4470994391142,353.6128194,not_preferentially_represent,YOR020C,598,149.65395650775736,467.66861408674174,not_preferentially_represent
YGR101W,1041,2733,1598.1035603852758,351.0057617,not_preferentially_represent,YGR101W,246,61.563333279110886,59.19551276837585,not_preferentially_represent
YDL244W,1023,2584,1510.976802062039,337.7086765,not_preferentially_represent,YDL244W,10,2.502574523541093,2.4487030563024392,not_preferentially_represent
YHL018W,363,897,524.5147799727744,330.3780315,not_preferentially_represent,YHL018W,8,2.0020596188328743,5.530551433239984,not_preferentially_represent
YKL179C,2040,5011,2930.1488990452312,328.4124241,not_preferentially_represent,YKL179C,33,8.258495927685606,4.05026774285709,not_preferentially_represent
YGR153W,654,1599,935.0046077775543,326.8858026,not_preferentially_represent,YGR153W,33,8.258495927685606,12.647007546226044,not_preferentially_represent
YPL173W,894,2184,1277.0794642815374,326.6182582,not_preferentially_represent,YPL173W,70,17.51802166478765,19.617045537276205,not_preferentially_represent
YKL181W,1284,3111,1819.1365445878496,323.9368319,not_preferentially_represent,YKL181W,1900,475.4891594728076,370.607294990497,not_preferentially_represent
YDL242W,354,839,490.5996659946017,316.8721291,not_preferentially_represent,YDL242W,5,1.2512872617705466,3.5447231211630212,not_preferentially_represent
YJR087W,351,822,480.65902913893035,313.1050298,not_preferentially_represent,YJR087W,63,15.766219498308887,45.04634142373967,not_preferentially_represent
YNL112W,2643,6176,3611.3748953309414,312.4175824,not_preferentially_represent,YNL112W,4188,1048.0782104590096,396.69879275511346,not_preferentially_represent
YGR106C,798,1864,1089.9615940571364,312.2973937,not_preferentially_represent,YGR106C,1648,412.42428147957213,517.4708676029763,not_preferentially_represent
YLR387C,1299,3020,1765.9249002427853,310.8301479,not_preferentially_represent,YLR387C,60,15.015447141246558,11.568141094951123,not_preferentially_represent
YJR086W,333,774,452.5913486052702,310.757823,not_preferentially_represent,YJR086W,56,14.014417331830119,42.21210039707868,not_preferentially_represent
YGL131C,4212,9716,5681.366334688379,308.4071846,not_preferentially_represent,YGL131C,32,8.008238475331497,23.905189478601486,not_preferentially_represent
YGR049W,564,1292,755.4884010310195,306.2730284,not_preferentially_represent,YGR049W,223,55.80741187496637,99.12506549727597,not_preferentially_represent
YLR245C,429,974,569.5400174955208,303.5477429,not_preferentially_represent,YLR245C,24,6.0061788564986225,14.033128169389306,not_preferentially_represent
YHL012W,1482,3266,1909.7717629777937,294.641095,not_preferentially_represent,YHL012W,13,3.253346880603421,2.1967230794081165,not_preferentially_represent
YOR019W,2193,4775,2792.1494697547355,291.1119862,not_preferentially_represent,YOR019W,36,9.009268284747934,3.4255772945809637,not_preferentially_represent
YJR085C,318,692,404.6423943602674,290.9405916,not_preferentially_represent,YJR085C,362,90.59319775218756,285.78295820879356,not_preferentially_represent
YKL178C,1413,3073,1796.9162974987019,290.7674191,not_preferentially_represent,YKL178C,646,161.6663142207546,114.49455681356558,not_preferentially_represent
YER101C,1293,2809,1642.544054563571,290.4547997,not_preferentially_represent,YER101C,25,6.256436308852733,4.842442963508307,not_preferentially_represent
YGR048W,1086,2347,1372.3926294270918,288.9406248,not_preferentially_represent,YGR048W,111,27.778577211306132,25.60237530995957,not_preferentially_represent
YDR494W,1086,2316,1354.265585749103,285.1241955,not_preferentially_represent,YDR494W,60,15.015447141246558,13.839121789167335,not_preferentially_represent
YLR042C,486,1034,604.6246181625961,284.4524067,not_preferentially_represent,YLR042C,58,14.514932236538339,29.92769533306874,not_preferentially_represent
YPR197C,564,1195,698.7682966192478,283.2788459,not_preferentially_represent,YPR197C,49,12.262615165351356,21.780843988190686,not_preferentially_represent
YLR039C,3171,6613,3866.9077368561393,278.8223761,not_preferentially_represent,YLR039C,28,7.007208665915059,2.2104759198470223,not_preferentially_represent
YPL053C,1341,2772,1620.9085508188746,276.3692954,not_preferentially_represent,YPL053C,340,85.08753380039717,63.49815955253519,not_preferentially_represent
YDL243C,990,2022,1182.3510424804344,273.0683083,not_preferentially_represent,YDL243C,26,6.506693761206842,6.579063459258687,not_preferentially_represent
YLR041W,321,652,381.25266058221723,271.5613172,not_preferentially_represent,YLR041W,793,198.45415971680868,294.4423734670752,not_preferentially_represent
YGR050C,357,714,417.50674793819496,267.3962663,not_preferentially_represent,YGR050C,26,6.506693761206842,18.277229666311353,not_preferentially_represent
YDR504C,384,762,445.57442847185513,265.307233,not_preferentially_represent,YDR504C,13,3.253346880603421,8.494378278337914,not_preferentially_represent
YOL104C,1059,2073,1212.1729530474483,261.7150425,not_preferentially_represent,YOL104C,7,1.7518021664787649,1.6557676431746362,not_preferentially_represent
YDL241W,372,728,425.6931547605125,261.645809,not_preferentially_represent,YDL241W,99,24.77548778305682,66.78029052036878,not_preferentially_represent
YNL137C,1461,2836,1658.3321248637546,259.5262872,not_preferentially_represent,YNL137C,103,25.776517592473258,17.655149035940585,not_preferentially_represent
YPR198W,1632,3138,1834.9246148880334,257.073984,not_preferentially_represent,YPR198W,341,85.33779125275127,151.5768938770005,not_preferentially_represent
YGR047C,3078,5906,3453.494192329103,256.5370937,not_preferentially_represent,YGR047C,33,8.258495927685606,2.6839440778958745,not_preferentially_represent
YGR154C,1071,2055,1201.6475728473258,256.5356336,not_preferentially_represent,YGR154C,13,3.253346880603421,3.040511103367683,not_preferentially_represent
YDR033W,963,1841,1076.5124971347575,255.5952888,not_preferentially_represent,YDR033W,4496,1125.1575057840753,1169.602396864943,not_preferentially_represent
YPL059W,453,855,499.9555595058217,252.3441586,not_preferentially_represent,YPL059W,245,61.31307582675678,135.64839784680703,not_preferentially_represent
YMR231W,3090,5809,3396.7740879173316,251.3438367,not_preferentially_represent,YMR231W,28,7.007208665915059,2.268439192591473,not_preferentially_represent
YLR390W,339,631,368.97305034874097,248.8599469,not_preferentially_represent,YLR390W,70,17.51802166478765,51.828466463868786,not_preferentially_represent
YDL117W,2658,4934,2885.123661522485,248.1815609,not_preferentially_represent,YDL117W,116,29.029864473076678,10.92580522133108,not_preferentially_represent
YMR232W,2034,3775,2207.406125303482,248.136899,not_preferentially_represent,YMR232W,5,1.2512872617705466,0.6154880776047941,not_preferentially_represent
YJL197W,3765,6978,4080.3390575808467,247.7943089,not_preferentially_represent,YJL197W,71,17.76827911714176,4.720584250037662,not_preferentially_represent
YER023W,861,1579,923.3097408885292,245.1908853,not_preferentially_represent,YER023W,975,244.00101604525656,283.7221116805309,not_preferentially_represent
YMR208W,1332,2438,1425.604273772156,244.7117482,not_preferentially_represent,YMR208W,419,104.8578725363718,78.78127162762719,not_preferentially_represent
YDR034C,2373,4332,2533.10816816283,244.0709283,not_preferentially_represent,YDR034C,47,11.762100260643136,4.9587269226994675,not_preferentially_represent
YDL112W,4311,7792,4556.320139964167,241.6552664,not_preferentially_represent,YDL112W,176,44.04531161432323,10.219329840910264,not_preferentially_represent
YPL172C,1389,2468,1443.1465741056936,237.5572301,not_preferentially_represent,YPL172C,91,22.773428164223944,16.407368994397654,not_preferentially_represent
YLR244C,1164,2055,1201.6475728473258,236.0392299,not_preferentially_represent,YLR244C,890,222.72913259515727,191.51258176711718,not_preferentially_represent
YOR304C-A,231,405,236.82105450275765,234.4058179,not_preferentially_represent,YOR304C-A,18,4.504634142373967,19.585365836408553,not_preferentially_represent
YMR261C,3165,5504,3218.427367859699,232.5037993,not_preferentially_represent,YMR261C,152,38.03913275782461,12.022481908288436,not_preferentially_represent
YJR084W,1272,2212,1293.4522779261727,232.5002127,not_preferentially_represent,YJR084W,109,27.278062306597914,21.461890091737146,not_preferentially_represent
YDR496C,1971,3409,1993.390061234323,231.2414693,not_preferentially_represent,YDR496C,175,43.79505416196912,22.23099196039042,not_preferentially_represent
YJR088C,879,1520,888.8098835659052,231.1958616,not_preferentially_represent,YJR088C,146,36.537588043699955,41.61456497004551,not_preferentially_represent
YDL147W,1338,2297,1343.1554622045292,229.525121,not_preferentially_represent,YDL147W,98,24.525230330702712,18.343478183023716,not_preferentially_represent
YLR395C,237,406,237.4057978472089,229.0356205,not_preferentially_represent,YLR395C,178,44.54582651903145,188.75350219928583,not_preferentially_represent
YDL064W,584,991,579.4806543511922,226.8747431,not_preferentially_represent,YDL064W,180,45.04634142373967,77.266451841749,not_preferentially_represent
YGR100W,2853,4819,2817.8781769105904,225.8294089,not_preferentially_represent,YGR100W,50,12.512872617705465,4.387402741130948,not_preferentially_represent
YMR230W,728,1225,716.3105969527854,224.9728202,not_preferentially_represent,YMR230W,2120,530.5457989907117,729.7741389143215,not_preferentially_represent
YNL115C,1935,3256,1903.9243295332813,224.9721558,not_preferentially_represent,YNL115C,57,14.264674784184228,7.375736703301049,not_preferentially_represent
YDL149W,2994,5012,2930.7336423896822,223.8126397,not_preferentially_represent,YDL149W,17,4.254376690019858,1.421442261951172,not_preferentially_represent
YER024W,2772,4623,2703.268481398145,222.9749169,not_preferentially_represent,YER024W,63,15.766219498308887,5.68972194092706,not_preferentially_represent
YIL073C,3018,5000,2923.716722256267,221.5012146,not_preferentially_represent,YIL073C,44,11.011327903580808,3.6497606574679513,not_preferentially_represent
YLR389C,3084,5080,2970.4961898123674,220.2290909,not_preferentially_represent,YLR389C,98,24.525230330702712,7.954988754687872,not_preferentially_represent
YMR233W,681,1116,652.5735724075989,219.1000244,not_preferentially_represent,YMR233W,39,9.760040641810262,14.353000943838621,not_preferentially_represent
YGR051C,324,530,309.91397255916434,218.7037363,not_preferentially_represent,YGR051C,2,0.5005149047082186,1.5495817483226582,not_preferentially_represent
YLR386W,2643,4307,2518.489584551549,217.8728186,not_preferentially_represent,YLR386W,79,19.770338735974633,7.483095660853381,not_preferentially_represent
YMR043W,861,1389,812.2085054427911,215.6872322,not_preferentially_represent,YMR043W,149,37.288360400762286,43.35855860553754,not_preferentially_represent
YIL074C,1410,2247,1313.9182949819665,213.0636207,not_preferentially_represent,YIL074C,269,67.3192546832554,47.77803739052903,not_preferentially_represent
YDL240W,3054,4849,2835.420477244128,212.2797144,not_preferentially_represent,YDL240W,54,13.513902427121902,4.42643381170059,not_preferentially_represent
YEL008C-A,93,147,85.95727163433425,211.3293072,not_preferentially_represent,YEL008C-A,5,1.2512872617705466,13.60094849750594,not_preferentially_represent
YLR040C,675,1050,613.9805116738162,207.9748738,not_preferentially_represent,YLR040C,4350,1088.6199177403753,1615.1630827008537,not_preferentially_represent
YJR089W,2865,4447,2600.353652774724,207.523769,not_preferentially_represent,YJR089W,17,4.254376690019858,1.4854667213756487,not_preferentially_represent
YER022W,2064,3178,1858.3143486660833,205.8588504,not_preferentially_represent,YER022W,33,8.258495927685606,4.0031487773560865,not_preferentially_represent
YMR019W,2850,4354,2545.9725217407577,204.2532181,not_preferentially_represent,YMR019W,37,9.259525737102043,3.2500967838196013,not_preferentially_represent
YER098W,2265,3458,2022.0424851124346,204.1183861,not_preferentially_represent,YER098W,22,5.505663951790404,2.4318303673985886,not_preferentially_represent
YNL138W,1581,2411,1409.8162034719721,203.8875389,not_preferentially_represent,YNL138W,241,60.312046017340336,159.134686061584,not_preferentially_represent
YJR082C,342,521,304.6512824591031,203.6746414,not_preferentially_represent,YJR082C,52,13.013387522413684,38.162426751946285,not_preferentially_represent
YER013W,3438,5018,2934.2421024563896,195.1417196,not_preferentially_represent,YER013W,42,10.510812998872591,3.058135873980969,not_preferentially_represent
YER014W,1620,2319,1356.0198157824568,191.3864017,not_preferentially_represent,YER014W,59,14.765189688892448,9.119944217969394,not_preferentially_represent
YLR242C,966,1382,808.1153020316324,191.2741408,not_preferentially_represent,YLR242C,39,9.760040641810262,10.114031753171256,not_preferentially_represent
YER012W,597,829,484.7522325500891,185.6545266,not_preferentially_represent,YER012W,144,36.03707313899174,60.464887817100234,not_preferentially_represent
YDR193W,399,554,323.94781282599445,185.6360044,not_preferentially_represent,YDR193W,6,1.5015447141246556,3.772725412373507,not_preferentially_represent
YOR305W,729,999,584.1586011068023,183.2159602,not_preferentially_represent,YOR305W,11,2.752831975895202,3.7813626042516515,not_preferentially_represent
YDR503C,825,1127,659.0057491965626,182.6397528,not_preferentially_represent,YDR503C,83,20.771368545391073,25.207971535668776,not_preferentially_represent
YJL196C,933,1271,743.2087907975431,182.1332553,not_preferentially_represent,YJL196C,577,144.39855000832108,154.93406653253334,not_preferentially_represent
YGR155W,1524,2066,1208.0797496362895,181.2469443,not_preferentially_represent,YGR155W,1917,479.74353616282747,314.9990388462426,not_preferentially_represent
YDL063C,1863,2515,1470.6295112949024,180.4888915,not_preferentially_represent,YDL063C,92,23.023685616578053,12.365029869268557,not_preferentially_represent
YGL130W,1380,1847,1080.020957201465,178.9423565,not_preferentially_represent,YGL130W,317,79.33161239625265,57.528362868928674,not_preferentially_represent
YDR246W-A,201,269,157.29595965738716,178.9293424,not_preferentially_represent,YDR246W-A,6,1.5015447141246556,7.507723570623279,not_preferentially_represent
YMR044W,1428,1911,1117.4445312463454,178.9195605,not_preferentially_represent,YMR044W,46,11.511842808289027,8.067163846032955,not_preferentially_represent
YMR234W,1047,1393,814.547478820596,177.8810883,not_preferentially_represent,YMR234W,26,6.506693761206842,6.2205485288784335,not_preferentially_represent
YDR246W,660,878,513.4046564282005,177.8590317,not_preferentially_represent,YDR246W,96,24.02471542599449,36.456320828519715,not_preferentially_represent
YOR021C,642,843,492.9386393724066,175.5568945,not_preferentially_represent,YOR021C,527,131.8856773906156,205.7498867248293,not_preferentially_represent
YGR052W,1110,1455,850.8015661765738,175.2529583,not_preferentially_represent,YGR052W,15,3.7538617853116394,3.3849069299473755,not_preferentially_represent
YHL019C,1818,2365,1382.9180096272146,173.9252392,not_preferentially_represent,YHL019C,42,10.510812998872591,17.72481112794703,not_preferentially_represent
YLR037C,375,469,274.2446285476379,167.2117985,not_preferentially_represent,YLR037C,2,0.5005149047082186,1.3382751462786593,not_preferentially_represent
YER014C-A,970,1200,701.6920133415042,165.3997523,not_preferentially_represent,YER014C-A,32,8.008238475331497,8.264435991054176,not_preferentially_represent
YPR199C,885,1091,637.9549887963176,164.8188285,not_preferentially_represent,YPR199C,102,25.52626014011915,28.87585988701261,not_preferentially_represent
YHL019W-A,594,730,426.86264144941504,164.3091535,not_preferentially_represent,YHL019W-A,20,5.005149047082186,8.440386251403348,not_preferentially_represent
YJR083C,930,1138,665.4379259855264,163.6005113,not_preferentially_represent,YJR083C,40,10.010298094164373,10.775347787044533,not_preferentially_represent
YPL268W,2610,3126,1827.9076947546184,160.1304077,not_preferentially_represent,YPL268W,34,8.508753380039716,3.2613083097124247,not_preferentially_represent
YER011W,765,913,533.8706734839943,159.5639158,not_preferentially_represent,YER011W,18,4.504634142373967,5.896117987400481,not_preferentially_represent
YIL144W,2076,2451,1433.2059372500223,157.8488075,not_preferentially_represent,YIL144W,15,3.7538617853116394,1.8090900170176576,not_preferentially_represent
YLR165C,765,899,525.6842666616769,157.1171525,not_preferentially_represent,YLR165C,13,3.253346880603421,4.258307435344792,not_preferentially_represent
YLR043C,312,366,214.01606406915874,156.8381947,not_preferentially_represent,YLR043C,878,219.72604316690797,706.5146082537233,not_preferentially_represent
YPL171C,1203,1399,818.0559388873036,155.4810376,not_preferentially_represent,YPL171C,23,5.755921404144513,4.788620136559495,not_preferentially_represent
YNL259C,222,258,150.8637828684234,155.3789115,not_preferentially_represent,YNL259C,98,24.525230330702712,110.97389289910728,not_preferentially_represent
YDR190C,1392,1611,942.0215279109693,154.7325377,not_preferentially_represent,YDR190C,300,75.07723570623278,53.97356988226656,not_preferentially_represent
YDL062W,426,493,288.278468814468,154.7257738,not_preferentially_represent,YDL062W,5,1.2512872617705466,2.9442053218130506,not_preferentially_represent
YHR054W-A,195,224,130.98250915708078,153.5814453,not_preferentially_represent,YHR054W-A,1794,448.96186952327207,2314.236440841609,not_preferentially_represent
YDR189W,2001,2293,1340.8164888267243,153.2083055,not_preferentially_represent,YDR189W,80,20.020596188328746,10.010298094164371,not_preferentially_represent
YIL075C,2838,3241,1895.1531793665124,152.6834565,not_preferentially_represent,YIL075C,231,57.80947149379924,20.376972680225325,not_preferentially_represent
YPL175W,1459,1663,972.4281818224345,152.3920462,not_preferentially_represent,YPL175W,130,32.53346880603421,22.313764613192188,not_preferentially_represent
YGL145W,2106,2400,1403.3840266830084,152.3625449,not_preferentially_represent,YGL145W,21,5.255406499436296,2.4966301660029906,not_preferentially_represent
YDL065C,1029,1172,685.3191996968691,152.2781458,not_preferentially_represent,YDL065C,17,4.254376690019858,4.138498725700251,not_preferentially_represent
YDR192C,1293,1466,857.2337429655377,151.5865918,not_preferentially_represent,YDR192C,71,17.76827911714176,13.75253801636359,not_preferentially_represent
YDR022C,591,670,391.7780407823398,151.5697956,not_preferentially_represent,YDR022C,13,3.253346880603421,5.514147255260035,not_preferentially_represent
YPR200C,393,444,259.62604493635655,151.0482726,not_preferentially_represent,YPR200C,6,1.5015447141246556,3.8304712095016726,not_preferentially_represent
YHL011C,963,1084,633.8617853851587,150.4971717,not_preferentially_represent,YHL011C,693,173.42841448139774,180.27901713243008,not_preferentially_represent
YHR055C,186,209,122.21135899031198,150.230698,not_preferentially_represent,YHR055C,1353,338.5983330351099,1830.2612596492424,not_preferentially_represent
YLR390W-A,717,801,468.379418905454,149.3615128,not_preferentially_represent,YLR390W-A,5358,1340.8794297133174,1872.7366336778177,not_preferentially_represent
YDR502C,1155,1266,740.2850740752868,146.5470446,not_preferentially_represent,YDR502C,825,206.46239819214014,178.91022373668991,not_preferentially_represent
YOR306C,1566,1712,1001.0806057005458,146.1629655,not_preferentially_represent,YOR306C,926,231.73840087990519,148.07565551431642,not_preferentially_represent
YPL052W,880,960,561.3536106732033,145.8525089,not_preferentially_represent,YPL052W,163,40.791964733719816,46.40724088022732,not_preferentially_represent
YDL118W,381,415,242.6684879472702,145.6292001,not_preferentially_represent,YDL118W,16,4.004119237665749,10.537155888594075,not_preferentially_represent
YDR505C,2526,2729,1595.7645870074705,144.4426783,not_preferentially_represent,YDR505C,73,18.268794021849978,7.235165949247516,not_preferentially_represent
YHL020C,1215,1287,752.5646843087633,141.6209855,not_preferentially_represent,YHL020C,142,35.53655823428352,29.272288496114925,not_preferentially_represent
YHR053C,186,197,115.19443885689694,141.605012,not_preferentially_represent,YHR053C,1275,319.07825175148935,1724.7473067648073,not_preferentially_represent
YDL031W,2988,3164,1850.127941843766,141.5732575,not_preferentially_represent,YDL031W,164,41.04222218607393,13.740281950476707,not_preferentially_represent
YIL076W,891,938,548.4892570952758,140.7506722,not_preferentially_represent,YIL076W,194,48.5499457566972,54.550500850221574,not_preferentially_represent
YHR155W,3687,3876,2266.4652030930583,140.5516583,not_preferentially_represent,YHR155W,50,12.512872617705465,3.394702283696545,not_preferentially_represent
YER132C,5262,5531,3234.215438159883,140.5329484,not_preferentially_represent,YER132C,96,24.02471542599449,4.566568223910757,not_preferentially_represent
YOR018W,2514,2584,1510.976802062039,137.4208338,not_preferentially_represent,YOR018W,44,11.011327903580808,4.381746081806927,not_preferentially_represent
YOR298C-A,456,467,273.0751418587354,136.9233074,not_preferentially_represent,YOR298C-A,487,121.87537929645123,267.85797647571695,not_preferentially_represent
YPR120C,1308,1329,777.1239047757158,135.8446628,not_preferentially_represent,YPR120C,47,11.762100260643136,8.999311599573938,not_preferentially_represent
YDR191W,1113,1124,657.251519163209,135.0194983,not_preferentially_represent,YDR191W,35,8.759010832393825,7.8768083025124325,not_preferentially_represent
YER175W-A,165,166,97.06739517890807,134.5084249,not_preferentially_represent,YER175W-A,3,0.7507723570623278,4.577880225989804,not_preferentially_represent
YHR052W-A,195,196,114.60969551244568,134.3837646,not_preferentially_represent,YHR052W-A,1859,465.22860392628917,2398.0855872489133,not_preferentially_represent
YDL160C-A,243,243,142.0926327016546,133.6981331,not_preferentially_represent,YDL160C-A,48,12.012357712997245,49.63784178924482,not_preferentially_represent
YDR245W,1182,1178,688.8276597635765,133.245686,not_preferentially_represent,YDR245W,658,164.66940364900393,139.43217921168832,not_preferentially_represent
YCR041W,333,330,192.96530366891363,132.4936455,not_preferentially_represent,YCR041W,16,4.004119237665749,12.06060011345105,not_preferentially_represent
YPR121W,1719,1702,995.2331722560333,132.3759294,not_preferentially_represent,YPR121W,32,8.008238475331497,4.6613728028704875,not_preferentially_represent
YOR297C,579,573,335.05793637056826,132.3126603,not_preferentially_represent,YOR297C,144,36.03707313899174,62.34787740309989,not_preferentially_represent
YNL138W-A,380,376,219.86349751367132,132.2907844,not_preferentially_represent,YNL138W-A,52,13.013387522413684,34.3361148348646,not_preferentially_represent
YMR094W,1437,1410,824.4881156762674,131.1860597,not_preferentially_represent,YMR094W,15,3.7538617853116394,2.6141098783507237,not_preferentially_represent
YBR296C-A,120,117,68.41497130079665,130.3556798,not_preferentially_represent,YBR296C-A,1,0.2502574523541093,2.103003801295036,not_preferentially_represent
YHL044W,708,687,401.7186776380111,129.7325106,not_preferentially_represent,YHL044W,33,8.258495927685606,11.681040916104111,not_preferentially_represent
YGL144C,2058,1985,1160.7155387357382,128.9556824,not_preferentially_represent,YGL144C,67,16.767249307725322,8.15131225460638,not_preferentially_represent
YML053C,639,614,359.0324134930696,128.4673768,not_preferentially_represent,YML053C,23,5.755921404144513,9.02182038267165,not_preferentially_represent
YLR083C,2004,1923,1124.4614513797603,128.2941667,not_preferentially_represent,YLR083C,1921,480.74456597224395,240.01226458923813,not_preferentially_represent
YOR298W,1440,1375,804.0220986204735,127.663148,not_preferentially_represent,YOR298W,12,3.0030894282493112,2.0869280251906264,not_preferentially_represent
YIL090W,1476,1398,817.4711955428523,126.6327846,not_preferentially_represent,YIL090W,427,106.85993215520467,72.44741163064724,not_preferentially_represent
YDR506C,1827,1717,1004.0043224228021,125.6484371,not_preferentially_represent,YDR506C,24,6.0061788564986225,3.289254576395741,not_preferentially_represent
YER015W,2235,2097,1226.2067933142785,125.4429464,not_preferentially_represent,YER015W,81,20.270853640682855,9.073793035220614,not_preferentially_represent
YGR046W,1158,1083,633.2770420407076,125.0389276,not_preferentially_represent,YGR046W,36,9.009268284747934,7.7867487335764345,not_preferentially_represent
YDR188W,1641,1534,896.9962903882227,124.9804608,not_preferentially_represent,YDR188W,853,213.46960685805522,412.1034881429637,not_preferentially_represent
YDR183C-A,258,241,140.92314601275208,124.8885662,not_preferentially_represent,YDR183C-A,4,1.0010298094164372,3.8950576241884716,not_preferentially_represent
YKL182W,6156,5746,3359.9352572169023,124.7936116,not_preferentially_represent,YKL182W,2820,705.7260156385883,114.65897898271132,not_preferentially_represent
YBR120C,489,455,266.0582217253203,124.4021484,not_preferentially_represent,YBR120C,16,4.004119237665749,8.205162372265878,not_preferentially_represent
YIL089W,618,569,332.7189629927632,123.0974721,not_preferentially_represent,YIL089W,20,5.005149047082186,8.112073009857676,not_preferentially_represent
YMR109W,3660,3361,1965.3223807006627,122.7757993,not_preferentially_represent,YMR109W,139,34.78578587722119,9.506910597764742,not_preferentially_represent
YLR036C,612,562,328.6257595816045,122.7750831,not_preferentially_represent,YLR036C,38,9.509783189456153,15.564293272432328,not_preferentially_represent
YML097C,1356,1245,728.0054638418105,122.7538169,not_preferentially_represent,YML097C,28,7.007208665915059,5.171371709162406,not_preferentially_represent
YER131W,721,661,386.51535068227855,122.5720749,not_preferentially_represent,YER131W,4402,1101.633305262789,1530.0462573094294,not_preferentially_represent
YPR196W,1413,1292,755.4884010310195,122.2491069,not_preferentially_represent,YPR196W,15,3.7538617853116394,2.6585423408722657,not_preferentially_represent
YMR042W,534,488,285.3547520922117,122.1810655,not_preferentially_represent,YMR042W,112,28.028834663660238,52.58693182675467,not_preferentially_represent
YDR079C-A,219,200,116.94866889025069,122.0987517,not_preferentially_represent,YDR079C-A,57,14.264674784184228,65.43428800084509,not_preferentially_represent
YGL129C,1353,1232,720.4038003639442,121.7413895,not_preferentially_represent,YGL129C,117,29.280121925430787,21.656894915259457,not_preferentially_represent
YLL004W,1851,1679,981.7840753336545,121.2745357,not_preferentially_represent,YLL004W,31,7.757981022977387,4.193503255663453,not_preferentially_represent
YLR396C,2076,1872,1094.6395408127464,120.5601663,not_preferentially_represent,YLR396C,40,10.010298094164373,4.82424004538042,not_preferentially_represent
YER102W,970,872,509.8961963614931,120.1904867,not_preferentially_represent,YER102W,10978,2747.326311943412,2835.2180721810237,not_preferentially_represent
YLR023C,1632,1465,856.6489996210863,120.0170129,not_preferentially_represent,YLR023C,121,30.281151734847224,18.56600351615403,not_preferentially_represent
YHL021C,1398,1254,733.2681539418719,119.9266516,not_preferentially_represent,YHL021C,376,94.09680208514509,67.35633649616685,not_preferentially_represent
YMR020W,1527,1368,799.9288952093148,119.7767165,not_preferentially_represent,YMR020W,112,28.028834663660238,18.36751943883371,not_preferentially_represent
YDR247W,1386,1233,720.9885437083955,118.9392483,not_preferentially_represent,YDR247W,88,22.022655807161616,15.900834517806222,not_preferentially_represent
YHL035C,4779,4248,2483.9897272289245,118.842785,not_preferentially_represent,YHL035C,45,11.261585355934917,2.3569663783873835,not_preferentially_represent
YDR292C,1866,1655,967.7502350668245,118.5800699,not_preferentially_represent,YDR292C,108,27.027804854243804,14.492120565278178,not_preferentially_represent
YDR021W,1200,1063,621.5821751516825,118.4342629,not_preferentially_represent,YDR021W,27,6.756951213560951,5.63548891873307,not_preferentially_represent
YHR152W,522,460,268.9819384475766,117.8182783,not_preferentially_represent,YHR152W,31,7.757981022977387,14.890558585369266,not_preferentially_represent
YDR186C,2634,2305,1347.8334089601392,116.9985562,not_preferentially_represent,YDR186C,115,28.779607020722565,10.930348279803482,not_preferentially_represent
YDL161W,1365,1190,695.8445798969916,116.5573468,not_preferentially_represent,YDL161W,43,10.7610704512267,30.227725986591853,not_preferentially_represent
YNL136W,1278,1098,642.0481922074763,114.8674102,not_preferentially_represent,YNL136W,33,8.258495927685606,6.467107226065471,not_preferentially_represent
YLR024C,5619,4823,2820.2171502883953,114.7581591,not_preferentially_represent,YLR024C,22,5.505663951790404,0.9800042634016384,not_preferentially_represent
YMR095C,675,579,338.5663964372757,114.6832875,not_preferentially_represent,YMR095C,32,8.008238475331497,11.881659458948809,not_preferentially_represent
YDR319C,825,707,413.4135445270362,114.5752486,not_preferentially_represent,YDR319C,126,31.532438996617774,38.26752305414778,not_preferentially_represent
YJR090C,3456,2949,1724.4081227867464,114.0844313,not_preferentially_represent,YJR090C,60,15.015447141246558,4.346004961286992,not_preferentially_represent
YBL039W-B,180,153,89.46573170104178,113.6434132,not_preferentially_represent,YBL039W-B,9,2.2523170711869835,12.582776934005494,not_preferentially_represent
YHR054C,1065,903,528.0232400394818,113.3609523,not_preferentially_represent,YHR054C,26,6.506693761206842,6.115313685344776,not_preferentially_represent
YDR187C,519,439,256.70232821410025,113.0895577,not_preferentially_represent,YDR187C,111,27.778577211306132,53.62659693302342,not_preferentially_represent
YEL008W,381,322,188.2873569133036,112.9942228,not_preferentially_represent,YEL008W,12,3.0030894282493112,7.902866916445556,not_preferentially_represent
YDR501W,1566,1323,773.6154447090083,112.9518711,not_preferentially_represent,YDR501W,31,7.757981022977387,4.9571763725095135,not_preferentially_represent
YBR141W-A,96,81,47.36421090055153,112.8077998,not_preferentially_represent,YBR141W-A,3,0.7507723570623278,7.902866916445556,not_preferentially_represent
YMR257C,2403,2014,1177.6730957248244,112.054948,not_preferentially_represent,YMR257C,16,4.004119237665749,1.6669938541489377,not_preferentially_represent
YHL034W-A,462,387,226.2956743026351,111.9938908,not_preferentially_represent,YHL034W-A,429,107.36044705991289,232.88600229916028,not_preferentially_represent
YNL260C,597,498,291.20218553672424,111.5270859,not_preferentially_represent,YNL260C,70,17.51802166478765,29.39265379997928,not_preferentially_represent
YOR300W,309,257,150.27903952397213,111.1987709,not_preferentially_represent,YOR300W,4,1.0010298094164372,3.2500967838196013,not_preferentially_represent
YBR121C,2004,1662,971.8434384779832,110.8813859,not_preferentially_represent,YBR121C,1901,475.7394169251617,237.5134383051232,not_preferentially_represent
YHR153C,597,495,289.44795550337045,110.855236,not_preferentially_represent,YHR153C,11,2.752831975895202,4.618845597139601,not_preferentially_represent
YGR053C,852,705,412.2440578381337,110.6304975,not_preferentially_represent,YGR053C,3,0.7507723570623278,0.8822236863247096,not_preferentially_represent
YJL198W,2646,2186,1278.24895097044,110.4550715,not_preferentially_represent,YJL198W,613,153.40781829306897,57.99917515806011,not_preferentially_represent
YNL297C,4911,4033,2358.269908171905,109.79527,not_preferentially_represent,YNL297C,66,16.516991855371213,3.363949461379066,not_preferentially_represent
YGR156W,1278,1049,613.3957683293648,109.7412689,not_preferentially_represent,YGR156W,80,20.020596188328746,15.677835699552658,not_preferentially_represent
YDR031W,366,300,175.42300333537605,109.5886337,not_preferentially_represent,YDR031W,62,15.515962045954774,42.509485057410345,not_preferentially_represent
YLR394W,1449,1181,690.5818897969303,108.969976,not_preferentially_represent,YLR394W,32,8.008238475331497,5.530551433239984,not_preferentially_represent
YDR080W,2979,2426,1418.587353638741,108.8793793,not_preferentially_represent,YDR080W,14,3.5036043329575297,1.1764957464598824,not_preferentially_represent
YMR316C-A,312,254,148.52480949061837,108.843993,not_preferentially_represent,YMR316C-A,62,15.515962045954774,49.89055320242693,not_preferentially_represent
YJR080C,1185,962,562.5230973621058,108.5380625,not_preferentially_represent,YJR080C,91,22.773428164223944,19.234314327891845,not_preferentially_represent
YMR021C,1254,1016,594.0992379624735,108.3232084,not_preferentially_represent,YMR021C,72,18.01853656949587,14.38031649600628,not_preferentially_represent
YDR185C,540,437,255.53284152519777,108.1964522,not_preferentially_represent,YDR185C,55,13.764159879476011,25.53647473001115,not_preferentially_represent
YBR119W,986,794,464.2862154942953,107.6636082,not_preferentially_represent,YBR119W,25,6.256436308852733,6.351711988682977,not_preferentially_represent
YMR018W,1545,1229,718.6495703305904,106.3527545,not_preferentially_represent,YMR018W,1,0.2502574523541093,0.1620838421982573,not_preferentially_represent
YDR497C,1755,1394,815.1322221650473,106.1966938,not_preferentially_represent,YDR497C,2909,727.9989288981039,415.050700626057,not_preferentially_represent
YIL072W,1818,1443,843.7846460431588,106.1201354,not_preferentially_represent,YIL072W,27,6.756951213560951,3.7187403486851682,not_preferentially_represent
YFL008W,3678,2918,1706.2810791087575,106.0715477,not_preferentially_represent,YFL008W,35,8.759010832393825,2.3821079228702273,not_preferentially_represent
YOR218C,420,333,194.7195337022674,106.0035199,not_preferentially_represent,YOR218C,24,6.0061788564986225,14.334555743433468,not_preferentially_represent
YLR162W-A,189,149,87.12675832323677,105.402232,not_preferentially_represent,YLR162W-A,5,1.2512872617705466,6.6557833072901404,not_preferentially_represent
YPL119C,1854,1461,854.3100262432813,105.3575904,not_preferentially_represent,YPL119C,23,5.755921404144513,21.885632715378378,not_preferentially_represent
YLR393W,840,661,386.51535068227855,105.2076976,not_preferentially_represent,YLR393W,18,4.504634142373967,5.369051421184705,not_preferentially_represent
YDR248C,582,454,265.47347838086904,104.2937327,not_preferentially_represent,YDR248C,47,11.762100260643136,20.24457876186426,not_preferentially_represent
YDL032W,312,243,142.0926327016546,104.1302768,not_preferentially_represent,YDL032W,4,1.0010298094164372,3.218745367898512,not_preferentially_represent
YMR022W,498,387,226.2956743026351,103.8979468,not_preferentially_represent,YMR022W,217,54.30586716084172,109.2673383517942,not_preferentially_represent
YML098W,504,391,228.63464768044008,103.7221628,not_preferentially_represent,YML098W,82,20.521111093036964,40.79743756070967,not_preferentially_represent
YLR164W,507,393,229.8041343693426,103.635831,not_preferentially_represent,YLR164W,25,6.256436308852733,12.364498634096309,not_preferentially_represent
YCR038C,1929,1493,873.0218132657214,103.4791668,not_preferentially_represent,YCR038C,24,6.0061788564986225,3.1152379961092445,not_preferentially_represent
YDR318W,1190,921,538.5486202396044,103.475614,not_preferentially_represent,YDR318W,35,8.759010832393825,7.366703811937616,not_preferentially_represent
YCR066W,1464,1133,662.5142092632701,103.469935,not_preferentially_represent,YCR066W,36,9.009268284747934,6.158078116710823,not_preferentially_represent
YIL145C,930,713,416.9220045937437,102.5019021,not_preferentially_represent,YIL145C,462,115.61894298759849,124.45526694036437,not_preferentially_represent
YDL066W,1287,975,570.1247608399722,101.2864645,not_preferentially_represent,YDL066W,554,138.64262860417654,107.80919798147477,not_preferentially_represent
YDR500C,656,496,290.0326988478217,101.0888324,not_preferentially_represent,YDR500C,3169,793.0658665101723,1210.7875824582784,not_preferentially_represent
YML096W,1578,1186,693.5056065191866,100.4854157,not_preferentially_represent,YML096W,58,14.514932236538339,9.204142191844223,not_preferentially_represent
YDL119C,924,693,405.22713770471864,100.2735999,not_preferentially_represent,YDL119C,68,17.01750676007943,18.437168754148896,not_preferentially_represent
YOR299W,2241,1679,981.7840753336545,100.1691948,not_preferentially_represent,YOR299W,194,48.5499457566972,21.674082927096965,not_preferentially_represent
YDL061C,592,443,259.04130159190527,100.0477584,not_preferentially_represent,YDL061C,2845,711.982451947441,1204.7080405202046,not_preferentially_represent
YJR079W,1035,770,450.25237522746517,99.46624398,not_preferentially_represent,YJR079W,76,19.019566378912305,18.394164776510934,not_preferentially_represent
YGL128C,852,632,369.5577936931922,99.17514102,not_preferentially_represent,YGL128C,25,6.256436308852733,7.351864052705913,not_preferentially_represent
YDR194C,1995,1467,857.8184863099888,98.31336407,not_preferentially_represent,YDR194C,91,22.773428164223944,11.420977013151427,not_preferentially_represent
YDL033C,1254,922,539.1333635840557,98.30117924,not_preferentially_represent,YDL033C,54,13.513902427121902,10.78523737200471,not_preferentially_represent
YOR232W,687,502,293.54115891452926,97.69499686,not_preferentially_represent,YOR232W,392,98.10092132281085,143.00425848806245,not_preferentially_represent
YDR184C,885,646,377.74420051550976,97.59208363,not_preferentially_represent,YDR184C,45,11.261585355934917,12.739349950152622,not_preferentially_represent
YNL261W,1440,1045,611.0567949515599,97.02399246,not_preferentially_represent,YNL261W,61,15.265704593600665,10.608550794719017,not_preferentially_represent
YMR290W-A,348,252,147.35532280171586,96.81588952,not_preferentially_represent,YMR290W-A,39,9.760040641810262,28.126918276110267,not_preferentially_represent
YDL067C,180,130,76.01663477866296,96.55976283,not_preferentially_represent,YDL067C,316,79.08135494389853,441.7952790161929,not_preferentially_represent
YOR078W,645,461,269.56668179202785,95.55789051,not_preferentially_represent,YOR078W,38,9.509783189456153,14.766744083006449,not_preferentially_represent
YCR042C,4224,3013,1761.8316968316267,95.36753674,not_preferentially_represent,YCR042C,51,12.763130070059574,3.022289857935016,not_preferentially_represent
YDL245C,1704,1215,710.4631635082729,95.33053508,not_preferentially_represent,YDL245C,14,3.5036043329575297,2.0573131726115856,not_preferentially_represent
YMR110C,1599,1132,661.9294659188189,94.65058582,not_preferentially_represent,YMR110C,186,46.547886137864324,29.12883988602273,not_preferentially_represent
YDR032C,597,422,246.76169135842898,94.50688809,not_preferentially_represent,YDR032C,571,142.89700529419642,239.76007599697382,not_preferentially_represent
YLR397C,2343,1645,961.9028016223119,93.86830091,not_preferentially_represent,YLR397C,346,86.58907851452182,36.9722794681989,not_preferentially_represent
YPL170W,459,322,188.2873569133036,93.79259014,not_preferentially_represent,YPL170W,146,36.537588043699955,79.7763931085152,not_preferentially_represent
YHR156C,1023,717,419.2609779715487,93.70631619,not_preferentially_represent,YHR156C,25,6.256436308852733,6.1217576407560985,not_preferentially_represent
YGL194C-A,243,170,99.40636855671309,93.53367339,not_preferentially_represent,YGL194C-A,21,5.255406499436296,21.716555782794607,not_preferentially_represent
YIL077C,963,672,392.9475274712423,93.29713964,not_preferentially_represent,YIL077C,46,11.511842808289027,11.96657256578901,not_preferentially_represent
YBR122C,534,372,217.52452413586627,93.13802534,not_preferentially_represent,YBR122C,172,43.0442818049068,80.75850244823039,not_preferentially_represent
YML063W,768,534,312.25294593696935,92.9619832,not_preferentially_represent,YML063W,15560,3894.0059586299403,5076.93084567137,preferentially_represented
YDR023W,1389,954,557.8451506064957,91.82722752,not_preferentially_represent,YDR023W,616,154.15859065013132,111.06526703899951,not_preferentially_represent
YGL133W,3795,2602,1521.5021822621613,91.66865414,not_preferentially_represent,YGL133W,75,18.769308926558196,4.947103038101791,not_preferentially_represent
YAL041W,2565,1725,1008.6822691784123,89.91394919,not_preferentially_represent,YAL041W,37,9.259525737102043,3.611359491849471,not_preferentially_represent
YOR076C,2244,1509,882.3777067769415,89.90663232,not_preferentially_represent,YOR076C,23,5.755921404144513,2.5661709336355387,not_preferentially_represent
YML095C,633,425,248.51592139178274,89.76572921,not_preferentially_represent,YML095C,22,5.505663951790404,8.71149359460507,not_preferentially_represent
YHL034C,885,594,347.3375466040446,89.73637411,not_preferentially_represent,YHL034C,911,227.98453909459357,494.54346875182983,not_preferentially_represent
YDR325W,3108,2084,1218.6051298364123,89.64829777,not_preferentially_represent,YDR325W,22,5.505663951790404,1.772019295716255,not_preferentially_represent
YIL091C,2166,1451,848.4625927987688,89.56416953,not_preferentially_represent,YIL091C,129,32.283211353680095,14.911414020175565,not_preferentially_represent
YPL043W,2058,1375,804.0220986204735,89.326984,not_preferentially_represent,YPL043W,134,33.534498615450644,61.19434053914351,not_preferentially_represent
YNL024C-A,219,146,85.372528289883,89.13208876,not_preferentially_represent,YNL024C-A,107,26.777547401889695,122.83278624720043,not_preferentially_represent
YPL238C,390,258,150.8637828684234,88.44645731,not_preferentially_represent,YPL238C,1047,262.0195526147524,673.5721146908803,not_preferentially_represent
YOR073W-A,234,154,90.05047504549303,87.98936968,not_preferentially_represent,YOR073W-A,3,0.7507723570623278,3.222198957349047,not_preferentially_represent
YDR029W,315,207,121.04187230140947,87.85877321,not_preferentially_represent,YDR029W,6,1.5015447141246556,4.78198953542884,not_preferentially_represent
YBL088C,8364,5484,3206.732500970674,87.66147324,not_preferentially_represent,YBL088C,41,10.260555546518482,1.2268989054787134,not_preferentially_represent
YLR423C,1254,819,478.90479910557656,87.31959414,not_preferentially_represent,YLR423C,8,2.0020596188328743,1.5978129440006978,not_preferentially_represent
YLR044C,1692,1103,644.9719089297325,87.15664353,not_preferentially_represent,YLR044C,67108,16794.277112579566,9931.565412524877,preferentially_represented
YGL143C,1242,808,472.4726223166128,86.97913976,not_preferentially_represent,YGL143C,58,14.514932236538339,11.696158127750474,not_preferentially_represent
YPR071W,636,413,241.49900125836768,86.81969967,not_preferentially_represent,YPR071W,58,14.514932236538339,33.91339307602416,not_preferentially_represent
YDL074C,2103,1358,794.0814617648022,86.33479069,not_preferentially_represent,YDL074C,55,13.764159879476011,6.548125537333973,not_preferentially_represent
YMR284W,1809,1168,682.980226319064,86.32361499,not_preferentially_represent,YMR284W,19,4.754891594728076,2.6299179174380956,not_preferentially_represent
YFL038C,621,400,233.89733778050137,86.11796016,not_preferentially_represent,YFL038C,957,239.4963819028826,386.2844869401332,not_preferentially_represent
YOR022C,2148,1383,808.7000453760835,86.08217791,not_preferentially_represent,YOR022C,22,5.505663951790404,2.564352096781744,not_preferentially_represent
YBR294W,2580,1660,970.6739517890808,86.02282985,not_preferentially_represent,YBR294W,32,8.008238475331497,3.1051719563131046,not_preferentially_represent
YEL007W,2001,1279,747.8867375531532,85.45722753,not_preferentially_represent,YEL007W,159,39.79093492430338,19.89546746215169,not_preferentially_represent
YER032W,2631,1681,982.9535620225571,85.42248644,not_preferentially_represent,YER032W,62,15.515962045954774,5.8996053406672155,not_preferentially_represent
YPR201W,1215,776,453.7608352941727,85.39074183,not_preferentially_represent,YPR201W,7,1.7518021664787649,1.443000137132426,not_preferentially_represent
YDR182W-A,204,130,76.01663477866296,85.19979073,not_preferentially_represent,YDR182W-A,1,0.2502574523541093,1.2327953317936418,not_preferentially_represent
YMR269W,636,404,236.2363111583064,84.92774495,not_preferentially_represent,YMR269W,17,4.254376690019858,6.699805811054895,not_preferentially_represent
YPL169C,1800,1143,668.3616427077827,84.89831455,not_preferentially_represent,YPL169C,180,45.04634142373967,25.039656155497315,not_preferentially_represent
YMR256C,183,116,67.8302279563454,84.74854342,not_preferentially_represent,YMR256C,146,36.537588043699955,200.75597826208767,not_preferentially_represent
YAL042C-A,378,239,139.75365932384958,84.53400482,not_preferentially_represent,YAL042C-A,233,58.30998639850746,154.66839893503305,not_preferentially_represent
YLR285C-A,171,107,62.56753785628411,83.65906577,not_preferentially_represent,YLR285C-A,19,4.754891594728076,27.969950557223978,not_preferentially_represent
YPR119W,1476,922,539.1333635840557,83.51604252,not_preferentially_represent,YPR119W,31,7.757981022977387,5.259648151171111,not_preferentially_represent
YAL042W,1248,772,451.4218619163677,82.7042939,not_preferentially_represent,YAL042W,1224,306.3151216814298,812.5069540621479,not_preferentially_represent
YDR291W,3234,1989,1163.054512113543,82.22807261,not_preferentially_represent,YDR291W,47,11.762100260643136,3.638138032985814,not_preferentially_represent
YLR273C,1947,1195,698.7682966192478,82.05920345,not_preferentially_represent,YLR273C,6,1.5015447141246556,0.771605711266524,not_preferentially_represent
YBR295W,3651,2237,1308.070861537454,81.91802899,not_preferentially_represent,YBR295W,188,47.04840104257254,12.88997288837604,not_preferentially_represent
YDL034W,345,211,123.38084567921449,81.76900317,not_preferentially_represent,YDL034W,3,0.7507723570623278,2.18247778215793,not_preferentially_represent
YBR260C,2001,1218,712.2173935416267,81.38147235,not_preferentially_represent,YBR260C,75,18.769308926558196,9.384654463279098,not_preferentially_represent
YOR079C,942,573,335.05793637056826,81.32593449,not_preferentially_represent,YOR079C,205,51.3027777325924,54.51942373282934,not_preferentially_represent
YOL097W-A,186,113,66.07599792299165,81.22520992,not_preferentially_represent,YOL097W-A,6,1.5015447141246556,8.116457914187329,not_preferentially_represent
YKR088C,1014,615,359.6171568375209,81.08910442,not_preferentially_represent,YKR088C,311,77.83006768212799,76.83126128541755,not_preferentially_represent
YLR392C,1557,943,551.412973817532,80.97452765,not_preferentially_represent,YLR392C,26,6.506693761206842,4.181679795120078,not_preferentially_represent
YNL024C,741,448,261.96501831416157,80.83233961,not_preferentially_represent,YNL024C,79,19.770338735974633,90.68962722924144,not_preferentially_represent
YOR307C,1362,821,480.0742857944791,80.59189964,not_preferentially_represent,YOR307C,153,38.28939021017872,31.69651507465126,not_preferentially_represent
YCR065W,1695,1020,596.4382113402785,80.45551375,not_preferentially_represent,YCR065W,168,42.043251995490365,24.81892089462241,not_preferentially_represent
YLL055W,1596,959,560.768867328752,80.33615895,not_preferentially_represent,YLL055W,57,14.264674784184228,8.94336977064842,not_preferentially_represent
YDR030C,1521,911,532.7011867950919,80.07823754,not_preferentially_represent,YDR030C,18,4.504634142373967,2.9635750936670835,not_preferentially_represent
YBR262C,321,192,112.27072213464066,79.96897684,not_preferentially_represent,YBR262C,109,27.278062306597914,85.24394470811848,not_preferentially_represent
YKR087C,1038,620,362.54087355977714,79.85822982,not_preferentially_represent,YKR087C,91,22.773428164223944,21.960875761064557,not_preferentially_represent
YFL037W,1374,820,479.4895424500278,79.79073448,not_preferentially_represent,YFL037W,1257,314.5736176091154,229.11406963518965,not_preferentially_represent
YMR041C,1008,598,349.67651998184954,79.31694804,not_preferentially_represent,YMR041C,72,18.01853656949587,17.893283584405033,not_preferentially_represent
YJL188C,309,183,107.00803203457937,79.18044779,not_preferentially_represent,YJL188C,3780,945.9731698985331,3071.3414607095233,not_preferentially_represent
YPR070W,1701,1007,588.8365478624122,79.14992362,not_preferentially_represent,YPR070W,26,6.506693761206842,3.8274669183569654,not_preferentially_represent
YMR209C,1374,813,475.3963390388691,79.10959407,not_preferentially_represent,YMR209C,147,36.78784549605407,26.793769480010244,not_preferentially_represent
YOR195W,2466,1455,850.8015661765738,78.88515155,not_preferentially_represent,YOR195W,8,2.0020596188328743,0.8121945715346346,not_preferentially_represent
YEL009C,846,498,291.20218553672424,78.70173795,not_preferentially_represent,YEL009C,2990,748.2697825387868,1838.5006941984934,not_preferentially_represent
YMR034C,1305,768,449.08288853856266,78.68211974,not_preferentially_represent,YMR034C,41,10.260555546518482,7.8685241921154,not_preferentially_represent
YOR231C-A,201,118,68.9997146452479,78.4894513,not_preferentially_represent,YOR231C-A,9,2.2523170711869835,11.261585355934917,not_preferentially_represent
YER069W,2592,1518,887.6403968770027,78.30006409,not_preferentially_represent,YER069W,225,56.30792677967459,130.64484171618236,not_preferentially_represent
YML007C-A,111,65,38.00831738933148,78.29169959,not_preferentially_represent,YML007C-A,3,0.7507723570623278,6.825203246021163,not_preferentially_represent
YHL043W,513,297,173.6687733020223,77.40418235,not_preferentially_represent,YHL043W,13,3.253346880603421,6.354193126178556,not_preferentially_represent
YER021W,1572,910,532.1164434506406,77.39522975,not_preferentially_represent,YER021W,236,59.06075875556979,37.594372218694964,not_preferentially_represent
YLR241W,2349,1359,794.6662051092535,77.35026094,not_preferentially_represent,YLR241W,299,74.82697825387868,31.86838937558717,not_preferentially_represent
YMR162C,4971,2874,1680.5523719529024,77.29801542,not_preferentially_represent,YMR162C,57,14.264674784184228,2.870155892189986,not_preferentially_represent
YJL199C,327,189,110.51649210128691,77.27506778,not_preferentially_represent,YJL199C,6,1.5015447141246556,4.605965380750478,not_preferentially_represent
YDR079W,336,194,113.44020882354317,77.19475545,not_preferentially_represent,YDR079W,63,15.766219498308887,47.06334178599667,not_preferentially_represent
YLR424W,2127,1227,717.480083641688,77.12628555,not_preferentially_represent,YLR424W,9,2.2523170711869835,1.059415367444489,not_preferentially_represent
YDR181C,1446,834,487.67594927234535,77.11220128,not_preferentially_represent,YDR181C,30,7.507723570623279,5.1956564502583245,not_preferentially_represent
YNR054C,951,547,319.85460941483564,76.90102926,not_preferentially_represent,YNR054C,121,30.281151734847224,31.87489656299708,not_preferentially_represent
YOR343C,327,188,109.93174875683566,76.86620499,not_preferentially_represent,YOR343C,3,0.7507723570623278,2.302982690375239,not_preferentially_represent
YBR296C,1725,991,579.4806543511922,76.80860867,not_preferentially_represent,YBR296C,147,36.78784549605407,21.338657480309784,not_preferentially_represent
YER130C,1332,765,447.3286585052089,76.78608998,not_preferentially_represent,YER130C,86,21.5221409024534,16.16990300710248,not_preferentially_represent
YOR233W,2403,1380,806.9458153427297,76.780451,not_preferentially_represent,YOR233W,177,44.29556906667734,18.441119511522626,not_preferentially_represent
YMR315W-A,108,62,36.25408735597771,76.75263199,not_preferentially_represent,YMR315W-A,5,1.2512872617705466,11.694273474491089,not_preferentially_represent
YLL003W,2841,1629,952.5469081110919,76.66112598,not_preferentially_represent,YLL003W,22,5.505663951790404,1.9386140675318326,not_preferentially_represent
YDR063W,450,258,150.8637828684234,76.65359634,not_preferentially_represent,YDR063W,105,26.277032497181477,58.52345767746431,not_preferentially_represent
YDL005C,1296,742,433.8795615828301,76.54630771,not_preferentially_represent,YDL005C,26,6.506693761206842,5.02447394687787,not_preferentially_represent
YDR498C,1152,659,385.34586399337604,76.48183137,not_preferentially_represent,YDR498C,99,24.77548778305682,21.525184867990287,not_preferentially_represent
YER033C,3231,1844,1078.2667271681114,76.30435083,not_preferentially_represent,YER033C,24,6.0061788564986225,1.8594980979871898,not_preferentially_represent
YOR075W,1041,594,347.3375466040446,76.28884831,not_preferentially_represent,YOR075W,9,2.2523170711869835,2.1656894915259457,not_preferentially_represent
YMR290C,1518,861,503.46401957252925,75.8327356,not_preferentially_represent,YMR290C,544,136.14005408063545,89.7429492950794,not_preferentially_represent
YDL104C,1224,693,405.22713770471864,75.69673715,not_preferentially_represent,YDL104C,37,9.259525737102043,7.571157593705678,not_preferentially_represent
YDR317W,1245,703,411.0745711492312,75.4938053,not_preferentially_represent,YDR317W,29,7.2574661182691695,5.833975979316053,not_preferentially_represent
YPL237W,858,484,283.0157787144067,75.41945972,not_preferentially_represent,YPL237W,2416,604.6220048875281,1554.2982130784783,not_preferentially_represent
YDL102W,3294,1858,1086.453133990429,75.41321536,not_preferentially_represent,YDL102W,63,15.766219498308887,4.787798207807132,not_preferentially_represent
YDR062W,1686,944,551.9977171619832,74.85826672,not_preferentially_represent,YDR062W,279,69.8218292067965,41.437287363083975,not_preferentially_represent
YBR293W,1425,794,464.2862154942953,74.49566156,not_preferentially_represent,YBR293W,125,31.28218154426366,21.967824118162685,not_preferentially_represent
YHL046C,363,202,118.1181555791532,74.39951211,not_preferentially_represent,YHL046C,1,0.2502574523541093,0.691318929154998,not_preferentially_represent
YDL163W,303,168,98.23688186781058,74.12965798,not_preferentially_represent,YDL163W,3,0.7507723570623278,2.4860011823255888,not_preferentially_represent
YLR432W,1572,867,506.9724796392367,73.73809252,not_preferentially_represent,YLR432W,2035,509.2739155406124,324.1718112925604,not_preferentially_represent
YOR077W,699,385,225.12618761373258,73.63917205,not_preferentially_represent,YOR077W,3,0.7507723570623278,1.0756050960778336,not_preferentially_represent
YMR093W,1542,849,496.4470994391142,73.61200716,not_preferentially_represent,YMR093W,381,95.34808934691564,61.87416570208672,not_preferentially_represent
YBR261C,699,383,223.95670092483007,73.25663089,not_preferentially_represent,YBR261C,270,67.5695121356095,96.80445864700502,not_preferentially_represent
YMR316C-B,309,169,98.82162521226184,73.12292719,not_preferentially_represent,YMR316C-B,11,2.752831975895202,8.937766155503903,not_preferentially_represent
YDL111C,798,435,254.36335483629523,72.8805613,not_preferentially_represent,YDL111C,318,79.58186984860676,99.851781491351,not_preferentially_represent
YOR234C,851,463,270.73616848093036,72.74058243,not_preferentially_represent,YOR234C,2353,588.8557853892191,692.7715122226108,not_preferentially_represent
YDR131C,1671,909,531.5317001061894,72.72986417,not_preferentially_represent,YDR131C,17,4.254376690019858,2.5475309521076994,not_preferentially_represent
YJL189W,542,294,171.9145432686685,72.52260359,not_preferentially_represent,YJL189W,2001,500.76516216057263,925.6287655463451,not_preferentially_represent
YML065W,2745,1485,868.3438665101114,72.32849826,not_preferentially_represent,YML065W,20,5.005149047082186,1.8240339092865108,not_preferentially_represent
YLR448W,915,493,288.278468814468,72.0362619,not_preferentially_represent,YLR448W,3820,955.9834679926976,1045.9337724208945,not_preferentially_represent
YDR249C,1122,604,353.1849800485571,71.97297007,not_preferentially_represent,YDR249C,71,17.76827911714176,15.85038279852075,not_preferentially_represent
YML064C,738,397,232.14310774714764,71.92162447,not_preferentially_represent,YML064C,54,13.513902427121902,18.336366929609092,not_preferentially_represent
YDR081C,2778,1484,867.7591231656602,71.42117696,not_preferentially_represent,YDR081C,37,9.259525737102043,3.334362886965086,not_preferentially_represent
YLR084C,3663,1953,1142.003751713298,71.28377124,not_preferentially_represent,YLR084C,96,24.02471542599449,6.56054490059926,not_preferentially_represent
YDR099W,1648,875,511.6504263948467,70.98656948,not_preferentially_represent,YDR099W,416,104.10710017930947,63.210139756714916,not_preferentially_represent
YDR020C,699,371,216.93978079141505,70.96138397,not_preferentially_represent,YDR020C,58,14.514932236538339,20.79503185750478,not_preferentially_represent
YDL103C,1434,761,444.9896851274039,70.95138028,not_preferentially_represent,YDL103C,153,38.28939021017872,26.71974194708913,not_preferentially_represent
YBR185C,837,444,259.62604493635655,70.92230719,not_preferentially_represent,YBR185C,49,12.262615165351356,14.668199958554252,not_preferentially_represent
YER070W,2667,1413,826.2423457096211,70.834444,not_preferentially_represent,YER070W,864,216.22243883395043,81.10369048535274,not_preferentially_represent
YPR036W-A,204,108,63.152281200735366,70.78136461,not_preferentially_represent,YPR036W-A,137,34.28527097251297,168.89296045572894,not_preferentially_represent
YFL039C,1437,760,444.4049417829526,70.71021656,not_preferentially_represent,YFL039C,21327,5337.240686356089,3716.741425039059,not_preferentially_represent
YDR064W,995,526,307.5749991813593,70.67861109,not_preferentially_represent,YDR064W,9570,2394.963819028826,2409.4203410752775,not_preferentially_represent
YDL004W,483,255,149.10955283506962,70.58597092,not_preferentially_represent,YDL004W,397,99.35220858458139,206.124914075895,not_preferentially_represent
YMR316W,1011,531,310.49871590361556,70.22127468,not_preferentially_represent,YMR316W,328,82.08444437214786,81.27172710113648,not_preferentially_represent
YOR344C,876,460,268.9819384475766,70.20678225,not_preferentially_represent,YOR344C,54,13.513902427121902,15.444459916710745,not_preferentially_represent
YDR180W,4482,2349,1373.5621161159945,70.07070834,not_preferentially_represent,YDR180W,31,7.757981022977387,1.7313057404546726,not_preferentially_represent
YPR072W,1683,881,515.1588864615543,69.98696096,not_preferentially_represent,YPR072W,112,28.028834663660238,16.663992071141642,not_preferentially_represent
YDR499W,2244,1172,685.3191996968691,69.82808024,not_preferentially_represent,YDR499W,21,5.255406499436296,2.3430256350585354,not_preferentially_represent
YJL036W,1272,664,388.2695807156323,69.79210724,not_preferentially_represent,YJL036W,26,6.506693761206842,5.119349930139136,not_preferentially_represent
YPL044C,549,286,167.2365965130585,69.64966499,not_preferentially_represent,YPL044C,17,4.254376690019858,7.763461113174923,not_preferentially_represent
YDR364C,1368,712,416.33726124929245,69.58557807,not_preferentially_represent,YDR364C,31,7.757981022977387,5.675187288205843,not_preferentially_represent
YGL165C,579,301,176.00774667982728,69.50455626,not_preferentially_represent,YGL165C,65,16.266734403017104,28.143139105565922,not_preferentially_represent
YKL026C,504,262,153.2027562462284,69.50180731,not_preferentially_represent,YKL026C,24,6.0061788564986225,11.940713432402829,not_preferentially_represent
YDR428C,786,406,237.4057978472089,69.06035885,not_preferentially_represent,YDR428C,104,26.026775044827367,33.155127445639955,not_preferentially_represent
YLL019W-A,93,48,28.067680533660166,69.00548808,not_preferentially_represent,YLL019W-A,1,0.2502574523541093,2.720189699501188,not_preferentially_represent
YOR296W,3870,1996,1167.1477155247019,68.95645317,not_preferentially_represent,YOR296W,33,8.258495927685606,2.1345298339843906,not_preferentially_represent
YML066C,1110,572,334.473193026117,68.89669564,not_preferentially_represent,YML066C,24,6.0061788564986225,5.415851087915801,not_preferentially_represent
YHL010C,1758,901,526.8537533505794,68.52219452,not_preferentially_represent,YHL010C,14,3.5036043329575297,1.9940832856901138,not_preferentially_represent
YDR179W-A,1392,712,416.33726124929245,68.38582672,not_preferentially_represent,YDR179W-A,65,16.266734403017104,11.694273474491089,not_preferentially_represent
YOR235W,315,161,94.1436784566518,68.33460139,not_preferentially_represent,YOR235W,11,2.752831975895202,8.766980814952873,not_preferentially_represent
YLR400W,474,242,141.50788935720334,68.25938443,not_preferentially_represent,YLR400W,19,4.754891594728076,10.052624936000162,not_preferentially_represent
YOR358W,729,371,216.93978079141505,68.04116241,not_preferentially_represent,YOR358W,29,7.2574661182691695,9.969046865754354,not_preferentially_represent
YBL089W,1380,700,409.3203411158774,67.81789362,not_preferentially_represent,YBL089W,219,54.80638206554994,39.74356930061634,not_preferentially_represent
YML077W,480,243,142.0926327016546,67.68467991,not_preferentially_represent,YML077W,80,20.020596188328746,41.79665175016439,not_preferentially_represent
YGR278W,1734,876,512.235169739298,67.54300152,not_preferentially_represent,YGR278W,38,9.509783189456153,5.487468660967197,not_preferentially_represent
YDR183W,693,350,204.6601705579387,67.52430967,not_preferentially_represent,YDR183W,13,3.253346880603421,4.701368324571417,not_preferentially_represent
YMR163C,2118,1069,625.0906352183899,67.48031366,not_preferentially_represent,YMR163C,30,7.507723570623279,3.546397529817326,not_preferentially_represent
YNL084C,1050,529,309.32922921471305,67.35839279,not_preferentially_represent,YNL084C,70,17.51802166478765,16.699734666146473,not_preferentially_represent
YNL130C-A,147,74,43.27100748939276,67.30382213,not_preferentially_represent,YNL130C-A,2,0.5005149047082186,3.428184278823415,not_preferentially_represent
YPR187W,544,273,159.63493303519218,67.0948352,not_preferentially_represent,YPR187W,930,232.73943068932164,428.61773607609877,not_preferentially_represent
YGL166W,678,340,198.81273711342618,67.04626146,not_preferentially_represent,YGL166W,86,21.5221409024534,31.790459235529394,not_preferentially_represent
YNL258C,2265,1134,663.0989526077215,66.93760838,not_preferentially_represent,YNL258C,27,6.756951213560951,2.984519087261904,not_preferentially_represent
YDR260C,513,255,149.10955283506962,66.45813636,not_preferentially_represent,YDR260C,81,20.270853640682855,39.5915110169587,not_preferentially_represent
YML062C,1179,585,342.0748565039833,66.33876835,not_preferentially_represent,YML062C,31,7.757981022977387,6.585722430371297,not_preferentially_represent
YDR100W,432,214,125.13507571256822,66.23009373,not_preferentially_represent,YDR100W,156,39.04016256724105,90.58042358988642,not_preferentially_represent
YNL088W,4287,2123,1241.410120270011,66.20973564,not_preferentially_represent,YNL088W,46,11.511842808289027,2.6859175940945,not_preferentially_represent
YPL042C,1668,825,482.41325917228414,66.12767377,not_preferentially_represent,YPL042C,63,15.766219498308887,9.45784013095914,not_preferentially_represent
YLR272C,3531,1738,1016.2839326562786,65.80780385,not_preferentially_represent,YLR272C,26,6.506693761206842,1.843256023004771,not_preferentially_represent
YLR433C,1662,817,477.7353124166741,65.72284885,not_preferentially_represent,YLR433C,49,12.262615165351356,7.382670177815386,not_preferentially_represent
YOR117W,1305,641,374.82048379325346,65.67088379,not_preferentially_represent,YOR117W,582,145.6498372700916,111.69466048319909,not_preferentially_represent
YDL068W,330,162,94.72842180110305,65.633629,not_preferentially_represent,YDL068W,4,1.0010298094164372,3.04264379761835,not_preferentially_represent
YOR116C,4383,2145,1254.2744738479387,65.43064011,not_preferentially_represent,YOR116C,188,47.04840104257254,10.73674145197913,not_preferentially_represent
YLR360W,1320,638,373.0662537598997,64.62076435,not_preferentially_represent,YLR360W,76,19.019566378912305,14.419686413125326,not_preferentially_represent
YJL081C,1470,709,414.58303121593866,64.48433769,not_preferentially_represent,YJL081C,125,31.28218154426366,21.294881922575673,not_preferentially_represent
YML006C,2325,1117,653.15831575205,64.23260848,not_preferentially_represent,YML006C,38,9.509783189456153,4.091989324206606,not_preferentially_represent
YDR368W,939,451,263.7192483475153,64.2149713,not_preferentially_represent,YDR368W,287,71.82388882562937,76.57131004864539,not_preferentially_represent
YFL007W,6432,3088,1805.6874476654707,64.18840721,not_preferentially_represent,YFL007W,235,58.81050130321568,9.144845483317631,not_preferentially_represent
YGL127C,384,184,107.59277537903063,64.0636888,not_preferentially_represent,YGL127C,80,20.020596188328746,52.27309709746408,not_preferentially_represent
YLR082C,1179,559,326.8715295482507,63.39037865,not_preferentially_represent,YLR082C,20,5.005149047082186,4.248853180884708,not_preferentially_represent
YDR315C,846,401,234.48208112495266,63.37228297,not_preferentially_represent,YDR315C,12,3.0030894282493112,3.5539519860938595,not_preferentially_represent
YLR402W,192,91,53.211644345064066,63.36734436,not_preferentially_represent,YLR402W,9,2.2523170711869835,11.792235974800962,not_preferentially_represent
YBR263W,1473,698,408.1508544269749,63.3545804,not_preferentially_represent,YBR263W,1512,378.38926795941325,257.05792660286227,not_preferentially_represent
YMR291W,1761,834,487.67594927234535,63.31870701,not_preferentially_represent,YMR291W,160,40.04119237665749,22.750677486737207,not_preferentially_represent
YER097W,330,156,91.21996173439554,63.20275385,not_preferentially_represent,YER097W,2,0.5005149047082186,1.521321898809175,not_preferentially_represent
YDR316W,1416,669,391.1932974378886,63.16670274,not_preferentially_represent,YDR316W,19,4.754891594728076,3.360347416768959,not_preferentially_represent
YPL183W-A,282,133,77.77086481201671,63.05621173,not_preferentially_represent,YPL183W-A,111,27.778577211306132,98.85614665945242,not_preferentially_represent
YDL075W,763,359,209.922860658,62.90646107,not_preferentially_represent,YDL075W,3943,986.765134632253,1294.9673682837965,not_preferentially_represent
YNL139C,4794,2250,1315.6725250153202,62.74943671,not_preferentially_represent,YNL139C,26,6.506693761206842,11.435314167323096,not_preferentially_represent
YPL077C,723,338,197.64325042452367,62.50341494,not_preferentially_represent,YPL077C,22,5.505663951790404,8.431338364150696,not_preferentially_represent
YGL142C,1851,864,505.21824960588293,62.40690818,not_preferentially_represent,YGL142C,407,101.85478310812248,55.056639517904046,not_preferentially_represent
YBR264C,600,279,163.14339310189973,62.16963191,not_preferentially_represent,YBR264C,55,13.764159879476011,22.978564072580987,not_preferentially_represent
YKR086W,3216,1495,874.1912999546239,62.15133988,not_preferentially_represent,YKR086W,51,12.763130070059574,3.9698693841553885,not_preferentially_represent
YNR053C,1993,926,541.4723369618607,62.11965444,not_preferentially_represent,YNR053C,676,169.17403779137788,84.92672579888448,not_preferentially_represent
YDR013W,627,291,170.16031323531476,62.05128668,not_preferentially_represent,YDR013W,38,9.509783189456153,15.191346948013024,not_preferentially_represent
YNR055C,1761,817,477.7353124166741,62.02803792,not_preferentially_represent,YNR055C,495,123.8774389152841,70.38490847459323,not_preferentially_represent
YLR022C,753,349,204.07542721348744,61.96633263,not_preferentially_represent,YLR022C,140,35.0360433295753,46.59048315103099,not_preferentially_represent
YJL190C,393,182,106.42328869012813,61.9161838,not_preferentially_represent,YJL190C,7424,1857.9113262769074,4739.56970989007,preferentially_represented
YIL143C,2532,1168,682.980226319064,61.6743363,not_preferentially_represent,YIL143C,153,38.28939021017872,15.128166815558563,not_preferentially_represent
YMR292W,499,230,134.4909692237883,61.62439003,not_preferentially_represent,YMR292W,318,79.58186984860676,159.8029515032264,not_preferentially_represent
YDR024W,486,224,130.98250915708078,61.62218482,not_preferentially_represent,YDR024W,2,0.5005149047082186,1.0319894942437497,not_preferentially_represent
YOR210W,213,98,57.30484775622284,61.51369506,not_preferentially_represent,YOR210W,57,14.264674784184228,67.28620181218976,not_preferentially_represent
YDR365C,1887,868,507.557222983688,61.4997242,not_preferentially_represent,YDR365C,94,23.52420052128627,12.473064963566422,not_preferentially_represent
YEL070W,1509,694,405.81188104916987,61.48873718,not_preferentially_represent,YEL070W,6,1.5015447141246556,0.9957193064487107,not_preferentially_represent
YGR073C,372,171,99.99111190116434,61.45801282,not_preferentially_represent,YGR073C,87,21.772398354807507,58.68570985123318,not_preferentially_represent
YMR294W-A,360,165,96.48265183445682,61.27831103,not_preferentially_represent,YMR294W-A,344,86.0885636098136,239.8010128407064,not_preferentially_represent
YGR045C,363,166,97.06739517890807,61.14019312,not_preferentially_represent,YGR045C,2,0.5005149047082186,1.382637858309996,not_preferentially_represent
YJR112W-A,379,173,101.16059859006685,61.02843545,not_preferentially_represent,YJR112W-A,54,13.513902427121902,35.75106462201561,not_preferentially_represent
YPL076W,843,384,224.54144426928133,60.90164072,not_preferentially_represent,YPL076W,126,31.532438996617774,37.449452490044855,not_preferentially_represent
YML007W,1953,887,518.6673465282618,60.72209119,not_preferentially_represent,YML007W,89,22.272913259515725,11.410303923932236,not_preferentially_represent
YOR194C,861,391,228.63464768044008,60.71541238,not_preferentially_represent,YOR194C,30,7.507723570623279,8.72991112863172,not_preferentially_represent
YMR108W,2064,936,547.3197704063732,60.63054875,not_preferentially_represent,YMR108W,1380,345.35528424867084,167.40440341670907,not_preferentially_represent
YKL204W,1899,861,503.46401957252925,60.6182689,not_preferentially_represent,YKL204W,86,21.5221409024534,11.33937876841591,not_preferentially_represent
YDR259C,1152,522,305.2360258035543,60.58196658,not_preferentially_represent,YDR259C,13,3.253346880603421,2.8265394271098354,not_preferentially_represent
YLR274W,2328,1053,615.7347417071699,60.47428445,not_preferentially_represent,YLR274W,87,21.772398354807507,9.356423874004086,not_preferentially_represent
YMR033W,1490,672,392.9475274712423,60.29875535,not_preferentially_represent,YMR033W,92,23.023685616578053,15.462515524901313,not_preferentially_represent
YJR067C,426,192,112.27072213464066,60.25831353,not_preferentially_represent,YJR067C,21,5.255406499436296,12.365662351614812,not_preferentially_represent
YLR359W,1449,653,381.8374039266685,60.2518157,not_preferentially_represent,YLR359W,719,179.93510824260457,124.2645775156109,not_preferentially_represent
YGR074W,441,198,115.77918220134818,60.02773325,not_preferentially_represent,YGR074W,171,42.79402435255269,97.25914625580157,not_preferentially_represent
YNL179C,438,196,114.60969551244568,59.82838835,not_preferentially_represent,YNL179C,22,5.505663951790404,12.598773345058133,not_preferentially_represent
YJL039C,5052,2257,1319.765728426479,59.73014381,not_preferentially_represent,YJL039C,110,27.528319758952023,5.450073205098401,not_preferentially_represent
YDR282C,1245,553,323.36306948154316,59.38559649,not_preferentially_represent,YDR282C,15,3.7538617853116394,3.0175737824048547,not_preferentially_represent
YLR364W,330,146,85.372528289883,59.15129527,not_preferentially_represent,YLR364W,36,9.009268284747934,27.38379417856515,not_preferentially_represent
YNL180C,996,440,257.28707155855153,59.06343231,not_preferentially_represent,YNL180C,47,11.762100260643136,11.821206292103655,not_preferentially_represent
YDR061W,1620,714,417.50674793819496,58.92621424,not_preferentially_represent,YDR061W,94,23.52420052128627,14.530080618459712,not_preferentially_represent
YDR363W-A,270,119,69.58445798969916,58.92621424,not_preferentially_represent,YDR363W-A,131,32.78372625838831,121.87258832114615,not_preferentially_represent
YER171W,2337,1030,602.285644784791,58.92557858,not_preferentially_represent,YER171W,65,16.266734403017104,6.963499316360061,not_preferentially_represent
YPR186C,1290,568,332.13421964831196,58.86863537,not_preferentially_represent,YPR186C,15,3.7538617853116394,2.912227917231683,not_preferentially_represent
YDL204W,1182,519,303.4817957702005,58.70501785,not_preferentially_represent,YDL204W,31,7.757981022977387,6.568993245535468,not_preferentially_represent
YOR354C,2079,912,533.2859301395432,58.64968611,not_preferentially_represent,YOR354C,47,11.762100260643136,5.660298489241163,not_preferentially_represent
YHR154W,3213,1407,822.7338856429136,58.5475485,not_preferentially_represent,YHR154W,22,5.505663951790404,1.7140921394117075,not_preferentially_represent
YMR096W,894,391,228.63464768044008,58.47423944,not_preferentially_represent,YMR096W,108,27.027804854243804,30.266298828940428,not_preferentially_represent
YJR158W,1704,745,435.6337916161838,58.45370258,not_preferentially_represent,YJR158W,15,3.7538617853116394,2.204264113512413,not_preferentially_represent
YLR398C,3864,1688,987.0467654337159,58.40643084,not_preferentially_represent,YLR398C,60,15.015447141246558,3.886991235114304,not_preferentially_represent
YNL249C,1629,711,415.7525179048412,58.3544338,not_preferentially_represent,YNL249C,31,7.757981022977387,4.765344608708469,not_preferentially_represent
YML076C,2835,1236,722.7427737417493,58.28955646,not_preferentially_represent,YML076C,57,14.264674784184228,5.033406769295776,not_preferentially_represent
YJR114W,393,171,99.99111190116434,58.17399687,not_preferentially_represent,YJR114W,40,10.010298094164373,25.53647473001115,not_preferentially_represent
YNL087W,3537,1533,896.4115470437715,57.94719766,not_preferentially_represent,YNL087W,233,58.30998639850746,16.490380768808674,not_preferentially_represent
YOR118W,1704,735,429.7863581716713,57.66908912,not_preferentially_represent,YOR118W,118,29.530379377784897,17.34021102629765,not_preferentially_represent
YAL043C,2358,1017,594.6839813069248,57.66369865,not_preferentially_represent,YAL043C,373,93.34602972808277,39.60374617228798,not_preferentially_represent
YBR184W,1572,675,394.70175750459606,57.40854954,not_preferentially_represent,YBR184W,8,2.0020596188328743,1.2743854989388124,not_preferentially_represent
YJL080C,3669,1573,919.8012808218217,57.32002274,not_preferentially_represent,YJL080C,443,110.86405139287042,30.224659594566635,not_preferentially_represent
YNL248C,1248,534,312.25294593696935,57.20737428,not_preferentially_represent,YNL248C,521,130.38413267649094,104.55824593142817,not_preferentially_represent
YCR096C,360,154,90.05047504549303,57.19309029,not_preferentially_represent,YCR096C,18,4.504634142373967,12.547727416083474,not_preferentially_represent
YBL039C,1740,743,434.4643049272813,57.09063961,not_preferentially_represent,YBL039C,1655,414.1760836460509,238.16911077978773,not_preferentially_represent
YDL069C,690,294,171.9145432686685,56.96703064,not_preferentially_represent,YDL069C,11,2.752831975895202,3.995401996945141,not_preferentially_represent
YDL073W,2955,1258,735.6071273196768,56.91785161,not_preferentially_represent,YDL073W,35,8.759010832393825,2.965135691399399,not_preferentially_represent
YGR215W,333,141,82.44881156762673,56.61092124,not_preferentially_represent,YGR215W,69,17.26776421243354,52.011337989257655,not_preferentially_represent
YLR025W,723,306,178.93146340208355,56.58593187,not_preferentially_represent,YLR025W,60,15.015447141246558,20.797018201172516,not_preferentially_represent
YER016W,1035,438,256.117584869649,56.57949982,not_preferentially_represent,YER016W,45,11.261585355934917,10.891281775565684,not_preferentially_represent
YOR115C,807,341,199.39748045787744,56.49450236,not_preferentially_represent,YOR115C,250,62.56436308852732,77.62327926616292,not_preferentially_represent
YLR363W-A,258,109,63.737024545186635,56.48487021,not_preferentially_represent,YLR363W-A,171,42.79402435255269,166.51371343405717,not_preferentially_represent
YKL160W,438,185,108.17751872348188,56.47067268,not_preferentially_represent,YKL160W,187,46.79814359021844,107.08957343299413,not_preferentially_represent
YCR063W,474,200,116.94866889025069,56.41271441,not_preferentially_represent,YCR063W,22,5.505663951790404,11.639881504842293,not_preferentially_represent
YLR147C,306,129,75.4318914342117,56.36293848,not_preferentially_represent,YLR147C,73,18.268794021849978,59.89768531754091,not_preferentially_represent
YGR216C,1830,769,449.6676318830139,56.18243956,not_preferentially_represent,YGR216C,124,31.03192409190955,16.96660693926165,not_preferentially_represent
YDR086C,243,102,59.64382113402785,56.12020404,not_preferentially_represent,YDR086C,445,111.36456629757863,460.18415825445715,not_preferentially_represent
YLR065C,546,229,133.90622587933703,56.07485804,not_preferentially_represent,YLR065C,107,26.777547401889695,49.133114498880175,not_preferentially_represent
YJR112W,606,254,148.52480949061837,56.03849145,not_preferentially_represent,YJR112W,21,5.255406499436296,8.686622313117843,not_preferentially_represent
YLL054C,2532,1061,620.4126884627799,56.0243757,not_preferentially_represent,YLL054C,21,5.255406499436296,2.076415053115881,not_preferentially_represent
YOR319W,642,269,157.29595965738716,56.01993429,not_preferentially_represent,YOR319W,30,7.507723570623279,11.712517270863149,not_preferentially_represent
YAL040C,1743,729,426.2778981049638,55.91849631,not_preferentially_represent,YAL040C,708,177.18227626670935,101.7119840796265,not_preferentially_represent
YDR370C,1329,554,323.94781282599445,55.73270562,not_preferentially_represent,YDR370C,52,13.013387522413684,9.799237592178978,not_preferentially_represent
YMR040W,483,201,117.53341223470194,55.63835355,not_preferentially_represent,YMR040W,11,2.752831975895202,5.711269659533614,not_preferentially_represent
YDR507C,3429,1424,832.6745224985849,55.52235101,not_preferentially_represent,YDR507C,62,15.515962045954774,4.526243303954136,not_preferentially_represent
YLR286W-A,135,56,32.745627289270196,55.45996634,not_preferentially_represent,YLR286W-A,330,82.58495927685607,616.3056662451945,not_preferentially_represent
YOL098C,3114,1290,754.318914342117,55.38554649,not_preferentially_represent,YOL098C,234,58.560243850861575,18.81151424698412,not_preferentially_represent
YMR182W-A,87,36,21.050760400245125,55.32336544,not_preferentially_represent,YMR182W-A,1,0.2502574523541093,2.9099703762105733,not_preferentially_represent
YPR188C,492,203,118.70289892360445,55.16406713,not_preferentially_represent,YPR188C,136,34.03501352015886,69.31774647690196,not_preferentially_represent
YDR018C,1191,490,286.5242387811142,55.00594899,not_preferentially_represent,YDR018C,2,0.5005149047082186,0.41954308860705664,not_preferentially_represent
YPL239W,603,248,145.01634942391084,54.98696023,not_preferentially_represent,YPL239W,121,30.281151734847224,50.30091650306848,not_preferentially_represent
YOR302W,78,32,18.711787022440113,54.85051616,not_preferentially_represent,YOR302W,11,2.752831975895202,35.75106462201561,not_preferentially_represent
YJL107C,1164,477,278.92257530324787,54.78866796,not_preferentially_represent,YJL107C,68,17.01750676007943,14.632421977712323,not_preferentially_represent
YOR356W,1896,776,453.7608352941727,54.72033298,not_preferentially_represent,YOR356W,272,68.07002704031773,35.920858596473735,not_preferentially_represent
YOR357C,489,200,116.94866889025069,54.68226305,not_preferentially_represent,YOR357C,52,13.013387522413684,26.666777709864103,not_preferentially_represent
YDR065W,1098,449,262.5497616586128,54.67255171,not_preferentially_represent,YDR065W,16,4.004119237665749,3.6500631154655867,not_preferentially_represent
YGL181W,1191,487,284.7700087477604,54.66917787,not_preferentially_represent,YGL181W,74,18.519051474204087,15.562228129583266,not_preferentially_represent
YLR434C,384,157,91.8047050788468,54.66303881,not_preferentially_represent,YLR434C,3,0.7507723570623278,1.960241141154903,not_preferentially_represent
YEL005C,849,347,202.90594052458493,54.64458445,not_preferentially_represent,YEL005C,25,6.256436308852733,7.377873005722561,not_preferentially_represent
YER068C-A,432,176,102.9148286234206,54.4696098,not_preferentially_represent,YER068C-A,9,2.2523170711869835,5.225793668647293,not_preferentially_represent
YDL164C,2268,923,539.7181069285069,54.41066001,not_preferentially_represent,YDL164C,93,23.273943068932162,10.266406294191516,not_preferentially_represent
YDR371W,1536,625,365.4645902820334,54.40190965,not_preferentially_represent,YDR371W,32,8.008238475331497,5.217093469271334,not_preferentially_represent
YJR040W,2340,951,556.090920573142,54.33629257,not_preferentially_represent,YJR040W,139,34.78578587722119,14.87207604840581,not_preferentially_represent
YPL236C,1095,444,259.62604493635655,54.21184577,not_preferentially_represent,YPL236C,41,10.260555546518482,9.378935600108301,not_preferentially_represent
YDR449C,1323,536,313.42243262587186,54.16643943,not_preferentially_represent,YDR449C,78,19.520081283620524,14.765568293207659,not_preferentially_represent
YBR106W,567,228,133.3214825348858,53.76221227,not_preferentially_represent,YBR106W,1981,495.76001311349046,875.9010832393825,not_preferentially_represent
YOR304W,3363,1350,789.4035150091921,53.67008021,not_preferentially_represent,YOR304W,44,11.011327903580808,3.2752313811959572,not_preferentially_represent
YAL045C,309,124,72.50817471195542,53.65232528,not_preferentially_represent,YAL045C,73,18.268794021849978,59.31426630470772,not_preferentially_represent
YDL165W,576,231,135.07571256823954,53.61852215,not_preferentially_represent,YDL165W,166,41.54273709078215,72.24823841875155,not_preferentially_represent
YMR267W,933,374,218.6940108247688,53.5938926,not_preferentially_represent,YMR267W,74,18.519051474204087,19.870226903652455,not_preferentially_represent
YCR097W-A,267,107,62.56753785628411,53.57940167,not_preferentially_represent,YCR097W-A,6,1.5015447141246556,5.644904940318255,not_preferentially_represent
YMR255W,567,227,132.73673919043452,53.52641309,not_preferentially_represent,YMR255W,100,25.02574523541093,44.215097589065245,not_preferentially_represent
YDL071C,375,150,87.71150166768803,53.47925326,not_preferentially_represent,YDL071C,5,1.2512872617705466,3.3456878656966484,not_preferentially_represent
YJL037W,675,270,157.88070300183844,53.47925326,not_preferentially_represent,YJL037W,12,3.0030894282493112,4.557040103564964,not_preferentially_represent
YMR268C,1335,533,311.66820259251807,53.37910484,not_preferentially_represent,YMR268C,9,2.2523170711869835,1.6883936065869443,not_preferentially_represent
YEL020C-B,198,79,46.194724211649024,53.34420464,not_preferentially_represent,YEL020C-B,101,25.27600268776504,128.30458217139613,not_preferentially_represent
YBR265W,963,384,224.54144426928133,53.31265122,not_preferentially_represent,YBR265W,401,100.35323839399783,104.31729562785637,not_preferentially_represent
YLR404W,858,342,199.9822238023287,53.29226286,not_preferentially_represent,YLR404W,62,15.515962045954774,18.104973215816543,not_preferentially_represent
YLR285W,786,313,183.0246668132423,53.24111409,not_preferentially_represent,YLR285W,184,46.047371233156106,58.65907163459377,not_preferentially_represent
YCR039C,633,252,147.35532280171586,53.22579708,not_preferentially_represent,YCR039C,39,9.760040641810262,15.443102281345352,not_preferentially_represent
YEL004W,1029,409,239.16002788056267,53.14143485,not_preferentially_represent,YEL004W,47,11.762100260643136,11.441731771053634,not_preferentially_represent
YGL188C-A,141,56,32.745627289270196,53.09996777,not_preferentially_represent,YGL188C-A,3,0.7507723570623278,5.362659693302342,not_preferentially_represent
YDR182W,1476,586,342.65959984843454,53.08069514,not_preferentially_represent,YDR182W,218,54.55612461319583,36.98720312759039,not_preferentially_represent
YNL022C,1473,584,341.490113159532,53.00727071,not_preferentially_represent,YNL022C,193,48.29968830434309,32.81228825023308,not_preferentially_represent
YMR220W,1356,534,312.25294593696935,52.65103473,not_preferentially_represent,YMR220W,336,84.08650399098073,62.05646050994887,not_preferentially_represent
YDR281C,315,124,72.50817471195542,52.63037622,not_preferentially_represent,YDR281C,111,27.778577211306132,88.46680640543354,not_preferentially_represent
YGL164C,1323,520,304.06653911465185,52.54953079,not_preferentially_represent,YGL164C,16,4.004119237665749,3.0288345216836223,not_preferentially_represent
YNL129W,723,284,166.06710982415598,52.51766226,not_preferentially_represent,YNL129W,11,2.752831975895202,3.8127866702149613,not_preferentially_represent
YOR355W,1569,616,360.2019001819721,52.49079032,not_preferentially_represent,YOR355W,195,48.80020320905131,31.122578577201093,not_preferentially_represent
YDR289C,1230,482,281.84629202550417,52.39227657,not_preferentially_represent,YDR289C,14,3.5036043329575297,2.8507765117636534,not_preferentially_represent
YNL255C,462,181,105.83854534567688,52.37957164,not_preferentially_represent,YNL255C,2235,559.3254060114343,1213.2872147753455,not_preferentially_represent
YDL101C,1542,604,353.1849800485571,52.36943737,not_preferentially_represent,YDL101C,31,7.757981022977387,5.034380936390258,not_preferentially_represent
YER104W,627,245,143.2621193905571,52.24249222,not_preferentially_represent,YER104W,28,7.007208665915059,11.193624066956964,not_preferentially_represent
YBR259W,2067,807,471.88787897216156,52.19854545,not_preferentially_represent,YBR259W,35,8.759010832393825,4.239598660403594,not_preferentially_represent
YLR403W,2052,794,464.2862154942953,51.7330983,not_preferentially_represent,YLR403W,123,30.781666639555443,15.008126104122596,not_preferentially_represent
YBL038W,699,270,157.88070300183844,51.64305572,not_preferentially_represent,YBL038W,76,19.019566378912305,27.248662433971784,not_preferentially_represent
YBR118W,1377,531,310.49871590361556,51.55679644,not_preferentially_represent,YBR118W,71649,17930.696203719577,13031.02921781946,preferentially_represented
YML094C-A,402,155,90.63521838994428,51.55027522,not_preferentially_represent,YML094C-A,32,8.008238475331497,19.970669514542386,not_preferentially_represent
YBR098W,2076,800,467.79467556100275,51.52143859,not_preferentially_represent,YBR098W,26,6.506693761206842,3.135756029497273,not_preferentially_represent
YPR122W,3627,1397,816.8864521984011,51.49608271,not_preferentially_represent,YPR122W,67,16.767249307725322,4.624172451110128,not_preferentially_represent
YMR317W,3423,1317,770.1069846423007,51.44038602,not_preferentially_represent,YMR317W,70,17.51802166478765,56.87669371684302,not_preferentially_represent
YJR113C,744,286,167.2365965130585,51.39471247,not_preferentially_represent,YJR113C,157,39.29042001959516,52.880780645484734,not_preferentially_represent
YGR281W,4434,1700,994.063685567131,51.25999692,not_preferentially_represent,YGR281W,107,26.777547401889695,6.04050245925777,not_preferentially_represent
YLR435W,618,236,137.9994292904958,51.05624502,not_preferentially_represent,YLR435W,156,39.04016256724105,101.93253934005496,not_preferentially_represent
YGR282C,942,358,209.33811731354874,50.8109678,not_preferentially_represent,YGR282C,9433,2360.6785480563126,2508.691336935508,not_preferentially_represent
YDR028C,3045,1157,676.5480495301002,50.80089985,not_preferentially_represent,YDR028C,80,20.020596188328746,6.577068393012071,not_preferentially_represent
YPL078C,735,279,163.14339310189973,50.75071993,not_preferentially_represent,YPL078C,327,81.83418691979374,111.49071787437839,not_preferentially_represent
YOR193W,1131,428,250.27015142513645,50.59487267,not_preferentially_represent,YOR193W,10,2.502574523541093,2.2146677199478697,not_preferentially_represent
YLR066W,555,210,122.79610233476322,50.58848281,not_preferentially_represent,YLR066W,195,48.80020320905131,88.0870094026197,not_preferentially_represent
YMR247C,4689,1773,1036.7499497120725,50.55380466,not_preferentially_represent,YMR247C,66,16.516991855371213,3.523249115906829,not_preferentially_represent
YDR367W,767,290,169.5755698908635,50.5507935,not_preferentially_represent,YDR367W,359,89.84242539512523,117.28776161243503,not_preferentially_represent
YLR361C,1737,656,383.59163396002225,50.49278949,not_preferentially_represent,YLR361C,104,26.026775044827367,14.992381938264613,not_preferentially_represent
YCR043C,384,145,84.78778494543175,50.48497215,not_preferentially_represent,YCR043C,447,111.86508120228685,292.0759300320806,not_preferentially_represent
YDR369C,2565,968,566.0315574288134,50.4560596,not_preferentially_represent,YDR369C,20,5.005149047082186,1.9520862118105249,not_preferentially_represent
YGR075C,729,275,160.80441972409469,50.43482389,not_preferentially_represent,YGR075C,131,32.78372625838831,45.03259101426966,not_preferentially_represent
YDR261C,1689,635,371.31202372654593,50.26543194,not_preferentially_represent,YDR261C,326,81.58392946743963,48.331711769810205,not_preferentially_represent
YOR074C,915,344,201.1517104912312,50.26465334,not_preferentially_represent,YOR074C,25,6.256436308852733,6.845116311655068,not_preferentially_represent
YBR108W,2844,1069,625.0906352183899,50.25432642,not_preferentially_represent,YBR108W,53,13.263644974767793,4.665369319299258,not_preferentially_represent
YNL025C,972,365,213.43132072470752,50.20557469,not_preferentially_represent,YNL025C,22,5.505663951790404,5.670096757765607,not_preferentially_represent
YOR352W,1032,387,226.2956743026351,50.13679993,not_preferentially_represent,YOR352W,30,7.507723570623279,7.281982124755848,not_preferentially_represent
YPL119C-A,264,99,57.88959110067409,50.13679993,not_preferentially_represent,YPL119C-A,7,1.7518021664787649,6.660844739462985,not_preferentially_represent
YKL159C,636,238,139.16891597939832,50.03169133,not_preferentially_represent,YKL159C,40,10.010298094164373,15.764248967187987,not_preferentially_represent
YEL006W,1008,377,220.44824085812255,50.00416289,not_preferentially_represent,YEL006W,168,42.043251995490365,41.75099503027841,not_preferentially_represent
YOR217W,2586,967,565.4468140843621,49.99462287,not_preferentially_represent,YOR217W,115,28.779607020722565,11.133310259467144,not_preferentially_represent
YDR255C,1266,473,276.58360192544285,49.95198813,not_preferentially_represent,YDR255C,31,7.757981022977387,6.132791322511769,not_preferentially_represent
YJL191W,825,308,180.10095009098606,49.91396971,not_preferentially_represent,YJL191W,1013,253.51079923471272,307.658736935331,not_preferentially_represent
YCR028C-A,491,183,107.00803203457937,49.8304651,not_preferentially_represent,YCR028C-A,422,105.60864489343412,215.5278467212941,not_preferentially_represent
YDR254W,1377,513,299.97333570349303,49.80910843,not_preferentially_represent,YDR254W,11,2.752831975895202,2.000604633644769,not_preferentially_represent
YNR056C,1686,628,367.2188203153872,49.79977913,not_preferentially_represent,YNR056C,41,10.260555546518482,6.089350472711264,not_preferentially_represent
YAL044W-A,333,124,72.50817471195542,49.78549102,not_preferentially_represent,YAL044W-A,147,36.78784549605407,119.44105680537034,not_preferentially_represent
YJL075C,417,155,90.63521838994428,49.69594877,not_preferentially_represent,YJL075C,22,5.505663951790404,13.23476911488078,not_preferentially_represent
YKR089C,2733,1014,592.929751273571,49.60479583,not_preferentially_represent,YKR089C,89,22.272913259515725,8.15260368210678,not_preferentially_represent
YGR217W,6120,2270,1327.3673919043454,49.59064743,not_preferentially_represent,YGR217W,96,24.02471542599449,3.926248639646101,not_preferentially_represent
YKL027W,1344,498,291.20218553672424,49.53993326,not_preferentially_represent,YKL027W,175,43.79505416196912,32.60986907071417,not_preferentially_represent
YCR064C,411,152,88.88098835659054,49.44553829,not_preferentially_represent,YCR064C,9,2.2523170711869835,5.493456271187765,not_preferentially_represent
YLR401C,2007,740,432.7100748939275,49.29577405,not_preferentially_represent,YLR401C,238,59.56127366027801,29.69156214370788,not_preferentially_represent
YMR295C,594,219,128.0587924348245,49.29274606,not_preferentially_represent,YMR295C,718,179.68485079025047,342.910020592081,not_preferentially_represent
YLR362W,2154,794,464.2862154942953,49.28334156,not_preferentially_represent,YLR362W,28,7.007208665915059,3.2546254834719277,not_preferentially_represent
YMR293C,1395,514,300.55807904794426,49.26225121,not_preferentially_represent,YMR293C,41,10.260555546518482,7.360513304532626,not_preferentially_represent
YDR314C,2079,765,447.3286585052089,49.19628276,not_preferentially_represent,YDR314C,9,2.2523170711869835,1.0838869447483077,not_preferentially_represent
YLR363C,657,241,140.92314601275208,49.04299861,not_preferentially_represent,YLR363C,26,6.506693761206842,9.918740489644575,not_preferentially_represent
YLR307W,906,332,194.13479035781614,48.99313488,not_preferentially_represent,YLR307W,6,1.5015447141246556,1.6591654299719953,not_preferentially_represent
YLR081W,1725,632,369.5577936931922,48.98389574,not_preferentially_represent,YLR081W,13,3.253346880603421,1.8870921581226339,not_preferentially_represent
YJL082W,2196,804,470.13364893880777,48.94958973,not_preferentially_represent,YJL082W,97,24.2749728783486,11.059213156423052,not_preferentially_represent
YER031C,672,246,143.84686273500833,48.9430666,not_preferentially_represent,YER031C,373,93.34602972808277,139.11479840250786,not_preferentially_represent
YLR146W-A,189,69,40.347290767136485,48.81042956,not_preferentially_represent,YLR146W-A,76,19.019566378912305,101.16790627081014,not_preferentially_represent
YNL128W,1305,476,278.33783195879664,48.76652213,not_preferentially_represent,YNL128W,10,2.502574523541093,1.9191522419793656,not_preferentially_represent
YEL020W-A,264,96,56.13536106732033,48.61750296,not_preferentially_represent,YEL020W-A,217,54.30586716084172,275.6643003088412,not_preferentially_represent
YML099C,2643,961,561.9383540176545,48.61290426,not_preferentially_represent,YML099C,66,16.516991855371213,50.20362266070278,not_preferentially_represent
YLR422W,5799,2108,1232.6389701032422,48.60073542,not_preferentially_represent,YLR422W,91,22.773428164223944,3.927807548158666,not_preferentially_represent
YER112W,564,205,119.87238561250695,48.59595265,not_preferentially_represent,YER112W,37,9.259525737102043,16.446759746184803,not_preferentially_represent
YDL160C,1521,552,322.7783261370919,48.52161045,not_preferentially_represent,YDL160C,125,31.28218154426366,129.26521299282504,not_preferentially_represent
YLR050C,486,176,102.9148286234206,48.41743093,not_preferentially_represent,YLR050C,279,69.8218292067965,143.96253444700307,not_preferentially_represent
YLR399W-A,105,38,22.220247089147634,48.38599104,not_preferentially_represent,YLR399W-A,2,0.5005149047082186,4.812643314502102,not_preferentially_represent
YML060W,1131,409,239.16002788056267,48.3488386,not_preferentially_represent,YML060W,13,3.253346880603421,2.8790680359322307,not_preferentially_represent
YNL116W,1569,566,330.96473295940945,48.23017423,not_preferentially_represent,YNL116W,86,21.5221409024534,13.725855167380994,not_preferentially_represent
YML078W,549,198,115.77918220134818,48.21899884,not_preferentially_represent,YML078W,525,131.3851624859074,239.75394614216674,not_preferentially_represent
YMR252C,405,146,85.372528289883,48.1973517,not_preferentially_represent,YMR252C,32,8.008238475331497,19.822372463691824,not_preferentially_represent
YDR019C,1203,433,253.19386814739275,48.12243695,not_preferentially_represent,YDR019C,161,40.2914498290116,33.52034095591647,not_preferentially_represent
YDR439W,1044,375,219.27875416922004,48.02375472,not_preferentially_represent,YDR439W,46,11.511842808289027,11.037241426930995,not_preferentially_represent
YLR126C,756,271,158.46544634628967,47.92618265,not_preferentially_represent,YLR126C,15,3.7538617853116394,4.9720023646511775,not_preferentially_represent
YGL195W,8019,2874,1680.5523719529024,47.91725086,not_preferentially_represent,YGL195W,443,110.86405139287042,13.826895908315093,not_preferentially_represent
YMR315W,1050,376,219.86349751367132,47.87666482,not_preferentially_represent,YMR315W,521,130.38413267649094,124.29373944374733,not_preferentially_represent
YML009C-A,327,117,68.41497130079665,47.83694672,not_preferentially_represent,YML009C-A,63,15.766219498308887,48.36263649788002,not_preferentially_represent
YDR313C,861,308,180.10095009098606,47.82697446,not_preferentially_represent,YDR313C,60,15.015447141246558,17.45982225726344,not_preferentially_represent
YEL061C,3003,1072,626.8448652517437,47.72707251,not_preferentially_represent,YEL061C,23,5.755921404144513,1.9173622265637953,not_preferentially_represent
YMR221C,1515,540,315.7614060036769,47.65478013,not_preferentially_represent,YMR221C,815,203.95982366859906,134.71586768071273,not_preferentially_represent
YDL072C,612,218,127.47404909037327,47.62449841,not_preferentially_represent,YDL072C,635,158.91348224485938,260.0875323156455,not_preferentially_represent
YLR049C,1287,458,267.81245175867406,47.57866743,not_preferentially_represent,YLR049C,40,10.010298094164373,7.784057615990958,not_preferentially_represent
YMR289W,1125,400,233.89733778050137,47.53711401,not_preferentially_represent,YMR289W,71,17.76827911714176,15.808077506353879,not_preferentially_represent
YMR294W,1122,398,232.72785109159886,47.4258975,not_preferentially_represent,YMR294W,9,2.2523170711869835,2.0092034533336163,not_preferentially_represent
YBR048W,982,348,203.49068386903622,47.37978649,not_preferentially_represent,YBR048W,6017,1505.7990908146755,1534.9633953258672,not_preferentially_represent
YDR320C,2007,711,415.7525179048412,47.36391264,not_preferentially_represent,YDR320C,79,19.770338735974633,9.855602560306398,not_preferentially_represent
YDL035C,2886,1021,597.0229546847298,47.2993049,not_preferentially_represent,YDL035C,65,16.266734403017104,5.63838280867144,not_preferentially_represent
YMR207C,6372,2253,1317.426755048674,47.27273917,not_preferentially_represent,YMR207C,26,6.506693761206842,1.0212986597405183,not_preferentially_represent
YML079W,606,213,124.55033236811698,46.99290819,not_preferentially_represent,YML079W,195,48.80020320905131,80.66149290752283,not_preferentially_represent
YJL074C,3693,1294,756.657887719922,46.84684113,not_preferentially_represent,YJL074C,27,6.756951213560951,1.8301601336838977,not_preferentially_represent
YIL146C,1590,557,325.7020428593482,46.83639004,not_preferentially_represent,YIL146C,26,6.506693761206842,4.094835595473154,not_preferentially_represent
YNL188W,1302,456,266.6429650697716,46.82515262,not_preferentially_represent,YNL188W,15,3.7538617853116394,2.885366476027394,not_preferentially_represent
YGR044C,903,316,184.7788968465961,46.7869436,not_preferentially_represent,YGR044C,297,74.32646334917045,82.40184406781647,not_preferentially_represent
YDR431W,312,109,63.737024545186635,46.70864267,not_preferentially_represent,YDR431W,1,0.2502574523541093,0.804686341974628,not_preferentially_represent
YDL006W,846,295,172.49928661311978,46.62050742,not_preferentially_represent,YDL006W,75,18.769308926558196,22.212199913086625,not_preferentially_represent
YPL273W,978,341,199.39748045787744,46.61662925,not_preferentially_represent,YPL273W,1055,264.0216122335853,270.2370647221958,not_preferentially_represent
YBL037W,3078,1069,625.0906352183899,46.43382207,not_preferentially_represent,YBL037W,46,11.511842808289027,3.741255381309401,not_preferentially_represent
YMR052C-A,366,127,74.26240474530918,46.39252161,not_preferentially_represent,YMR052C-A,7,1.7518021664787649,4.7994579903527805,not_preferentially_represent
YOR359W,1572,545,318.6851227259331,46.35208815,not_preferentially_represent,YOR359W,191,47.799173399634874,30.425953787164147,not_preferentially_represent
YMR254C,309,107,62.56753785628411,46.29676455,not_preferentially_represent,YMR254C,1,0.2502574523541093,0.8125241959549003,not_preferentially_represent
YML094W,575,199,116.36392554579943,46.27117999,not_preferentially_represent,YML094W,98,24.525230330702712,61.16017538828606,not_preferentially_represent
YGL183C,743,256,149.6942961795209,46.06557481,not_preferentially_represent,YGL183C,1,0.2502574523541093,0.3372741945473171,not_preferentially_represent
YBR173C,447,154,90.05047504549303,46.06154923,not_preferentially_represent,YBR173C,262,65.56745251677663,147.01222537393863,not_preferentially_represent
YOR017W,2403,825,482.41325917228414,45.90135657,not_preferentially_represent,YOR017W,17,4.254376690019858,1.7711809700332464,not_preferentially_represent
YDL105W,1209,415,242.6684879472702,45.893073,not_preferentially_represent,YDL105W,19,4.754891594728076,3.9361685386821827,not_preferentially_represent
YER107W-A,321,110,64.32176788963788,45.81555965,not_preferentially_represent,YER107W-A,67,16.767249307725322,52.39765408664163,not_preferentially_represent
YLR166C,2616,896,523.9300366283231,45.79263276,not_preferentially_represent,YLR166C,22,5.505663951790404,2.1054164251588543,not_preferentially_represent
YPR041W,1218,417,243.83797463617267,45.77349879,not_preferentially_represent,YPR041W,1135,284.04220842191404,233.39540544117835,not_preferentially_represent
YGL014C-A,162,55,32.16088394481894,45.3913415,not_preferentially_represent,YGL014C-A,2,0.5005149047082186,3.1087882280013575,not_preferentially_represent
YDR244W,1839,624,364.87984693758216,45.36576133,not_preferentially_represent,YDR244W,41,10.260555546518482,5.582456771772841,not_preferentially_represent
YOL064C,1074,363,212.261834035805,45.18847517,not_preferentially_represent,YOL064C,392,98.10092132281085,91.42676730923657,not_preferentially_represent
YBR186W,1808,611,357.2781834597159,45.1822784,not_preferentially_represent,YBR186W,14,3.5036043329575297,1.9389066590799835,not_preferentially_represent
YLR249W,3135,1059,619.2432017738774,45.16310144,not_preferentially_represent,YLR249W,26820,6711.904872137211,2141.6416311860917,not_preferentially_represent
YFR003C,468,158,92.38944842329805,45.13740393,not_preferentially_represent,YFR003C,47,11.762100260643136,25.186510194096652,not_preferentially_represent
YNL181W,1224,412,240.9142579139164,45.00296639,not_preferentially_represent,YNL181W,98,24.525230330702712,20.053336329274497,not_preferentially_represent
YOR011W,4185,1407,822.7338856429136,44.9494082,not_preferentially_represent,YOR011W,107,26.777547401889695,6.3999874287499265,not_preferentially_represent
YPR073C,486,163,95.31316514555431,44.84114342,not_preferentially_represent,YPR073C,129,32.283211353680095,66.56332237872185,not_preferentially_represent
YDL070W,1917,642,375.40522713770474,44.77527464,not_preferentially_represent,YDL070W,98,24.525230330702712,65.5754821676543,not_preferentially_represent
YNL187W,1074,359,209.922860658,44.69053054,not_preferentially_represent,YNL187W,43,10.7610704512267,10.028956618105033,not_preferentially_represent
YLR361C-A,297,99,57.88959110067409,44.56604438,not_preferentially_represent,YLR361C-A,51,12.763130070059574,43.11868266912018,not_preferentially_represent
YLR453C,1188,395,230.97362105824513,44.45350387,not_preferentially_represent,YLR453C,14,3.5036043329575297,2.951646447310472,not_preferentially_represent
YFR004W,921,306,178.93146340208355,44.42087811,not_preferentially_represent,YFR004W,204,51.0525202802383,55.491869869824235,not_preferentially_represent
YML061C,2580,857,501.1250461947242,44.41058144,not_preferentially_represent,YML061C,50,12.512872617705465,4.851831181739226,not_preferentially_represent
YER079W,633,210,122.79610233476322,44.3548309,not_preferentially_represent,YER079W,23,5.755921404144513,9.107470576178027,not_preferentially_represent
YDL166C,594,197,115.19443885689694,44.34096335,not_preferentially_represent,YDL166C,169,42.29350944784447,71.3212638243583,not_preferentially_represent
YOR012W,414,137,80.10983818982173,44.24310203,not_preferentially_represent,YOR012W,19,4.754891594728076,11.513054708784688,not_preferentially_represent
YOR231W,1527,505,295.295388947883,44.21582006,not_preferentially_represent,YOR231W,96,24.02471542599449,15.743588090428894,not_preferentially_represent
YML008C,1152,380,222.2024708914763,44.10181475,not_preferentially_represent,YML008C,950,237.7445797364038,206.55480428879568,not_preferentially_represent
YJR156C,1023,337,197.05850708007242,44.04327553,not_preferentially_represent,YJR156C,20,5.005149047082186,4.8974061126048785,not_preferentially_represent
YBR104W,990,326,190.62633029110862,44.0258499,not_preferentially_represent,YBR104W,226,56.558184232028694,57.18724391509474,not_preferentially_represent
YOR318C,653,215,125.71981905701949,44.02005915,not_preferentially_represent,YOR318C,8,2.0020596188328743,3.0706435871669853,not_preferentially_represent
YML009C,213,70,40.93203411158774,43.93835362,not_preferentially_represent,YML009C,55,13.764159879476011,42.22134932354604,not_preferentially_represent
YOR196C,1245,409,239.16002788056267,43.92171603,not_preferentially_represent,YOR196C,154,38.53964766253283,30.980424166023177,not_preferentially_represent
YMR092C,1848,607,354.9392100819108,43.91491711,not_preferentially_represent,YMR092C,498,124.62821127234643,67.47602126277555,not_preferentially_represent
YBR107C,738,242,141.50788935720334,43.84139325,not_preferentially_represent,YBR107C,71,17.76827911714176,24.108926888930473,not_preferentially_represent
YKL083W,615,201,117.53341223470194,43.69646303,not_preferentially_represent,YKL083W,27,6.756951213560951,11.00480653674422,not_preferentially_represent
YHL033C,771,251,146.77057945726463,43.52559198,not_preferentially_represent,YHL033C,2799,700.4706091391519,909.7020897911063,not_preferentially_represent
YOL044W,1152,375,219.27875416922004,43.52152772,not_preferentially_represent,YOL044W,99,24.77548778305682,21.525184867990287,not_preferentially_represent
YPR038W,360,117,68.41497130079665,43.45189327,not_preferentially_represent,YPR038W,34,8.508753380039716,23.70126289704656,not_preferentially_represent
YGL180W,2694,872,509.8961963614931,43.27571348,not_preferentially_represent,YGL180W,10,2.502574523541093,0.929288720215779,not_preferentially_represent
YMR251W-A,180,58,33.9151139781727,43.08050957,not_preferentially_represent,YMR251W-A,632,158.16270988779706,883.5905580323858,not_preferentially_represent
YOR082C,342,110,64.32176788963788,43.00232353,not_preferentially_represent,YOR082C,1,0.2502574523541093,0.7338928221528132,not_preferentially_represent
YOR360C,1581,507,296.4648756367855,42.8747334,not_preferentially_represent,YOR360C,181,45.29659887609378,28.66873346588214,not_preferentially_represent
YER071C,381,122,71.33868802305292,42.81147571,not_preferentially_represent,YER071C,90,22.523170711869835,59.27150187334168,not_preferentially_represent
YDR426C,378,121,70.75394467860167,42.79755056,not_preferentially_represent,YDR426C,6,1.5015447141246556,3.9828772257948426,not_preferentially_represent
YPL034W,498,159,92.9741917677493,42.68675335,not_preferentially_represent,YPL034W,9,2.2523170711869835,6.4908272944869845,not_preferentially_represent
YNL085W,2493,794,464.2862154942953,42.581756,not_preferentially_represent,YNL085W,82,20.521111093036964,8.234795783722697,not_preferentially_represent
YDR078C,672,214,125.13507571256822,42.57648883,not_preferentially_represent,YDR078C,21,5.255406499436296,7.832200446253793,not_preferentially_represent
YGL015C,393,125,73.09291805640667,42.52485151,not_preferentially_represent,YGL015C,1,0.2502574523541093,0.6384118682502788,not_preferentially_represent
YMR164C,2277,724,423.3541813827075,42.5109567,not_preferentially_represent,YMR164C,23,5.755921404144513,2.528963710081069,not_preferentially_represent
YGR283C,1026,326,190.62633029110862,42.48108324,not_preferentially_represent,YGR283C,137,34.28527097251297,33.449044851232166,not_preferentially_represent
YNL140C,570,181,105.83854534567688,42.45502123,not_preferentially_represent,YNL140C,2,0.5005149047082186,0.8796395513325458,not_preferentially_represent
YFR042W,603,191,111.68597879018941,42.34882824,not_preferentially_represent,YFR042W,127,31.78269644897188,52.79517682553468,not_preferentially_represent
YLR021W,540,171,99.99111190116434,42.33774216,not_preferentially_represent,YLR021W,95,23.77445797364038,44.10845635183745,not_preferentially_represent
YDL100C,1065,336,196.47376373562116,42.18081947,not_preferentially_represent,YDL100C,783,195.9515851932676,184.16502367788306,not_preferentially_represent
YLR365W,333,105,61.39805116738161,42.15706901,not_preferentially_represent,YLR365W,1,0.2502574523541093,0.7537875070906906,not_preferentially_represent
YPR123C,435,137,80.10983818982173,42.10722814,not_preferentially_represent,YPR123C,7,1.7518021664787649,4.036410521840472,not_preferentially_represent
YHL002C-A,489,154,90.05047504549303,42.10534255,not_preferentially_represent,YHL002C-A,32,8.008238475331497,16.410324744531756,not_preferentially_represent
YFL005W,648,204,119.2876422680557,42.09015303,not_preferentially_represent,YFL005W,803,200.95673424034976,310.5977345291341,not_preferentially_represent
YOR353C,2376,747,436.80327830508634,42.03388277,not_preferentially_represent,YOR353C,57,14.264674784184228,6.006178856498623,not_preferentially_represent
YBR049C,2433,764,446.74391516075764,41.98330198,not_preferentially_represent,YBR049C,49,12.262615165351356,5.042193735753024,not_preferentially_represent
YDR455C,309,97,56.72010441177159,41.96996413,not_preferentially_represent,YDR455C,38,9.509783189456153,30.87591944628621,not_preferentially_represent
YKL105C,3399,1066,623.3364051850361,41.93062958,not_preferentially_represent,YKL105C,127,31.78269644897188,9.353353869620918,not_preferentially_represent
YLR145W,606,190,111.10123544573815,41.9185566,not_preferentially_represent,YLR145W,13,3.253346880603421,5.377432860501522,not_preferentially_represent
YOR301W,1308,410,239.7447712250139,41.90843623,not_preferentially_represent,YOR301W,134,33.534498615450644,25.65761179452995,not_preferentially_represent
YER105C,4176,1308,764.8442945422396,41.87671412,not_preferentially_represent,YER105C,171,42.79402435255269,10.250065713186272,not_preferentially_represent
YAL047C,1869,585,342.0748565039833,41.84773028,not_preferentially_represent,YAL047C,6,1.5015447141246556,0.8038247934286166,not_preferentially_represent
YOR206W,2133,664,388.2695807156323,41.62004707,not_preferentially_represent,YOR206W,167,41.79299454313625,19.602717890776855,not_preferentially_represent
YDR012W,1089,339,198.22799376897493,41.61952905,not_preferentially_represent,YDR012W,19732,4938.0800498512845,4538.67651640743,preferentially_represented
YPL018W,1110,345,201.73645383568243,41.55482517,not_preferentially_represent,YPL018W,51,12.763130070059574,11.508683561821076,not_preferentially_represent
YNL082W,2622,814,475.9810823833203,41.50659053,not_preferentially_represent,YNL082W,14,3.5036043329575297,1.3367433548101983,not_preferentially_represent
YHR100C,558,173,101.16059859006685,41.45121332,not_preferentially_represent,YHR100C,223,55.80741187496637,100.19283999096297,not_preferentially_represent
YNL083W,1485,460,268.9819384475766,41.41490993,not_preferentially_represent,YNL083W,62,15.515962045954774,10.45550003096683,not_preferentially_represent
YPR189W,4299,1327,775.9544180868133,41.26946329,not_preferentially_represent,YPR189W,69,17.26776421243354,4.0176277832558265,not_preferentially_represent
YDR433W,441,136,79.52509484537048,41.23117031,not_preferentially_represent,YDR433W,25,6.256436308852733,14.219173429210755,not_preferentially_represent
YOR236W,636,196,114.60969551244568,41.20256933,not_preferentially_represent,YOR236W,192,48.04943085198898,75.66839504250234,not_preferentially_represent
YLR421C,471,145,84.78778494543175,41.15972252,not_preferentially_represent,YLR421C,248,62.0638481838191,132.0507408166364,not_preferentially_represent
YLR035C,2088,642,375.40522713770474,41.10833404,not_preferentially_represent,YLR035C,54,13.513902427121902,6.475276678065118,not_preferentially_represent
YHL003C,1236,380,222.2024708914763,41.10460404,not_preferentially_represent,YHL003C,312,78.0803251344821,63.22293533156445,not_preferentially_represent
YGL190C,1581,486,284.1852654033092,41.09885687,not_preferentially_represent,YGL190C,67,16.767249307725322,10.612183106155268,not_preferentially_represent
YDR452W,2025,621,363.12561690422837,41.00076083,not_preferentially_represent,YDR452W,205,51.3027777325924,25.347222199897434,not_preferentially_represent
YER078C,1536,471,275.4141152365404,40.99727911,not_preferentially_represent,YER078C,94,23.52420052128627,15.325212065984543,not_preferentially_represent
YGL146C,936,287,167.82133985750974,40.99504724,not_preferentially_represent,YGL146C,5,1.2512872617705466,1.3382751462786593,not_preferentially_represent
YNL141W,1044,320,187.11787022440112,40.9802707,not_preferentially_represent,YNL141W,972,243.25024368819422,233.2217101516723,not_preferentially_represent
YJR069C,594,182,106.42328869012813,40.96474787,not_preferentially_represent,YJR069C,231,57.80947149379924,97.48646120370867,not_preferentially_represent
YHR002W,1074,329,192.38056032446238,40.95594581,not_preferentially_represent,YHR002W,39,9.760040641810262,9.096030421072006,not_preferentially_represent
YMR253C,1245,381,222.78721423592756,40.91485038,not_preferentially_represent,YMR253C,68,17.01750676007943,13.679667813568676,not_preferentially_represent
YCR028C,1539,470,274.8293718920891,40.83048901,not_preferentially_represent,YCR028C,331,82.83521672921017,53.859048588563184,not_preferentially_represent
YNL127W,2862,874,511.06568305039553,40.82884988,not_preferentially_represent,YNL127W,57,14.264674784184228,4.9859052024411845,not_preferentially_represent
YPL041C,624,190,111.10123544573815,40.70936746,not_preferentially_represent,YPL041C,105,26.277032497181477,42.17822230687235,not_preferentially_represent
YHL002W,1359,413,241.49900125836768,40.63085283,not_preferentially_represent,YHL002W,138,34.53552842486708,70.7695254607932,not_preferentially_represent
YOR192C-C,237,72,42.10152080049025,40.61715437,not_preferentially_represent,YOR192C-C,5,1.2512872617705466,5.3020646685192645,not_preferentially_represent
YDR027C,2670,811,474.2268523499666,40.61018202,not_preferentially_represent,YDR027C,57,14.264674784184228,5.344576539596939,not_preferentially_represent
YPR039W,336,102,59.64382113402785,40.58693328,not_preferentially_represent,YPR039W,4,1.0010298094164372,2.9881486848251857,not_preferentially_represent
YKR011C,1062,322,188.2873569133036,40.5374754,not_preferentially_represent,YKR011C,43,10.7610704512267,10.142384968168425,not_preferentially_represent
YHR101C,1095,332,194.13479035781614,40.53678557,not_preferentially_represent,YHR101C,35,8.759010832393825,8.006408439116843,not_preferentially_represent
YOR072W-B,162,49,28.65242387811142,40.43955879,not_preferentially_represent,YOR072W-B,2,0.5005149047082186,3.1087882280013575,not_preferentially_represent
YLR125W,411,124,72.50817471195542,40.33714966,not_preferentially_represent,YLR125W,3,0.7507723570623278,1.8311520903959215,not_preferentially_represent
YOR381W,2136,643,375.98997048215597,40.24714401,not_preferentially_represent,YOR381W,51,12.763130070059574,5.978046871222283,not_preferentially_represent
YDR225W,399,120,70.16920133415042,40.20996486,not_preferentially_represent,YDR225W,2572,643.662167454769,1617.2416267707765,not_preferentially_represent
YDL153C,1833,551,322.19358279264065,40.18967341,not_preferentially_represent,YDL153C,83,20.771368545391073,11.338083267134865,not_preferentially_represent
YBR105C,1089,327,191.2110736355599,40.14627139,not_preferentially_represent,YBR105C,168,42.043251995490365,38.64269484879629,not_preferentially_represent
YDR456W,1902,571,333.88844968166575,40.13755732,not_preferentially_represent,YDR456W,583,145.90009472244571,473.7016062417069,not_preferentially_represent
YLL056C,897,269,157.29595965738716,40.09453491,not_preferentially_represent,YLL056C,21,5.255406499436296,5.865409039549436,not_preferentially_represent
YBR179C,2568,770,450.25237522746517,40.08861469,not_preferentially_represent,YBR179C,32,8.008238475331497,3.1196877582125038,not_preferentially_represent
YNL023C,2898,868,507.557222983688,40.04485147,not_preferentially_represent,YNL023C,146,36.537588043699955,12.612215410321006,not_preferentially_represent
YDR302W,660,197,115.19443885689694,39.90686701,not_preferentially_represent,YDR302W,227,56.80844168438281,86.20400862577057,not_preferentially_represent
YOR362C,867,258,150.8637828684234,39.78560364,not_preferentially_represent,YOR362C,763,190.9464361461854,220.49242049213095,not_preferentially_represent
YJR068W,1062,316,184.7788968465961,39.78211871,not_preferentially_represent,YJR068W,171,42.79402435255269,40.33367045480932,not_preferentially_represent
YOR320C,1476,439,256.70232821410025,39.76523066,not_preferentially_represent,YOR320C,107,26.777547401889695,18.15426942500996,not_preferentially_represent
YDR280W,918,273,159.63493303519218,39.75990234,not_preferentially_represent,YDR280W,184,46.047371233156106,50.21523580496849,not_preferentially_represent
YBL036C,774,230,134.4909692237883,39.72941941,not_preferentially_represent,YBL036C,257,64.31616525500608,83.20331857051241,not_preferentially_represent
YJR111C,852,253,147.9400661461671,39.70144095,not_preferentially_represent,YJR111C,79,19.770338735974633,23.231890406550686,not_preferentially_represent
YOR105W,327,97,56.72010441177159,39.65969087,not_preferentially_represent,YOR105W,4,1.0010298094164372,3.0706435871669853,not_preferentially_represent
YDL202W,750,222,129.81302246817827,39.57464741,not_preferentially_represent,YDL202W,44,11.011327903580808,14.701372367931654,not_preferentially_represent
YMR119W-A,375,111,64.90651123408914,39.57464741,not_preferentially_represent,YMR119W-A,1,0.2502574523541093,0.6691375731393296,not_preferentially_represent
YPR040W,1071,317,185.36364019104735,39.57265005,not_preferentially_represent,YPR040W,72,18.01853656949587,53.78667632685334,not_preferentially_represent
YMR052W,615,182,106.42328869012813,39.5659516,not_preferentially_represent,YMR052W,12,3.0030894282493112,4.891025127441876,not_preferentially_represent
YDR166C,2916,862,504.0487629169805,39.52256199,not_preferentially_represent,YDR166C,47,11.762100260643136,4.035025818402448,not_preferentially_represent
YOR208W,2253,666,389.4390674045348,39.52195148,not_preferentially_represent,YOR208W,61,15.265704593600665,6.778732057549141,not_preferentially_represent
YMR182C,636,188,109.93174875683566,39.52083181,not_preferentially_represent,YMR182C,72,18.01853656949587,38.83305295149972,not_preferentially_represent
YGR163W,1026,303,177.1772333687298,39.4839516,not_preferentially_represent,YGR163W,92,23.023685616578053,22.46213230885664,not_preferentially_represent
YER030W,462,136,79.52509484537048,39.35702621,not_preferentially_represent,YER030W,39,9.760040641810262,21.171454754469117,not_preferentially_represent
YDR146C,2130,627,366.63407697093595,39.35621102,not_preferentially_represent,YDR146C,42,10.510812998872591,4.936971817225266,not_preferentially_represent
YAL044C,513,151,88.29624501213928,39.35364153,not_preferentially_represent,YAL044C,686,171.676612314919,335.30588342757613,not_preferentially_represent
YLR286C,1689,497,290.617442192273,39.34160579,not_preferentially_represent,YLR286C,4728,1183.2172347302287,700.9580774468179,not_preferentially_represent
YNL157W,507,149,87.12675832323677,39.29195629,not_preferentially_represent,YNL157W,247,61.81359073146499,122.16124650487153,not_preferentially_represent
YDL205C,984,289,168.99082654641225,39.26703301,not_preferentially_represent,YDL205C,132,33.033983710742426,33.60527335782546,not_preferentially_represent
YLR275W,423,124,72.50817471195542,39.19283336,not_preferentially_represent,YLR275W,51,12.763130070059574,30.244384052273872,not_preferentially_represent
YPL035C,348,102,59.64382113402785,39.18738385,not_preferentially_represent,YPL035C,7,1.7518021664787649,5.048421229045433,not_preferentially_represent
YLR143W,2058,601,351.43075001520333,39.04401264,not_preferentially_represent,YLR143W,90,22.523170711869835,10.949523924098122,not_preferentially_represent
YPL017C,1500,438,256.117584869649,39.03985488,not_preferentially_represent,YPL017C,133,33.28424116309653,22.204296973379943,not_preferentially_represent
YNL081C,432,126,73.67766140085793,38.99528883,not_preferentially_represent,YNL081C,124,31.03192409190955,71.9998238791405,not_preferentially_represent
YAL046C,357,104,60.81330782293036,38.94847576,not_preferentially_represent,YAL046C,72,18.01853656949587,50.61386676824682,not_preferentially_represent
YLR146C,903,263,153.78749959067966,38.93976635,not_preferentially_represent,YLR146C,359,89.84242539512523,99.6035758260812,not_preferentially_represent
YLR358C,564,164,95.89790849000556,38.87676212,not_preferentially_represent,YLR358C,34,8.508753380039716,15.113238685683331,not_preferentially_represent
YKL156C-A,117,34,19.88127371134262,38.85244895,not_preferentially_represent,YKL156C-A,179,44.79608397138556,386.1731376843583,not_preferentially_represent
YPL183C,3042,884,516.9131164949081,38.85244895,not_preferentially_represent,YPL183C,194,48.5499457566972,15.965125207726802,not_preferentially_represent
YLR034C,1422,413,241.49900125836768,38.83075175,not_preferentially_represent,YLR034C,626,156.66116517367243,110.2471253861171,not_preferentially_represent
YOL002C,954,277,161.97390641299722,38.82010784,not_preferentially_represent,YOL002C,614,153.6580757454231,161.23617601828238,not_preferentially_represent
YDR165W,1335,387,226.2956743026351,38.75743635,not_preferentially_represent,YDR165W,112,28.028834663660238,21.01112043752642,not_preferentially_represent
YOR308C,1764,510,298.21910567013924,38.65422217,not_preferentially_represent,YOR308C,19,4.754891594728076,2.6970457145366287,not_preferentially_represent
YPL019C,2508,725,423.93892472715874,38.64878251,not_preferentially_represent,YPL019C,1005,251.50873961587982,100.32259258710803,not_preferentially_represent
YBR130C,1278,368,215.18555075806125,38.49836698,not_preferentially_represent,YBR130C,93,23.273943068932162,18.225484000729963,not_preferentially_represent
YER045C,1470,422,246.76169135842898,38.38136884,not_preferentially_represent,YER045C,109,27.278062306597914,18.569137036485987,not_preferentially_represent
YPL192C,402,115,67.24548461189416,38.24697839,not_preferentially_represent,YPL192C,8,2.0020596188328743,4.992667378635597,not_preferentially_represent
YDL154W,2706,774,452.5913486052702,38.24181635,not_preferentially_represent,YDL154W,7,1.7518021664787649,0.6476163277185822,not_preferentially_represent
YPR185W,2217,633,370.1425370376434,38.17362124,not_preferentially_represent,YPR185W,15,3.7538617853116394,1.6939809500503789,not_preferentially_represent
YGR171C,1728,492,287.69372547001666,38.06682958,not_preferentially_represent,YGR171C,23,5.755921404144513,3.3329017974201007,not_preferentially_represent
YPL007C,1767,503,294.1259022589805,38.05894792,not_preferentially_represent,YPL007C,35,8.759010832393825,4.959802283348711,not_preferentially_represent
YHL001W,815,232,135.6604559126908,38.05885508,not_preferentially_represent,YHL001W,2813,703.9742134721095,864.8331860836726,not_preferentially_represent
YDR145W,1620,461,269.56668179202785,38.04619715,not_preferentially_represent,YDR145W,57,14.264674784184228,8.810793566512803,not_preferentially_represent
YMR235C,1224,348,203.49068386903622,38.01221433,not_preferentially_represent,YMR235C,325,81.33367201508553,66.50341129606339,not_preferentially_represent
YMR285C,1548,440,257.28707155855153,38.00205335,not_preferentially_represent,YMR285C,94,23.52420052128627,15.206335178594877,not_preferentially_represent
YLR307C-A,264,75,43.85575083384401,37.98242419,not_preferentially_represent,YLR307C-A,1,0.2502574523541093,0.9515492484947121,not_preferentially_represent
YOR230W,1314,373,218.10926748031753,37.952362,not_preferentially_represent,YOR230W,1545,386.64776388709885,294.4765909269603,not_preferentially_represent
YLR431C,1362,386,225.71093095818384,37.89095403,not_preferentially_represent,YLR431C,6,1.5015447141246556,1.1032657708483877,not_preferentially_represent
YJL038C,660,187,109.3470054123844,37.88113772,not_preferentially_represent,YJL038C,26,6.506693761206842,9.873586891057423,not_preferentially_represent
YIL092W,1902,538,314.5919193147743,37.81787362,not_preferentially_represent,YIL092W,27,6.756951213560951,3.554419365366097,not_preferentially_represent
YHR056C,2652,750,438.5575083384401,37.81055802,not_preferentially_represent,YHR056C,49,12.262615165351356,11.52501425314977,not_preferentially_represent
YOR119C,1455,411,240.32951456946518,37.76627679,not_preferentially_represent,YOR119C,28,7.007208665915059,4.81926318150967,not_preferentially_represent
YDR309C,1152,325,190.0415869466574,37.71865735,not_preferentially_represent,YDR309C,297,74.32646334917045,64.57555460397086,not_preferentially_represent
YKL084W,351,99,57.88959110067409,37.70972986,not_preferentially_represent,YKL084W,117,29.280121925430787,83.65749121551653,not_preferentially_represent
YOR080W,2199,620,362.54087355977714,37.6956992,not_preferentially_represent,YOR080W,32,8.008238475331497,3.643420598421973,not_preferentially_represent
YDL239C,2373,669,391.1932974378886,37.69239405,not_preferentially_represent,YDL239C,6,1.5015447141246556,0.6330289688552512,not_preferentially_represent
YLL015W,4680,1319,771.2764713312033,37.68116188,not_preferentially_represent,YLL015W,119,29.780636830139006,6.364743926082284,not_preferentially_represent
YPL274W,1764,497,290.617442192273,37.66891847,not_preferentially_represent,YPL274W,277,69.32131430208827,39.32008752245506,not_preferentially_represent
YGL119W,1506,424,247.93117804733146,37.64143988,not_preferentially_represent,YGL119W,106,26.527289949535586,17.626106278761185,not_preferentially_represent
YOL155W-A,135,38,22.220247089147634,37.63354859,not_preferentially_represent,YOL155W-A,1,0.2502574523541093,1.867592928015741,not_preferentially_represent
YDL076C,885,249,145.60109276836212,37.61676289,not_preferentially_represent,YDL076C,83,20.771368545391073,23.497023241392615,not_preferentially_represent
YMR180C,963,270,157.88070300183844,37.48545789,not_preferentially_represent,YMR180C,61,15.265704593600665,15.868715793763688,not_preferentially_represent
YGR164W,336,94,54.96587437841783,37.40364439,not_preferentially_represent,YGR164W,17,4.254376690019858,12.699631910507039,not_preferentially_represent
YPL120W,1674,468,273.6598852031866,37.37797271,not_preferentially_represent,YPL120W,9,2.2523170711869835,1.3462743999922198,not_preferentially_represent
YGL191W,390,109,63.737024545186635,37.36691414,not_preferentially_represent,YGL191W,412,103.10607036989303,265.0541654753034,not_preferentially_represent
YFR056C,369,103,60.2285644784791,37.3195331,not_preferentially_represent,YFR056C,48,12.012357712997245,32.64227639401425,not_preferentially_represent
YDR250C,276,77,45.025237522746515,37.29984149,not_preferentially_represent,YDR250C,1,0.2502574523541093,0.9100270994694883,not_preferentially_represent
YKR085C,588,164,95.89790849000556,37.2899555,not_preferentially_represent,YKR085C,138,34.53552842486708,58.83394961646862,not_preferentially_represent
YNL253W,1269,352,205.8296572468412,37.08569178,not_preferentially_represent,YNL253W,69,17.26776421243354,13.618110577628975,not_preferentially_represent
YLR026C,1023,283,165.48236647970472,36.98589607,not_preferentially_represent,YLR026C,59,14.765189688892448,14.447348032184392,not_preferentially_represent
YOR291W,4419,1222,714.5563669194318,36.97196622,not_preferentially_represent,YOR291W,112,28.028834663660238,6.344236003544645,not_preferentially_represent
YOR013W,471,130,76.01663477866296,36.90182019,not_preferentially_represent,YOR013W,29,7.2574661182691695,15.441417272913126,not_preferentially_represent
YER107C,1098,303,177.1772333687298,36.89484002,not_preferentially_represent,YER107C,378,94.59731698985331,86.23274110287448,not_preferentially_represent
YOR207C,3450,952,556.6756639175933,36.89293413,not_preferentially_represent,YOR207C,239,59.81153111263212,17.341702265187624,not_preferentially_represent
YMR270C,1098,302,176.59249002427856,36.77307487,not_preferentially_represent,YMR270C,23,5.755921404144513,5.246965728481781,not_preferentially_represent
YCR030C,2613,718,419.845721316,36.73756586,not_preferentially_represent,YCR030C,280,70.0720866591506,26.82698570411585,not_preferentially_represent
YDR372C,1038,285,166.65185316860723,36.709025,not_preferentially_represent,YDR372C,131,32.78372625838831,31.614007963730295,not_preferentially_represent
YER128W,612,168,98.23688186781058,36.70144831,not_preferentially_represent,YER128W,25,6.256436308852733,10.239666626600217,not_preferentially_represent
YLL020C,306,84,49.11844093390529,36.70144831,not_preferentially_represent,YLL020C,6,1.5015447141246556,4.923097423359527,not_preferentially_represent
YLR120W-A,102,28,16.372813644635098,36.70144831,not_preferentially_represent,YLR120W-A,62,15.515962045954774,153.62338659361166,not_preferentially_represent
YLR033W,1509,414,242.08374460281894,36.68060114,not_preferentially_represent,YLR033W,35,8.759010832393825,5.808362620950812,not_preferentially_represent
YER113C,2121,581,339.7358831261783,36.62358103,not_preferentially_represent,YER113C,83,20.771368545391073,9.797815351599562,not_preferentially_represent
YBR047W,528,144,84.2030416009805,36.46312722,not_preferentially_represent,YBR047W,3,0.7507723570623278,1.4246154782966374,not_preferentially_represent
YEL020C,1683,459,268.39719510312534,36.46312722,not_preferentially_represent,YEL020C,57,14.264674784184228,72.40951667098594,not_preferentially_represent
YBR131W,2115,576,336.812166403922,36.41140647,not_preferentially_represent,YBR131W,12,3.0030894282493112,1.4205721041860508,not_preferentially_represent
YGR214W,1214,330,192.96530366891363,36.34298512,not_preferentially_represent,YGR214W,8816,2206.2696999538275,1818.853833432669,not_preferentially_represent
YOR089C,633,172,100.5758552456156,36.32871864,not_preferentially_represent,YOR089C,75,18.769308926558196,29.69827361797183,not_preferentially_represent
YDL060W,2367,643,375.98997048215597,36.31934922,not_preferentially_represent,YDL060W,364,91.09371265689578,38.50114651601682,not_preferentially_represent
YDR242W,1650,448,261.96501831416157,36.30106888,not_preferentially_represent,YDR242W,106,26.527289949535586,16.086895057329038,not_preferentially_represent
YPL168W,1293,351,205.24491390238995,36.29392478,not_preferentially_represent,YPL168W,12,3.0030894282493112,2.3243726224839873,not_preferentially_represent
YPL243W,1800,488,285.3547520922117,36.24704943,not_preferentially_represent,YPL243W,308,77.07929532506566,42.845633866073186,not_preferentially_represent
YJL035C,753,204,119.2876422680557,36.22100818,not_preferentially_represent,YJL035C,76,19.019566378912305,25.291976567702534,not_preferentially_represent
YGL230C,444,120,70.16920133415042,36.13463058,not_preferentially_represent,YGL230C,10,2.502574523541093,5.649152423343325,not_preferentially_represent
YDR195W,1602,432,252.60912480294147,36.05342916,not_preferentially_represent,YDR195W,53,13.263644974767793,8.284600234083568,not_preferentially_represent
YNL247W,2304,621,363.12561690422837,36.03582495,not_preferentially_represent,YNL247W,148,37.038102948408174,16.082545787411277,not_preferentially_represent
YDR034W-B,156,42,24.559220466952645,35.99565123,not_preferentially_represent,YDR034W-B,26,6.506693761206842,32.53346880603421,not_preferentially_represent
YPR037C,591,159,92.9741917677493,35.96954851,not_preferentially_represent,YPR037C,117,29.280121925430787,49.62732529734032,not_preferentially_represent
YEL003W,424,114,66.6607412674429,35.94713957,not_preferentially_represent,YEL003W,186,46.547886137864324,110.04228401386366,not_preferentially_represent
YGL187C,822,221,129.22827912372702,35.94560514,not_preferentially_represent,YGL187C,545,136.39031153298956,166.1270542423746,not_preferentially_represent
YGL207W,3108,835,488.26069261679663,35.91954349,not_preferentially_represent,YGL207W,163,40.791964733719816,13.12905205462498,not_preferentially_represent
YPL151C,1356,364,212.84657738025626,35.88946937,not_preferentially_represent,YPL151C,68,17.01750676007943,12.559045579394414,not_preferentially_represent
YPL152W,1077,289,168.99082654641225,35.87628642,not_preferentially_represent,YPL152W,57,14.264674784184228,145.55790596106357,not_preferentially_represent
YPL241C,887,238,139.16891597939832,35.8739072,not_preferentially_represent,YPL241C,84,21.021625997745183,23.726440178041965,not_preferentially_represent
YAR015W,921,247,144.4316060794596,35.85606828,not_preferentially_represent,YAR015W,646,161.6663142207546,175.72425458777673,not_preferentially_represent
YKL167C,414,111,64.90651123408914,35.84660092,not_preferentially_represent,YKL167C,38,9.509783189456153,23.026109417569376,not_preferentially_represent
YBR258C,429,115,67.24548461189416,35.8398259,not_preferentially_represent,YBR258C,19,4.754891594728076,11.109559800766533,not_preferentially_represent
YNL246W,890,238,139.16891597939832,35.75298392,not_preferentially_represent,YNL246W,222,55.557154422612264,62.49398697706666,not_preferentially_represent
YDR066C,591,158,92.38944842329805,35.74332494,not_preferentially_represent,YDR066C,30,7.507723570623279,12.724955204446236,not_preferentially_represent
YGL196W,1287,344,201.1517104912312,35.73594235,not_preferentially_represent,YGL196W,203,50.802262827884185,39.50409240115411,not_preferentially_represent
YJL079C,900,240,140.33840266830083,35.65283551,not_preferentially_represent,YJL079C,148,37.038102948408174,41.199224636716544,not_preferentially_represent
YBR297W,1407,375,219.27875416922004,35.6338308,not_preferentially_represent,YBR297W,83,20.771368545391073,14.773377343805883,not_preferentially_represent
YNL189W,1629,434,253.778611491844,35.62000601,not_preferentially_represent,YNL189W,426,106.60967470285055,65.48505817128412,not_preferentially_represent
YBR009C,312,83,48.533697589454036,35.56713157,not_preferentially_represent,YBR009C,998,249.75693744940105,803.0769692906787,not_preferentially_represent
YHR003C,1290,342,199.9822238023287,35.44555158,not_preferentially_represent,YHR003C,231,57.80947149379924,44.848309925367914,not_preferentially_represent
YHL022C,1197,317,185.36364019104735,35.40710794,not_preferentially_represent,YHL022C,4,1.0010298094164372,0.8369814460003655,not_preferentially_represent
YNL254C,1206,318,185.9483835354986,35.2537366,not_preferentially_represent,YNL254C,34,8.508753380039716,7.061206124514287,not_preferentially_represent
YBR117C,2046,539,315.17666265922566,35.22155121,not_preferentially_represent,YBR117C,55,13.764159879476011,6.73064052786113,not_preferentially_represent
YDR306C,1437,378,221.03298420257383,35.16902876,not_preferentially_represent,YDR306C,51,12.763130070059574,8.88797358639246,not_preferentially_represent
YCR067C,3198,841,491.76915268350416,35.15951531,not_preferentially_represent,YCR067C,289,72.32440373033758,22.622584839017073,not_preferentially_represent
YDL120W,525,138,80.69458153427297,35.14350928,not_preferentially_represent,YDL120W,136,34.03501352015886,64.95231587816578,not_preferentially_represent
YPL153C,2466,648,378.9136872044122,35.13235616,not_preferentially_represent,YPL153C,34,8.508753380039716,3.451826929022197,not_preferentially_represent
YPL184C,1839,483,282.43103536995545,35.11484411,not_preferentially_represent,YPL184C,263,65.81770996913073,35.8094178286892,not_preferentially_represent
YNL153C,390,102,59.64382113402785,34.96720405,not_preferentially_represent,YNL153C,212,53.05457989907117,136.38709485622408,not_preferentially_represent
YNR032C-A,222,58,33.9151139781727,34.93014289,not_preferentially_represent,YNR032C-A,71,17.76827911714176,80.399453018741,not_preferentially_represent
YMR100W,1863,486,284.1852654033092,34.87777386,not_preferentially_represent,YMR100W,33,8.258495927685606,4.4352824531072,not_preferentially_represent
YDL016C,303,79,46.194724211649024,34.85858917,not_preferentially_represent,YDL016C,15,3.7538617853116394,12.430005911627944,not_preferentially_represent
YDR450W,876,228,133.3214825348858,34.79814424,not_preferentially_represent,YDR450W,6391,1599.3953779951123,1827.8804319944143,not_preferentially_represent
YFL040W,1623,422,246.76169135842898,34.76316216,not_preferentially_represent,YFL040W,10,2.502574523541093,1.5428942808514752,not_preferentially_represent
YML009W-B,477,124,72.50817471195542,34.75590883,not_preferentially_represent,YML009W-B,5,1.2512872617705466,2.628754751618795,not_preferentially_represent
YLR284C,843,219,128.0587924348245,34.73296697,not_preferentially_represent,YLR284C,18,4.504634142373967,5.349921784292123,not_preferentially_represent
YDR430C,2970,770,450.25237522746517,34.66247896,not_preferentially_represent,YDR430C,46,11.511842808289027,3.8773468535833704,not_preferentially_represent
YLR107W,1215,315,184.19415350214484,34.66247896,not_preferentially_represent,YLR107W,39,9.760040641810262,8.039572192594944,not_preferentially_represent
YLR054C,2262,584,341.490113159532,34.51799724,not_preferentially_represent,YLR054C,20,5.005149047082186,2.2136882118895116,not_preferentially_represent
YBR056C-B,159,41,23.97447712250139,34.47561924,not_preferentially_represent,YBR056C-B,72,18.01853656949587,90.09268284747934,not_preferentially_represent
YGR213C,954,246,143.84686273500833,34.47561924,not_preferentially_represent,YGR213C,57,14.264674784184228,14.96817920690895,not_preferentially_represent
YPL182C,384,99,57.88959110067409,34.46904995,not_preferentially_represent,YPL182C,7,1.7518021664787649,4.573895996028107,not_preferentially_represent
YKL176C,2487,641,374.82048379325346,34.45939017,not_preferentially_represent,YKL176C,392,98.10092132281085,39.461352100889314,not_preferentially_represent
YGR072W,1164,300,175.42300333537605,34.45828174,not_preferentially_represent,YGR072W,28,7.007208665915059,6.025114931999192,not_preferentially_represent
YGR076C,474,122,71.33868802305292,34.41175579,not_preferentially_represent,YGR076C,22,5.505663951790404,11.639881504842293,not_preferentially_represent
YDR226W,669,172,100.5758552456156,34.37381002,not_preferentially_represent,YDR226W,2014,504.0185090411761,754.5187261095451,not_preferentially_represent
YAR018C,1308,336,196.47376373562116,34.34447457,not_preferentially_represent,YAR018C,67,16.767249307725322,12.828805897264974,not_preferentially_represent
YPL032C,2478,636,371.8967670709972,34.31477509,not_preferentially_represent,YPL032C,262,65.56745251677663,26.470509695913055,not_preferentially_represent
YBR141C,1014,260,152.03326955732592,34.2815726,not_preferentially_represent,YBR141C,58,14.514932236538339,14.328659660946041,not_preferentially_represent
YDR098C,753,193,112.85546547909192,34.2679146,not_preferentially_represent,YDR098C,255,63.815650350297865,84.8612371679493,not_preferentially_represent
YDR427W,1182,302,176.59249002427856,34.15975991,not_preferentially_represent,YDR427W,261,65.31719506442252,55.306685067250235,not_preferentially_represent
YOR237W,1305,333,194.7195337022674,34.11607535,not_preferentially_represent,YOR237W,2,0.5005149047082186,0.38383044839587316,not_preferentially_represent
YPL235W,1416,361,211.0923473469025,34.08547039,not_preferentially_represent,YPL235W,207,51.80329263730062,36.61010080374602,not_preferentially_represent
YGL249W,2115,539,315.17666265922566,34.07247932,not_preferentially_represent,YGL249W,15,3.7538617853116394,1.7757151302325636,not_preferentially_represent
YDR092W,730,186,108.76226206793314,34.06555173,not_preferentially_represent,YDR092W,191,47.799173399634874,65.56813909414934,not_preferentially_represent
YDR060W,3078,784,458.43878204978273,34.0543653,not_preferentially_represent,YDR060W,256,64.06590780265198,20.82089951337406,not_preferentially_represent
YDR014W,1944,495,289.44795550337045,34.04350613,not_preferentially_represent,YDR014W,11,2.752831975895202,1.4167946350464242,not_preferentially_represent
YLR345W,1530,389,227.46516099153757,33.99253189,not_preferentially_represent,YLR345W,27,6.756951213560951,4.419196346344638,not_preferentially_represent
YLR048W,1118,284,166.06710982415598,33.96267425,not_preferentially_represent,YLR048W,15484,3874.986392251028,3469.101514996444,not_preferentially_represent
YPR042C,3228,818,478.32005576112533,33.88013411,not_preferentially_represent,YPR042C,66,16.516991855371213,5.118373676904621,not_preferentially_represent
YNL285W,372,94,54.96587437841783,33.78393687,not_preferentially_represent,YNL285W,1,0.2502574523541093,0.6745483890946342,not_preferentially_represent
YNL262W,6669,1683,984.1230487114595,33.74028461,not_preferentially_represent,YNL262W,29,7.2574661182691695,1.0884022372929167,not_preferentially_represent
YPL075W,3109,784,458.43878204978273,33.71480746,not_preferentially_represent,YPL075W,94,23.52420052128627,7.568919086642945,not_preferentially_represent
YLR064W,822,207,121.04187230140947,33.66850798,not_preferentially_represent,YLR064W,361,90.34294029983344,110.04012216788485,not_preferentially_represent
YPL045W,2397,603,352.60023670410584,33.63369808,not_preferentially_represent,YPL045W,24,6.0061788564986225,2.5067524442815623,not_preferentially_represent
YPL115C,3387,849,496.4470994391142,33.51334958,not_preferentially_represent,YPL115C,74,18.519051474204087,5.469300494448933,not_preferentially_represent
YGR165W,1038,260,152.03326955732592,33.48893508,not_preferentially_represent,YGR165W,143,35.78681568663763,34.50994762453002,not_preferentially_represent
YMR222C,672,168,98.23688186781058,33.42453329,not_preferentially_represent,YMR222C,146,36.537588043699955,54.452441197764465,not_preferentially_represent
YBR187W,843,210,122.79610233476322,33.30558477,not_preferentially_represent,YBR187W,1004,251.2584821635257,298.4067484127384,not_preferentially_represent
YDL214C,2100,523,305.8207691480055,33.29720173,not_preferentially_represent,YDL214C,22,5.505663951790404,2.622993783606672,not_preferentially_represent
YHR102W,3243,806,471.3031356277103,33.22870654,not_preferentially_represent,YHR102W,106,26.527289949535586,8.182384315094257,not_preferentially_represent
YLR347W-A,141,35,20.46601705579387,33.18747986,not_preferentially_represent,YLR347W-A,20,5.005149047082186,35.75106462201561,not_preferentially_represent
YDR366C,399,99,57.88959110067409,33.17322101,not_preferentially_represent,YDR366C,3,0.7507723570623278,1.8863627061867534,not_preferentially_represent
YKL134C,2319,575,336.2274230594707,33.15067984,not_preferentially_represent,YKL134C,24,6.0061788564986225,2.59110390703133,not_preferentially_represent
YLR384C,4050,1004,587.0823178290585,33.14393227,not_preferentially_represent,YLR384C,254,63.56539289794376,15.699035045182455,not_preferentially_represent
YDR224C,396,98,57.30484775622284,33.08691174,not_preferentially_represent,YDR224C,879,219.97630061926208,556.9020268842078,not_preferentially_represent
YDR179C,489,121,70.75394467860167,33.08276914,not_preferentially_represent,YDR179C,4,1.0010298094164372,2.0512905930664695,not_preferentially_represent
YBL040C,757,187,109.3470054123844,33.02714782,not_preferentially_represent,YBL040C,324,81.08341456273142,107.25319386604684,not_preferentially_represent
YKR010C,2316,572,334.473193026117,33.02043703,not_preferentially_represent,YKR010C,36,9.009268284747934,3.891692563606019,not_preferentially_represent
YKL082C,1305,322,188.2873569133036,32.98911791,not_preferentially_represent,YKL082C,39,9.760040641810262,7.484693743719526,not_preferentially_represent
YOR084W,1164,287,167.82133985750974,32.96508953,not_preferentially_represent,YOR084W,59,14.765189688892448,12.695777892426868,not_preferentially_represent
YLR011W,576,142,83.03355491207799,32.96030366,not_preferentially_represent,YLR011W,27,6.756951213560951,11.751219501845132,not_preferentially_represent
YLR010C,483,119,69.58445798969916,32.94011976,not_preferentially_represent,YLR010C,8,2.0020596188328743,4.153650661478992,not_preferentially_represent
YNL158W,597,147,85.95727163433425,32.92064585,not_preferentially_represent,YNL158W,46,11.511842808289027,19.31517249712924,not_preferentially_represent
YJR135W-A,264,65,38.00831738933148,32.91810096,not_preferentially_represent,YJR135W-A,254,63.56539289794376,241.69350911765687,not_preferentially_represent
YLL057C,1239,305,178.3467200576323,32.91196982,not_preferentially_represent,YLL057C,45,11.261585355934917,9.096595602532243,not_preferentially_represent
YDR432W,1245,306,178.93146340208355,32.86074598,not_preferentially_represent,YDR432W,969,242.4994713311319,194.93526634335362,not_preferentially_represent
YOR073W,1773,435,254.36335483629523,32.80241845,not_preferentially_represent,YOR073W,9,2.2523170711869835,1.2710592952522481,not_preferentially_represent
YOR102W,351,86,50.2879276228078,32.75794715,not_preferentially_represent,YOR102W,357,89.341910490417,255.2626014011915,not_preferentially_represent
YDR253C,576,141,82.44881156762673,32.72818884,not_preferentially_represent,YDR253C,19,4.754891594728076,8.26937668648361,not_preferentially_represent
YDR288W,912,223,130.39776581262953,32.69153914,not_preferentially_represent,YDR288W,33,8.258495927685606,9.065308372871138,not_preferentially_represent
YJL109C,5310,1298,758.9968610977269,32.68176588,not_preferentially_represent,YJL109C,531,132.88670720003205,25.03045906951065,not_preferentially_represent
YOR103C,393,96,56.13536106732033,32.65908596,not_preferentially_represent,YOR103C,325,81.33367201508553,207.4838571813406,not_preferentially_represent
YMR119W,1875,458,267.81245175867406,32.65799732,not_preferentially_represent,YMR119W,68,17.01750676007943,9.080846723628298,not_preferentially_represent
YMR014W,1560,381,222.78721423592756,32.6531979,not_preferentially_represent,YMR014W,45,11.261585355934917,7.223595481677305,not_preferentially_represent
YGL024W,336,82,47.94895424500278,32.62871107,not_preferentially_represent,YGL024W,3,0.7507723570623278,2.2411115136188893,not_preferentially_represent
YOR104W,849,207,121.04187230140947,32.59777805,not_preferentially_represent,YOR104W,31,7.757981022977387,9.148562527095976,not_preferentially_represent
YBR056W-A,201,49,28.65242387811142,32.59307723,not_preferentially_represent,YBR056W-A,154,38.53964766253283,192.69823831266416,not_preferentially_represent
YFR026C,510,124,72.50817471195542,32.50699708,not_preferentially_represent,YFR026C,4,1.0010298094164372,1.9666597434507607,not_preferentially_represent
YMR318C,1083,263,153.78749959067966,32.46778303,not_preferentially_represent,YMR318C,975,244.00101604525656,225.5092569734349,not_preferentially_represent
YHR001W-A,297,72,42.10152080049025,32.41166864,not_preferentially_represent,YHR001W-A,112,28.028834663660238,94.69200899885216,not_preferentially_represent
YBR058C,2346,568,332.13421964831196,32.37022149,not_preferentially_represent,YBR058C,130,32.53346880603421,13.87354746525979,not_preferentially_represent
YDL146W,1476,357,208.75337396909748,32.33755659,not_preferentially_represent,YDL146W,58,14.514932236538339,9.840632024771756,not_preferentially_represent
YDR258C,2436,588,343.829086537337,32.27196317,not_preferentially_represent,YDR258C,15,3.7538617853116394,1.541627016555088,not_preferentially_represent
YER044C-A,1315,317,185.36364019104735,32.22989217,not_preferentially_represent,YER044C-A,8,2.0020596188328743,1.523637457254851,not_preferentially_represent
YCR020W-B,237,57,33.33037063372145,32.15524721,not_preferentially_represent,YCR020W-B,18,4.504634142373967,19.08743280666935,not_preferentially_represent
YDL215C,3279,788,460.77775542758775,32.12995697,not_preferentially_represent,YDL215C,81,20.270853640682855,6.1839089812943415,not_preferentially_represent
YER034W,558,134,78.35560815646797,32.10672015,not_preferentially_represent,YER034W,53,13.263644974767793,23.812648069601064,not_preferentially_represent
YHL006W-A,354,85,49.703184278356545,32.10265909,not_preferentially_represent,YHL006W-A,9,2.2523170711869835,6.380501618093438,not_preferentially_represent
YLR144C,2340,561,328.04101623715314,32.05327038,not_preferentially_represent,YLR144C,94,23.52420052128627,10.057375169425512,not_preferentially_represent
YKR057W,586,140,81.86406822317548,31.94153352,not_preferentially_represent,YKR057W,932,233.23994559402985,398.70076169919633,not_preferentially_represent
YCL067C,633,151,88.29624501213928,31.89323555,not_preferentially_represent,YCL067C,44,11.011327903580808,17.42298718921014,not_preferentially_represent
YKL133C,1392,332,194.13479035781614,31.88777314,not_preferentially_represent,YKL133C,8,2.0020596188328743,1.4392951968604417,not_preferentially_represent
YKR031C,5052,1204,704.0309867193091,31.86313387,not_preferentially_represent,YKR031C,39,9.760040641810262,1.9322986818076149,not_preferentially_represent
YDL139C,672,160,93.55893511220056,31.83288884,not_preferentially_represent,YDL139C,11,2.752831975895202,4.102581186132939,not_preferentially_represent
YHL004W,1185,281,164.31287979080224,31.7039455,not_preferentially_represent,YHL004W,149,37.288360400762286,95.12336836929154,not_preferentially_represent
YKL169C,384,91,53.211644345064066,31.68367218,not_preferentially_represent,YKL169C,119,29.780636830139006,77.75623193247782,not_preferentially_represent
YGR252W,1320,312,182.43992346879108,31.60137693,not_preferentially_represent,YGR252W,48,12.012357712997245,9.107170366184416,not_preferentially_represent
YOL063C,2874,679,397.0407308824011,31.58699805,not_preferentially_represent,YOL063C,85,21.271883450099292,7.404066637695541,not_preferentially_represent
YJR071W,369,87,50.872670967259054,31.52232408,not_preferentially_represent,YJR071W,214,53.55509480377939,145.53014892331356,not_preferentially_represent
YLR055C,1809,426,249.10066473623397,31.48446917,not_preferentially_represent,YLR055C,52,13.013387522413684,7.197670089830577,not_preferentially_represent
YNL037C,1083,255,149.10955283506962,31.48016985,not_preferentially_represent,YNL037C,345,86.33882106216771,79.79558323675388,not_preferentially_represent
YDR377W,306,72,42.10152080049025,31.45838427,not_preferentially_represent,YDR377W,273,68.32028449267183,224.00093276285847,not_preferentially_represent
YKL170W,417,98,57.30484775622284,31.42066438,not_preferentially_represent,YKL170W,114,28.529349568368456,68.58016723165495,not_preferentially_represent
YIL078W,2205,517,302.31230908129805,31.34781625,not_preferentially_represent,YIL078W,1536,384.39544681591184,174.4080974663847,not_preferentially_represent
YDR461W,111,26,15.20332695573259,31.31667984,not_preferentially_represent,YDR461W,1,0.2502574523541093,2.2750677486737207,not_preferentially_represent
YFR023W,1836,430,251.43963811403898,31.3127436,not_preferentially_represent,YFR023W,4,1.0010298094164372,0.5455203321070502,not_preferentially_represent
YGR280C,816,190,111.10123544573815,31.13069277,not_preferentially_represent,YGR280C,72,18.01853656949587,22.108633827602294,not_preferentially_represent
YDR312W,1362,317,185.36364019104735,31.11770059,not_preferentially_represent,YDR312W,28,7.007208665915059,5.148573597292476,not_preferentially_represent
YHL046W-A,327,76,44.44049417829527,31.07357223,not_preferentially_represent,YHL046W-A,9,2.2523170711869835,6.9089480711257165,not_preferentially_represent
YPL079W,904,210,122.79610233476322,31.05819465,not_preferentially_represent,YPL079W,3640,910.9371265689578,1008.7897304196654,not_preferentially_represent
YJL131C,1071,248,145.01634942391084,30.95904484,not_preferentially_represent,YJL131C,15,3.7538617853116394,3.5082820423473264,not_preferentially_represent
YGL248W,1110,257,150.27903952397213,30.95533353,not_preferentially_represent,YGL248W,92,23.023685616578053,20.760762503677235,not_preferentially_represent
YDR303C,2658,615,359.6171568375209,30.93466963,not_preferentially_represent,YDR303C,74,18.519051474204087,6.969910227400861,not_preferentially_represent
YJL154C,2835,655,383.006890615571,30.88969214,not_preferentially_represent,YJL154C,50,12.512872617705465,4.415269095873488,not_preferentially_represent
YPL272C,1554,359,209.922860658,30.88650566,not_preferentially_represent,YPL272C,3,0.7507723570623278,0.4834335847149568,not_preferentially_represent
YMR091C,1308,302,176.59249002427856,30.86914083,not_preferentially_represent,YMR091C,56,14.014417331830119,10.722584033534904,not_preferentially_represent
YOR086C,3561,821,480.0742857944791,30.82453449,not_preferentially_represent,YOR086C,126,31.532438996617774,8.857426684443194,not_preferentially_represent
YMR006C,2121,489,285.9394954366629,30.82432207,not_preferentially_represent,YMR006C,853,213.46960685805522,100.69321078210152,not_preferentially_represent
YNL222W,621,143,83.61829825652924,30.78717076,not_preferentially_represent,YNL222W,58,14.514932236538339,23.41118102667474,not_preferentially_represent
YLR067C,2898,666,389.4390674045348,30.72565793,not_preferentially_represent,YLR067C,15,3.7538617853116394,1.295775555854898,not_preferentially_represent
YJL078C,2646,608,355.52395342636214,30.72126415,not_preferentially_represent,YJL078C,2831,708.4788476144834,267.8558970187083,not_preferentially_represent
YDR352W,954,219,128.0587924348245,30.69170981,not_preferentially_represent,YDR352W,370,92.59525737102044,97.1618650273037,not_preferentially_represent
YDR087C,837,192,112.27072213464066,30.66910581,not_preferentially_represent,YDR087C,297,74.32646334917045,88.90725281001251,not_preferentially_represent
YBR188C,423,97,56.72010441177159,30.65890996,not_preferentially_represent,YBR188C,28,7.007208665915059,16.604759871836634,not_preferentially_represent
YLR420W,1095,251,146.77057945726463,30.64678668,not_preferentially_represent,YLR420W,226,56.558184232028694,51.69852306401161,not_preferentially_represent
YFR024C-A,1474,337,197.05850708007242,30.56734794,not_preferentially_represent,YFR024C-A,165,41.292479638428034,28.03291217815888,not_preferentially_represent
YER129W,3429,783,457.85403870533145,30.52949497,not_preferentially_represent,YER129W,72,18.01853656949587,5.256282546527383,not_preferentially_represent
YPL234C,495,113,66.07599792299165,30.52098797,not_preferentially_represent,YPL234C,993,248.50565018763052,503.047874873746,not_preferentially_represent
YBR087W,1065,243,142.0926327016546,30.50577122,not_preferentially_represent,YBR087W,254,63.56539289794376,59.741910618368195,not_preferentially_represent
YMR161W,675,154,90.05047504549303,30.50298149,not_preferentially_represent,YMR161W,81,20.270853640682855,30.075450505464172,not_preferentially_represent
YOR390W,1128,257,150.27903952397213,30.46136544,not_preferentially_represent,YOR390W,106,26.527289949535586,23.53796801201028,not_preferentially_represent
YGR039W,312,71,41.516777456038994,30.42489568,not_preferentially_represent,YGR039W,16,4.004119237665749,12.874981471594047,not_preferentially_represent
YKR058W,1851,421,246.17694801397772,30.40892169,not_preferentially_represent,YKR058W,29,7.2574661182691695,3.9229546585238753,not_preferentially_represent
YDR243C,1767,399,233.31259443605015,30.18990103,not_preferentially_represent,YDR243C,26,6.506693761206842,3.6844245533447575,not_preferentially_represent
YCR009C,798,180,105.25380200122562,30.15747364,not_preferentially_represent,YCR009C,138,34.53552842486708,43.33190517549195,not_preferentially_represent
YNL100W,705,159,92.9741917677493,30.15319599,not_preferentially_represent,YNL100W,85,21.271883450099292,30.215743537072854,not_preferentially_represent
YBR109C,444,100,58.47433444512534,30.11219215,not_preferentially_represent,YBR109C,699,174.9299591955224,394.8757543916984,not_preferentially_represent
YBR266C,453,102,59.64382113402785,30.10421541,not_preferentially_represent,YBR266C,134,33.534498615450644,74.19136861825363,not_preferentially_represent
YDR084C,600,135,78.94035150091922,30.08207996,not_preferentially_represent,YDR084C,175,43.79505416196912,73.11361295821223,not_preferentially_represent
YDR416W,2580,579,338.5663964372757,30.00434849,not_preferentially_represent,YDR416W,72,18.01853656949587,6.986636901704486,not_preferentially_represent
YLR267W,1713,383,223.95670092483007,29.89281086,not_preferentially_represent,YLR267W,17,4.254376690019858,2.485033113329356,not_preferentially_represent
YKR060W,825,184,107.59277537903063,29.81873515,not_preferentially_represent,YKR060W,73,18.268794021849978,22.17086653137133,not_preferentially_represent
YCR035C,1185,264,154.3722429351309,29.78591321,not_preferentially_represent,YCR035C,88,22.022655807161616,18.60021605334596,not_preferentially_represent
YNL209W,1842,410,239.7447712250139,29.75908501,not_preferentially_represent,YNL209W,28599,7157.1128798751715,3887.6224225286105,not_preferentially_represent
YJR140C,4947,1100,643.2176788963787,29.72871366,not_preferentially_represent,YJR140C,39,9.760040641810262,1.9733199841913187,not_preferentially_represent
YDR083W,1179,262,153.2027562462284,29.71069625,not_preferentially_represent,YDR083W,221,55.30689697025816,46.94982764877602,not_preferentially_represent
YGR161W-C,279,62,36.25408735597771,29.71069625,not_preferentially_represent,YGR161W-C,34,8.508753380039716,30.607026546905452,not_preferentially_represent
YIL142C-A,333,74,43.27100748939276,29.71069625,not_preferentially_represent,YIL142C-A,115,28.779607020722565,86.68556331542942,not_preferentially_represent
YKL061W,342,76,44.44049417829527,29.71069625,not_preferentially_represent,YKL061W,17,4.254376690019858,12.476177976597825,not_preferentially_represent
YOR085W,1053,234,136.8299426015933,29.71069625,not_preferentially_represent,YOR085W,889,222.47887514280316,211.48182047794978,not_preferentially_represent
YLL019C,2214,491,287.10898212556543,29.65030866,not_preferentially_represent,YLL019C,101,25.27600268776504,11.42160085303436,not_preferentially_represent
YHR001W,1314,291,170.16031323531476,29.60894729,not_preferentially_represent,YHR001W,189,47.298658494926656,36.023349958055334,not_preferentially_represent
YDR017C,3153,698,408.1508544269749,29.59762034,not_preferentially_represent,YDR017C,54,13.513902427121902,4.28740559236101,not_preferentially_represent
YMR314W,705,156,91.21996173439554,29.58426776,not_preferentially_represent,YMR314W,466,116.61997279701492,165.6533704503053,not_preferentially_represent
YOR016C,624,138,80.69458153427297,29.56785637,not_preferentially_represent,YOR016C,438,109.61276413109988,175.94344162295323,not_preferentially_represent
YCR094W,1176,260,152.03326955732592,29.55911107,not_preferentially_represent,YCR094W,114,28.529349568368456,24.280297504994433,not_preferentially_represent
YDR351W,2595,573,335.05793637056826,29.52178431,not_preferentially_represent,YDR351W,55,13.764159879476011,5.306152613521978,not_preferentially_represent
YLR222C-A,231,51,29.821910567013926,29.51776966,not_preferentially_represent,YLR222C-A,2,0.5005149047082186,2.1761517596009505,not_preferentially_represent
YGL247W,594,131,76.6013781231142,29.48561522,not_preferentially_represent,YGL247W,70,17.51802166478765,29.54135187991172,not_preferentially_represent
YEL026W,381,84,49.11844093390529,29.47675376,not_preferentially_represent,YEL026W,1394,348.8588885816284,918.0497067937588,not_preferentially_represent
YJR078W,1362,300,175.42300333537605,29.44892801,not_preferentially_represent,YJR078W,17,4.254376690019858,3.125919684070432,not_preferentially_represent
YGL023C,1908,420,245.59220466952644,29.43040667,not_preferentially_represent,YGL023C,113,28.279092116014347,14.829099169383507,not_preferentially_represent
YER170W,678,149,87.12675832323677,29.38203811,not_preferentially_represent,YER170W,26,6.506693761206842,9.611069071206561,not_preferentially_represent
YPL185W,396,87,50.872670967259054,29.37307471,not_preferentially_represent,YPL185W,1,0.2502574523541093,0.6335631705167324,not_preferentially_represent
YMR272W-A,114,25,14.618583611281336,29.31976604,not_preferentially_represent,YMR272W-A,64,16.016476950662994,141.73873407666366,not_preferentially_represent
YBL025W,438,96,56.13536106732033,29.30370042,not_preferentially_represent,YBL025W,15,3.7538617853116394,8.59007273526691,not_preferentially_represent
YDR320C-A,219,48,28.067680533660166,29.30370042,not_preferentially_represent,YDR320C-A,101,25.27600268776504,115.94496645763779,not_preferentially_represent
YMR219W,4977,1088,636.2007587629638,29.2271587,not_preferentially_represent,YMR219W,50,12.512872617705465,2.514644818670712,not_preferentially_represent
YHL042W,453,99,57.88959110067409,29.21879731,not_preferentially_represent,YHL042W,13,3.253346880603421,7.197670089830577,not_preferentially_represent
YKR084C,1836,401,234.48208112495266,29.20095392,not_preferentially_represent,YKR084C,98,24.525230330702712,13.36524813662273,not_preferentially_represent
YDL217C,624,136,79.52509484537048,29.13933671,not_preferentially_represent,YDL217C,58,14.514932236538339,23.29844660760568,not_preferentially_represent
YOR363C,2991,651,380.667917237766,29.09979428,not_preferentially_represent,YOR363C,27,6.756951213560951,2.259849904200987,not_preferentially_represent
YKL203C,7425,1616,944.9452446332256,29.09847585,not_preferentially_represent,YKL203C,87,21.772398354807507,2.932704519774718,not_preferentially_represent
YPL156C,855,186,108.76226206793314,29.08520791,not_preferentially_represent,YPL156C,43,10.7610704512267,12.600785071694027,not_preferentially_represent
YOR287C,903,196,114.60969551244568,29.01974983,not_preferentially_represent,YOR287C,25,6.256436308852733,6.936182160590612,not_preferentially_represent
YGL229C,2457,533,311.66820259251807,29.00329872,not_preferentially_represent,YGL229C,8,2.0020596188328743,0.8151708545736459,not_preferentially_represent
YOR015W,360,78,45.60998086719777,28.96792885,not_preferentially_represent,YOR015W,11,2.752831975895202,7.668055643162123,not_preferentially_represent
YEL002C,1293,280,163.72813644635096,28.95241862,not_preferentially_represent,YEL002C,1191,298.0566257537442,230.69398278153574,not_preferentially_represent
YML048W,1212,262,153.2027562462284,28.90174165,not_preferentially_represent,YML048W,1703,426.1884413590481,351.93100029648895,not_preferentially_represent
YML075C,3165,683,399.3797042602061,28.85176143,not_preferentially_represent,YML075C,929,232.48917323696753,73.47951113684182,not_preferentially_represent
YNL155W,825,178,104.08431531232311,28.84638509,not_preferentially_represent,YNL155W,63,15.766219498308887,19.13376152707389,not_preferentially_represent
YLR405W,1104,238,139.16891597939832,28.82260479,not_preferentially_represent,YLR405W,141,35.286300781929405,31.991206511268732,not_preferentially_represent
YGL186C,1740,375,219.27875416922004,28.81425283,not_preferentially_represent,YGL186C,417,104.35735763166358,60.009981386810566,not_preferentially_represent
YLR357W,2670,575,336.2274230594707,28.79266912,not_preferentially_represent,YLR357W,95,23.77445797364038,8.907627565994899,not_preferentially_represent
YNL007C,1059,228,133.3214825348858,28.78486719,not_preferentially_represent,YNL007C,170,42.543766900198584,40.21149990566973,not_preferentially_represent
YDR283C,4980,1071,626.2601219072924,28.75315273,not_preferentially_represent,YDR283C,40,10.010298094164373,2.010503734517849,not_preferentially_represent
YPR036W,1437,309,180.68569343543732,28.74928542,not_preferentially_represent,YPR036W,2444,611.629213553443,425.92563617927794,not_preferentially_represent
YOL065C,1155,248,145.01634942391084,28.70747794,not_preferentially_represent,YOL065C,74,18.519051474204087,16.047704916987943,not_preferentially_represent
YPR044C,354,76,44.44049417829527,28.70355401,not_preferentially_represent,YPR044C,5003,1252.0380341276089,3546.8499550357187,not_preferentially_represent
YKR027W,2298,493,288.278468814468,28.6828458,not_preferentially_represent,YKR027W,75,18.769308926558196,8.171227220965694,not_preferentially_represent
YKR012C,378,81,47.36421090055153,28.64959996,not_preferentially_represent,YKR012C,63,15.766219498308887,41.82021087084585,not_preferentially_represent
YFR055W,1023,219,128.0587924348245,28.62159449,not_preferentially_represent,YFR055W,847,211.96806214393055,576.0001688693766,not_preferentially_represent
YMR197C,654,140,81.86406822317548,28.62039547,not_preferentially_represent,YMR197C,48,12.012357712997245,18.395647339965155,not_preferentially_represent
YIR001C,753,161,94.1436784566518,28.58618783,not_preferentially_represent,YIR001C,42,10.510812998872591,13.977144945309295,not_preferentially_represent
YGL031C,931,199,116.36392554579943,28.57779645,not_preferentially_represent,YGL031C,6553,1639.937085276478,1763.3732099747076,not_preferentially_represent
YDR293C,3753,800,467.79467556100275,28.49946883,not_preferentially_represent,YDR293C,436,109.11224922639165,29.08108987910225,not_preferentially_represent
YPL187W,498,106,61.982794511832864,28.45783557,not_preferentially_represent,YPL187W,5276,1320.3583186202804,2656.656576700766,not_preferentially_represent
YKL025C,2040,434,253.778611491844,28.44362244,not_preferentially_represent,YKL025C,116,29.029864473076678,14.237304793073408,not_preferentially_represent
YGL188C,174,37,21.63550374469638,28.4300628,not_preferentially_represent,YGL188C,11,2.752831975895202,19.663085542108586,not_preferentially_represent
YKL135C,2181,463,270.73616848093036,28.38250144,not_preferentially_represent,YKL135C,140,35.0360433295753,88.03025962204849,not_preferentially_represent
YDR279W,1053,223,130.39776581262953,28.31403959,not_preferentially_represent,YDR279W,32,8.008238475331497,7.612393987957697,not_preferentially_represent
YNL036W,666,141,82.44881156762673,28.30546062,not_preferentially_represent,YNL036W,66,16.516991855371213,24.83758173740032,not_preferentially_represent
YBR267W,1182,250,146.18583611281335,28.27794694,not_preferentially_represent,YBR267W,471,117.87126005878547,99.80631673055501,not_preferentially_represent
YDL099W,1026,217,126.889305745922,28.27728547,not_preferentially_represent,YDL099W,27,6.756951213560951,6.592147525425318,not_preferentially_represent
YHR005C,1419,300,175.42300333537605,28.26599009,not_preferentially_represent,YHR005C,87,21.772398354807507,15.354300673348032,not_preferentially_represent
YPL240C,2130,450,263.134505003064,28.24608447,not_preferentially_represent,YPL240C,53,13.263644974767793,6.229988245546168,not_preferentially_represent
YER050C,417,88,51.4574143117103,28.21447414,not_preferentially_represent,YER050C,69,17.26776421243354,41.50904858758063,not_preferentially_represent
YML050W,936,197,115.19443885689694,28.13945751,not_preferentially_represent,YML050W,15,3.7538617853116394,4.014825438835978,not_preferentially_represent
YHR004C,1341,282,164.89762313525347,28.11549109,not_preferentially_represent,YHR004C,46,11.511842808289027,8.590927468872408,not_preferentially_represent
YDR320W-B,138,29,16.95755698908635,28.0959845,not_preferentially_represent,YDR320W-B,3,0.7507723570623278,5.48009019753524,not_preferentially_represent
YPR008W,2085,438,256.117584869649,28.08622653,not_preferentially_represent,YPR008W,122,30.53140918720133,14.650388285605246,not_preferentially_represent
YCL018W,1095,230,134.4909692237883,28.0827129,not_preferentially_represent,YCL018W,830,207.71368545391073,189.8662572704851,not_preferentially_represent
YCR031C,721,151,88.29624501213928,28.0005799,not_preferentially_represent,YCR031C,9315,2331.1481686785282,3237.7057898312887,not_preferentially_represent
YMR192W,2163,453,264.8887350364178,28.0005799,not_preferentially_represent,YMR192W,42,10.510812998872591,4.861615633151059,not_preferentially_represent
YDR252W,450,94,54.96587437841783,27.92805448,not_preferentially_represent,YDR252W,14,3.5036043329575297,7.803127690328575,not_preferentially_represent
YNL156C,900,188,109.93174875683566,27.92805448,not_preferentially_represent,YNL156C,289,72.32440373033758,80.44983729737217,not_preferentially_represent
YMR181C,465,97,56.72010441177159,27.8897181,not_preferentially_represent,YMR181C,183,45.797113780802,98.70067625172845,not_preferentially_represent
YOR238W,912,190,111.10123544573815,27.85377774,not_preferentially_represent,YOR238W,28,7.007208665915059,7.6917768012239955,not_preferentially_represent
YPL244C,1020,212,123.96558902366573,27.78823944,not_preferentially_represent,YPL244C,377,94.3470595374992,92.58788963444475,not_preferentially_represent
YGR040W,1107,230,134.4909692237883,27.77829325,not_preferentially_represent,YGR040W,51,12.763130070059574,11.539900605840483,not_preferentially_represent
YBR210W,429,89,52.04215765616156,27.73690874,not_preferentially_represent,YBR210W,72,18.01853656949587,42.099384508167915,not_preferentially_represent
YCR007C,720,149,87.12675832323677,27.66808589,not_preferentially_represent,YCR007C,7,1.7518021664787649,2.4364425124878513,not_preferentially_represent
YNL038W,764,158,92.38944842329805,27.64961392,not_preferentially_represent,YNL038W,50,12.512872617705465,16.399570927530096,not_preferentially_represent
YOR083W,888,183,107.00803203457937,27.55265582,not_preferentially_represent,YOR083W,8,2.0020596188328743,5.871142577222505,not_preferentially_represent
YAR002C-A,660,136,79.52509484537048,27.54991835,not_preferentially_represent,YAR002C-A,1349,337.59730322569345,512.2872583090947,not_preferentially_represent
YDL123W,423,87,50.872670967259054,27.4981976,not_preferentially_represent,YDL123W,97,24.2749728783486,57.52363241314834,not_preferentially_represent
YNL298W,2529,520,304.06653911465185,27.49032394,not_preferentially_represent,YNL298W,100,25.02574523541093,9.899424539323944,not_preferentially_represent
YGL184C,1398,287,167.82133985750974,27.44732776,not_preferentially_represent,YGL184C,10,2.502574523541093,1.791391928089544,not_preferentially_represent
YJL076W,3570,732,428.0321281383175,27.41373486,not_preferentially_represent,YJL076W,137,34.28527097251297,9.606408229899964,not_preferentially_represent
YMR118C,591,121,70.75394467860167,27.37305264,not_preferentially_represent,YMR118C,24,6.0061788564986225,10.179964163556988,not_preferentially_represent
YMR015C,1617,331,193.5500470133649,27.36801612,not_preferentially_represent,YMR015C,923,230.98762852284287,142.93788893740276,not_preferentially_represent
YHL041W,450,92,53.79638768951531,27.33384055,not_preferentially_represent,YHL041W,1,0.2502574523541093,0.5573662635948982,not_preferentially_represent
YDL077C,3150,643,375.98997048215597,27.2913967,not_preferentially_represent,YDL077C,34,8.508753380039716,2.702049342661072,not_preferentially_represent
YNL162W,833,170,99.40636855671309,27.2853333,not_preferentially_represent,YNL162W,4555,1139.922695472968,5229.003190242972,preferentially_represented
YJR053W,1725,352,205.8296572468412,27.28216978,not_preferentially_represent,YJR053W,11,2.752831975895202,1.5967702876422287,not_preferentially_represent
YLR063W,1098,224,130.98250915708078,27.27539328,not_preferentially_represent,YLR063W,29,7.2574661182691695,6.615739396781376,not_preferentially_represent
YJL090C,2295,468,273.6598852031866,27.26393303,not_preferentially_represent,YJL090C,19,4.754891594728076,2.0727513490532155,not_preferentially_represent
YDR097C,3729,758,443.2354550940501,27.17704074,not_preferentially_represent,YDR097C,65,16.266734403017104,4.363394421410168,not_preferentially_represent
YOR364W,369,75,43.85575083384401,27.17441731,not_preferentially_represent,YOR364W,4,1.0010298094164372,2.720189699501188,not_preferentially_represent
YDR167W,621,126,73.67766140085793,27.12715745,not_preferentially_represent,YDR167W,159,39.79093492430338,64.17892729726351,not_preferentially_represent
YEL019C,804,163,95.31316514555431,27.10546729,not_preferentially_represent,YEL019C,14,3.5036043329575297,4.363143627593437,not_preferentially_represent
YLR449W,1179,239,139.75365932384958,27.10250536,not_preferentially_represent,YLR449W,716,179.18433588554225,152.10894387567254,not_preferentially_represent
YGR099W,2067,419,245.00746132507518,27.10184702,not_preferentially_represent,YGR099W,89,22.272913259515725,10.780693736454854,not_preferentially_represent
YDR082W,1485,301,176.00774667982728,27.09975628,not_preferentially_represent,YDR082W,13,3.253346880603421,2.1922822645575613,not_preferentially_represent
YBR011C,864,175,102.33008527896935,27.08006169,not_preferentially_represent,YBR011C,6064,1517.5611910753187,1758.4718320687355,not_preferentially_represent
YCR061W,1896,384,224.54144426928133,27.07810292,not_preferentially_represent,YCR061W,197,49.30071811375953,26.01621008641664,not_preferentially_represent
YGL231C,573,116,67.8302279563454,27.06628873,not_preferentially_represent,YGL231C,370,92.59525737102044,161.87982057870707,not_preferentially_represent
YBR257W,840,170,99.40636855671309,27.05795552,not_preferentially_represent,YBR257W,26,6.506693761206842,7.755296497266795,not_preferentially_represent
YOL024W,519,105,61.39805116738161,27.04875526,not_preferentially_represent,YOL024W,3,0.7507723570623278,1.2789989047058397,not_preferentially_represent
YPL191C,1083,219,128.0587924348245,27.03591058,not_preferentially_represent,YPL191C,6,1.5015447141246556,1.311392763427647,not_preferentially_represent
YJR115W,510,103,60.2285644784791,27.00177983,not_preferentially_represent,YJR115W,54,13.513902427121902,17.482409349446186,not_preferentially_represent
YBR010W,411,83,48.533697589454036,26.9998663,not_preferentially_represent,YBR010W,1853,463.72705921216453,1131.0416078345477,not_preferentially_represent
YBR057C,1101,222,129.81302246817827,26.95820668,not_preferentially_represent,YBR057C,24,6.0061788564986225,5.46016259681693,not_preferentially_represent
YMR099C,894,180,105.25380200122562,26.91908721,not_preferentially_represent,YMR099C,640,160.16476950662997,179.35584491223958,not_preferentially_represent
YLR410W,3441,692,404.6423943602674,26.88727351,not_preferentially_represent,YLR410W,191,47.799173399634874,13.895108546405487,not_preferentially_represent
YPL186C,915,184,107.59277537903063,26.88574481,not_preferentially_represent,YPL186C,5,1.2512872617705466,1.3690232623310137,not_preferentially_represent
YMR196W,3267,655,383.006890615571,26.80510475,not_preferentially_represent,YMR196W,108,27.027804854243804,8.275506691440233,not_preferentially_represent
YJR054W,1494,299,174.83825999092477,26.75752464,not_preferentially_represent,YJR054W,37,9.259525737102043,6.201959636371094,not_preferentially_represent
YFL013C,2079,416,243.25323129172145,26.7524884,not_preferentially_represent,YFL013C,40,10.010298094164373,12.466124650266963,not_preferentially_represent
YBR191W-A,75,15,8.771150166768802,26.73962663,not_preferentially_represent,YBR191W-A,6,1.5015447141246556,20.291144785468322,not_preferentially_represent
YGR033C,720,144,84.2030416009805,26.73962663,not_preferentially_represent,YGR033C,87,21.772398354807507,30.281499798063294,not_preferentially_represent
YNL245C,540,108,63.152281200735366,26.73962663,not_preferentially_represent,YNL245C,74,18.519051474204087,34.35816600037864,not_preferentially_represent
YLR148W,2757,551,322.19358279264065,26.720229,not_preferentially_represent,YLR148W,23,5.755921404144513,2.088505589312233,not_preferentially_represent
YEL072W,696,139,81.27932487872422,26.70120763,not_preferentially_represent,YEL072W,7,1.7518021664787649,2.5205786568039783,not_preferentially_represent
YKL168C,2175,434,253.778611491844,26.67815622,not_preferentially_represent,YKL168C,40,10.010298094164373,4.604552941197963,not_preferentially_represent
YKR059W,1188,237,138.5841726349471,26.67210232,not_preferentially_represent,YKR059W,8855,2216.0297405956376,1866.9163779238734,not_preferentially_represent
YGL140C,3660,730,426.86264144941504,26.66656754,not_preferentially_represent,YGL140C,151,37.788875305470505,10.327651081025008,not_preferentially_represent
YML080W,1272,253,147.9400661461671,26.5924746,not_preferentially_represent,YML080W,171,42.79402435255269,33.669570694376624,not_preferentially_represent
YNR057C,714,142,83.03355491207799,26.5898248,not_preferentially_represent,YNR057C,45,11.261585355934917,15.794649868071414,not_preferentially_represent
YPL149W,885,176,102.9148286234206,26.58855529,not_preferentially_represent,YPL149W,144,36.03707313899174,40.765919840488394,not_preferentially_represent
YBR189W,1001,199,116.36392554579943,26.57934915,not_preferentially_represent,YBR189W,7539,1886.6909332976297,1886.69093329763,not_preferentially_represent
YBR190W,312,62,36.25408735597771,26.56821877,not_preferentially_represent,YBR190W,51,12.763130070059574,41.039003440706026,not_preferentially_represent
YDR241W,288,57,33.33037063372145,26.46108885,not_preferentially_represent,YDR241W,38,9.509783189456153,33.135133064307155,not_preferentially_represent
YPL248C,2646,523,305.8207691480055,26.42635058,not_preferentially_represent,YPL248C,60,15.015447141246558,5.67691763374161,not_preferentially_represent
YLR051C,654,129,75.4318914342117,26.37165012,not_preferentially_represent,YLR051C,76,19.019566378912305,29.126441621611495,not_preferentially_represent
YGL030W,548,108,63.152281200735366,26.34926712,not_preferentially_represent,YGL030W,5857,1465.757898438018,2679.630527308991,not_preferentially_represent
YOR361C,2292,451,263.7192483475153,26.30796599,not_preferentially_represent,YOR361C,1370,342.8527097251297,149.65199027722818,not_preferentially_represent
YJR070C,978,192,112.27072213464066,26.24748626,not_preferentially_represent,YJR070C,1408,352.36249291458586,360.657618131613,not_preferentially_represent
YLR014C,2715,533,311.66820259251807,26.24718415,not_preferentially_represent,YLR014C,48,12.012357712997245,4.42607137545956,not_preferentially_represent
YOR121C,306,60,35.08460066707521,26.21532022,not_preferentially_represent,YOR121C,17,4.254376690019858,13.948776032851994,not_preferentially_represent
YJR055W,495,97,56.72010441177159,26.19943215,not_preferentially_represent,YJR055W,13,3.253346880603421,6.585722430371297,not_preferentially_represent
YDR438W,1113,218,127.47404909037327,26.18705573,not_preferentially_represent,YDR438W,88,22.022655807161616,19.804546589174116,not_preferentially_represent
YLR122C,378,74,43.27100748939276,26.17370861,not_preferentially_represent,YLR122C,3,0.7507723570623278,1.9914386128974213,not_preferentially_represent
YGL029W,363,71,41.516777456038994,26.15032356,not_preferentially_represent,YGL029W,44,11.011327903580808,30.418032882819915,not_preferentially_represent
YOL043C,1143,223,130.39776581262953,26.08458766,not_preferentially_represent,YOL043C,11,2.752831975895202,2.410535880818916,not_preferentially_represent
YBL026W,416,81,47.36421090055153,26.03256919,not_preferentially_represent,YBL026W,173,43.29453925726091,104.32419098135158,not_preferentially_represent
YFR025C,1008,196,114.60969551244568,25.99685922,not_preferentially_represent,YFR025C,233,58.30998639850746,57.904653821755176,not_preferentially_represent
YJL110C,1656,322,188.2873569133036,25.99685922,not_preferentially_represent,YJL110C,37,9.259525737102043,5.594879599457428,not_preferentially_represent
YER103W,1929,375,219.27875416922004,25.99108343,not_preferentially_represent,YER103W,39,9.760040641810262,5.062261743677522,not_preferentially_represent
YNR052C,1302,253,147.9400661461671,25.97974477,not_preferentially_represent,YNR052C,350,87.59010832393824,67.32521777397253,not_preferentially_represent
YOR090C,1719,334,195.30427704671865,25.97741505,not_preferentially_represent,YOR090C,132,33.033983710742426,19.22816281184076,not_preferentially_represent
YGL027C,2502,486,284.1852654033092,25.97014097,not_preferentially_represent,YGL027C,148,37.038102948408174,14.809317452382317,not_preferentially_represent
YKL081W,1565,303,177.1772333687298,25.88532546,not_preferentially_represent,YKL081W,7132,1784.8361501895074,1141.1995845201454,not_preferentially_represent
YLR068W,456,88,51.4574143117103,25.80139412,not_preferentially_represent,YLR068W,50,12.512872617705465,27.50081894001201,not_preferentially_represent
YIL088C,1473,284,166.06710982415598,25.77750836,not_preferentially_represent,YIL088C,365,91.34397010924988,62.05432751987085,not_preferentially_represent
YGR172C,747,144,84.2030416009805,25.7731341,not_preferentially_represent,YGR172C,240,60.06178856498623,80.51178091821211,not_preferentially_represent
YLR445W,649,125,73.09291805640667,25.75079606,not_preferentially_represent,YLR445W,3,0.7507723570623278,1.1585993164542097,not_preferentially_represent
YPR181C,2307,444,259.62604493635655,25.73124019,not_preferentially_represent,YPR181C,3737,935.2120994473064,405.55598414887527,not_preferentially_represent
YDL167C,2160,415,242.6684879472702,25.6873728,not_preferentially_represent,YDL167C,95,23.77445797364038,11.011791557962196,not_preferentially_represent
YLR127C,2562,492,287.69372547001666,25.67505133,not_preferentially_represent,YLR127C,28,7.007208665915059,2.736122087432667,not_preferentially_represent
YJL077W-B,99,19,11.110123544573817,25.65923767,not_preferentially_represent,YJL077W-B,1,0.2502574523541093,2.5536474730011154,not_preferentially_represent
YLR223C,3258,625,365.4645902820334,25.6480458,not_preferentially_represent,YLR223C,60,15.015447141246558,4.610207903360933,not_preferentially_represent
YLL058W,1728,331,193.5500470133649,25.6100012,not_preferentially_represent,YLL058W,106,26.527289949535586,15.360330022892636,not_preferentially_represent
YPR094W,324,62,36.25408735597771,25.58421066,not_preferentially_represent,YPR094W,58,14.514932236538339,44.937870701357085,not_preferentially_represent
YLR124W,345,66,38.59306073378273,25.57703417,not_preferentially_represent,YLR124W,1,0.2502574523541093,0.7274925940526433,not_preferentially_represent
YCR040W,528,101,59.0590777895766,25.57483229,not_preferentially_represent,YCR040W,131,32.78372625838831,62.208209218953165,not_preferentially_represent
YLR123C,330,63,36.838830700428964,25.52418906,not_preferentially_represent,YLR123C,2,0.5005149047082186,1.3276257419316142,not_preferentially_represent
YNR058W,1443,275,160.80441972409469,25.4795472,not_preferentially_represent,YNR058W,31,7.757981022977387,5.380014579041185,not_preferentially_represent
YLR399C,2061,392,229.21939102489137,25.42924221,not_preferentially_represent,YLR399C,96,24.02471542599449,11.66248321650218,not_preferentially_represent
YPL150W,2706,514,300.55807904794426,25.39572817,not_preferentially_represent,YPL150W,59,14.765189688892448,5.458480476485193,not_preferentially_represent
YPR168W,474,90,52.62690100061281,25.38572148,not_preferentially_represent,YPR168W,3,0.7507723570623278,1.5872565688421307,not_preferentially_represent
YOR205C,1671,317,185.36364019104735,25.36343998,not_preferentially_represent,YOR205C,55,13.764159879476011,8.24201190387785,not_preferentially_represent
YOR211C,2646,501,292.956415570078,25.31472589,not_preferentially_represent,YOR211C,38,9.509783189456153,3.5953811680363525,not_preferentially_represent
YBR058C-A,243,46,26.898193844757657,25.30911162,not_preferentially_represent,YBR058C-A,183,45.797113780802,189.24427182149586,not_preferentially_represent
YER133W,1464,277,161.97390641299722,25.29670962,not_preferentially_represent,YER133W,99,24.77548778305682,16.934714820954763,not_preferentially_represent
YPR043W,682,129,75.4318914342117,25.28894307,not_preferentially_represent,YPR043W,4126,1032.562248413055,1516.2441239545594,not_preferentially_represent
YCR037C,2772,524,306.4055124924568,25.27338448,not_preferentially_represent,YCR037C,105,26.277032497181477,9.4828699015451,not_preferentially_represent
YER090C-A,90,17,9.94063685567131,25.25409182,not_preferentially_represent,YER090C-A,7,1.7518021664787649,19.683170409873764,not_preferentially_represent
YKR030W,822,155,90.63521838994428,25.21071854,not_preferentially_represent,YKR030W,166,41.54273709078215,50.600166980246215,not_preferentially_represent
YMR117C,642,121,70.75394467860167,25.1985578,not_preferentially_represent,YMR117C,18,4.504634142373967,7.02751036251789,not_preferentially_represent
YMR179W,2277,428,250.27015142513645,25.13078656,not_preferentially_represent,YMR179W,20,5.005149047082186,2.1990988783313647,not_preferentially_represent
YOR123C,1395,262,153.2027562462284,25.11033038,not_preferentially_represent,YOR123C,45,11.261585355934917,8.07861216351142,not_preferentially_represent
YMR134W,714,134,78.35560815646797,25.0918065,not_preferentially_represent,YMR134W,61,15.265704593600665,21.41052537671903,not_preferentially_represent
YBL087C,918,172,100.5758552456156,25.05019488,not_preferentially_represent,YBL087C,4482,1121.6539014511177,1223.1776460753738,not_preferentially_represent
YDL122W,2430,455,266.0582217253203,25.03401258,not_preferentially_represent,YDL122W,106,26.527289949535586,10.921074495486037,not_preferentially_represent
YAL026C-A,438,82,47.94895424500278,25.03024411,not_preferentially_represent,YAL026C-A,8,2.0020596188328743,4.581372125475685,not_preferentially_represent
YER111C,3282,614,359.0324134930696,25.01238688,not_preferentially_represent,YER111C,18,4.504634142373967,1.3729454868558266,not_preferentially_represent
YNL154C,1641,307,179.5162067465348,25.01238688,not_preferentially_represent,YNL154C,153,38.28939021017872,23.347189152548,not_preferentially_represent
YPL014W,1146,214,125.13507571256822,24.96631806,not_preferentially_represent,YPL014W,187,46.79814359021844,40.87174112682833,not_preferentially_represent
YNL089C,477,89,52.04215765616156,24.94577327,not_preferentially_represent,YNL089C,129,32.283211353680095,67.82187259176492,not_preferentially_represent
YER079C-A,339,63,36.838830700428964,24.84655572,not_preferentially_represent,YER079C-A,3,0.7507723570623278,2.2212199913086623,not_preferentially_represent
YDL152W,366,68,39.76254742268524,24.84009031,not_preferentially_represent,YDL152W,2,0.5005149047082186,1.371273711529366,not_preferentially_represent
YHR086W,1572,292,170.745056579766,24.83451328,not_preferentially_represent,YHR086W,176,44.04531161432323,28.036480976653873,not_preferentially_represent
YDR042C,603,112,65.49125457854039,24.83282075,not_preferentially_represent,YDR042C,10,2.502574523541093,4.157100537443676,not_preferentially_represent
YGR161C,792,147,85.95727163433425,24.8151838,not_preferentially_represent,YGR161C,176,44.04531161432323,55.68307410154644,not_preferentially_represent
YDL246C,1074,199,116.36392554579943,24.77274534,not_preferentially_represent,YDL246C,26,6.506693761206842,6.06402028071467,not_preferentially_represent
YOR254C,1992,368,215.18555075806125,24.69925351,not_preferentially_represent,YOR254C,265,66.31822487383896,33.30900295019536,not_preferentially_represent
YGL025C,1194,220,128.64353577927577,24.63449689,not_preferentially_represent,YGL025C,63,15.766219498308887,13.215607291122284,not_preferentially_represent
YGL239C,315,58,33.9151139781727,24.61743404,not_preferentially_represent,YGL239C,4,1.0010298094164372,3.1879930236192267,not_preferentially_represent
YLL005C,2607,480,280.67680533660166,24.6164572,not_preferentially_represent,YLL005C,20,5.005149047082186,1.9206251139993038,not_preferentially_represent
YLR292C,582,107,62.56753785628411,24.58024097,not_preferentially_represent,YLR292C,227,56.80844168438281,97.77700806262101,not_preferentially_represent
YBR282W,441,81,47.36421090055153,24.55679997,not_preferentially_represent,YBR282W,65,16.266734403017104,36.969850915947966,not_preferentially_represent
YDR434W,1605,294,171.9145432686685,24.49049916,not_preferentially_represent,YDR434W,106,26.527289949535586,16.538210691730413,not_preferentially_represent
YBL077W,432,79,46.194724211649024,24.44942713,not_preferentially_represent,YBL077W,300,75.07723570623278,174.19312228824313,not_preferentially_represent
YGR146C,636,116,67.8302279563454,24.3851941,not_preferentially_represent,YGR146C,143,35.78681568663763,56.35719005769705,not_preferentially_represent
YHR210C,1026,187,109.3470054123844,24.36798333,not_preferentially_represent,YHR210C,21,5.255406499436296,5.12722585310858,not_preferentially_represent
YNL161W,2271,413,241.49900125836768,24.31410347,not_preferentially_represent,YNL161W,67,16.767249307725322,7.386453439526574,not_preferentially_represent
YDR263C,1293,235,137.41468594604456,24.29935135,not_preferentially_represent,YDR263C,8,2.0020596188328743,1.5495817483226582,not_preferentially_represent
YGL016W,3246,589,344.4138298817883,24.26007407,not_preferentially_represent,YGL016W,164,41.04222218607393,12.647834263813227,not_preferentially_represent
YML059C,5040,913,533.8706734839943,24.21952293,not_preferentially_represent,YML059C,141,35.286300781929405,7.002639567757375,not_preferentially_represent
YDR227W,4077,738,431.5405882050251,24.20142808,not_preferentially_represent,YDR227W,25,6.256436308852733,1.5349451199344288,not_preferentially_represent
YMR193C-A,387,70,40.93203411158774,24.18312486,not_preferentially_represent,YMR193C-A,8,2.0020596188328743,5.186682950344234,not_preferentially_represent
YNL210W,813,147,85.95727163433425,24.1742012,not_preferentially_represent,YNL210W,21,5.255406499436296,6.4721754919166194,not_preferentially_represent
YER046W,432,78,45.60998086719777,24.13994071,not_preferentially_represent,YER046W,28,7.007208665915059,16.25802474690269,not_preferentially_represent
YPL116W,2094,378,221.03298420257383,24.13462002,not_preferentially_represent,YPL116W,61,15.265704593600665,7.293695458003185,not_preferentially_represent
YKL127W,1713,309,180.68569343543732,24.11717638,not_preferentially_represent,YKL127W,719,179.93510824260457,105.10228285198866,not_preferentially_represent
YDL237W,1173,211,123.38084567921449,24.04970681,not_preferentially_represent,YDL237W,315,78.83109749154443,67.2620285764031,not_preferentially_represent
YFR029W,2037,366,214.01606406915874,24.02234498,not_preferentially_represent,YFR029W,75,18.769308926558196,9.21871754742544,not_preferentially_represent
YDL150W,1269,228,133.3214825348858,24.02141399,not_preferentially_represent,YDL150W,190,47.54891594728076,37.499145068833414,not_preferentially_represent
YGL141W,2733,491,287.10898212556543,24.01967924,not_preferentially_represent,YGL141W,33,8.258495927685606,3.022875522578919,not_preferentially_represent
YKL014C,5295,951,556.090920573142,24.01263921,not_preferentially_represent,YKL014C,101,25.27600268776504,4.774462162403672,not_preferentially_represent
YFL036W,4056,728,425.6931547605125,23.99710082,not_preferentially_represent,YFL036W,164,41.04222218607393,10.121386482385677,not_preferentially_represent
YNL270C,1722,309,180.68569343543732,23.99112842,not_preferentially_represent,YNL270C,25,6.256436308852733,3.6353493950335456,not_preferentially_represent
YHR010W,972,174,101.74534193451811,23.93361643,not_preferentially_represent,YHR010W,6345,1587.8835351868236,1635.3074512737626,not_preferentially_represent
YNR032W,1107,198,115.77918220134818,23.91348723,not_preferentially_represent,YNR032W,121,30.281151734847224,27.37897986875879,not_preferentially_represent
YJL167W,1059,189,110.51649210128691,23.86113991,not_preferentially_represent,YJL167W,1039,260.01749299591955,245.76322589406385,not_preferentially_represent
YDL216C,1323,236,137.9994292904958,23.84940244,not_preferentially_represent,YDL216C,15,3.7538617853116394,2.839532364078396,not_preferentially_represent
YKL161C,1302,232,135.6604559126908,23.82332326,not_preferentially_represent,YKL161C,99,24.77548778305682,19.043418741780798,not_preferentially_represent
YJR110W,2067,368,215.18555075806125,23.80305418,not_preferentially_represent,YJR110W,13,3.253346880603421,1.574708073864192,not_preferentially_represent
YDR451C,1062,189,110.51649210128691,23.79373556,not_preferentially_represent,YDR451C,97,24.2749728783486,22.879333532845052,not_preferentially_represent
YFR030W,3108,553,323.36306948154316,23.7886318,not_preferentially_represent,YFR030W,129,32.283211353680095,10.390476779427132,not_preferentially_represent
YOL006C,2310,411,240.32951456946518,23.78784966,not_preferentially_represent,YOL006C,46,11.511842808289027,4.985640020913395,not_preferentially_represent
YPL181W,1521,270,157.88070300183844,23.73339642,not_preferentially_represent,YPL181W,35,8.759010832393825,22.869479980140536,not_preferentially_represent
YDR310C,3189,566,330.96473295940945,23.72942721,not_preferentially_represent,YDR310C,129,32.283211353680095,10.126477839924748,not_preferentially_represent
YFR005C,1347,239,139.75365932384958,23.72223743,not_preferentially_represent,YFR005C,77,19.269823831266415,14.316362430361378,not_preferentially_represent
YOR340C,981,174,101.74534193451811,23.71404196,not_preferentially_represent,YOR340C,162,40.54170728136571,41.369089062618066,not_preferentially_represent
YOR290C,5112,906,529.7774700728356,23.69532641,not_preferentially_represent,YOR290C,59,14.765189688892448,2.8889042631368516,not_preferentially_represent
YDL151C,582,103,60.2285644784791,23.66135346,not_preferentially_represent,YDL151C,65,16.266734403017104,27.997821691939937,not_preferentially_represent
YPL225W,441,78,45.60998086719777,23.64728886,not_preferentially_represent,YPL225W,556,139.14314350888475,316.2344170656472,not_preferentially_represent
YOR337W,2280,403,235.65156781385514,23.63173143,not_preferentially_represent,YOR337W,145,36.28733059134585,15.922479417001249,not_preferentially_represent
YOL089C,3093,546,319.26986607038435,23.60141633,not_preferentially_represent,YOL089C,46,11.511842808289027,3.7231056947894654,not_preferentially_represent
YOL025W,1983,350,204.6601705579387,23.59775421,not_preferentially_represent,YOL025W,26,6.506693761206842,3.2828929168551166,not_preferentially_represent
YMR062C,1326,234,136.8299426015933,23.5937882,not_preferentially_represent,YMR062C,254,63.56539289794376,47.97388143241039,not_preferentially_represent
YJR135C,720,127,74.26240474530918,23.58286515,not_preferentially_represent,YJR135C,17,4.254376690019858,5.917074673184781,not_preferentially_represent
YPL148C,522,92,53.79638768951531,23.56365565,not_preferentially_represent,YPL148C,25,6.256436308852733,12.008514988201021,not_preferentially_represent
YPL209C,1104,194,113.44020882354317,23.49405601,not_preferentially_represent,YPL209C,6,1.5015447141246556,1.3613279366497333,not_preferentially_represent
YJL059W,1227,215,125.71981905701949,23.42713824,not_preferentially_represent,YJL059W,85,21.271883450099292,17.35063902944477,not_preferentially_represent
YLR406C,691,121,70.75394467860167,23.41168468,not_preferentially_represent,YLR406C,1495,374.1348912693934,542.2244801005701,not_preferentially_represent
YBR050C,1017,178,104.08431531232311,23.40045988,not_preferentially_represent,YBR050C,5,1.2512872617705466,1.2315819505615615,not_preferentially_represent
YDR359C,2949,516,301.7275657368468,23.39377304,not_preferentially_represent,YDR359C,73,18.268794021849978,6.197012897506776,not_preferentially_represent
YGL028C,1629,285,166.65185316860723,23.39101777,not_preferentially_represent,YGL028C,645,161.4160567684005,99.14991201990202,not_preferentially_represent
YMR183C,888,155,90.63521838994428,23.33694892,not_preferentially_represent,YMR183C,306,76.57878042035745,86.33458897447288,not_preferentially_represent
YIL124W,894,156,91.21996173439554,23.32987558,not_preferentially_represent,YIL124W,198,49.55097556611364,55.48821451972412,not_preferentially_represent
YNL090W,579,101,59.0590777895766,23.32212685,not_preferentially_represent,YNL090W,180,45.04634142373967,77.93484675387487,not_preferentially_represent
YHL006C,453,79,46.194724211649024,23.31600997,not_preferentially_represent,YHL006C,24,6.0061788564986225,13.288006319687218,not_preferentially_represent
YMR319C,1659,289,168.99082654641225,23.29039209,not_preferentially_represent,YMR319C,442,110.61379394051632,66.71519538028728,not_preferentially_represent
YOR114W,885,154,90.05047504549303,23.26498588,not_preferentially_represent,YOR114W,10,2.502574523541093,2.8309666555894717,not_preferentially_represent
YMR125W,2908,505,295.295388947883,23.217867,not_preferentially_represent,YMR125W,131,32.78372625838831,11.27751161279268,not_preferentially_represent
YDR354C-A,144,25,14.618583611281336,23.21148145,not_preferentially_represent,YDR354C-A,34,8.508753380039716,59.50177188838962,not_preferentially_represent
YPL140C,1521,264,154.3722429351309,23.20598761,not_preferentially_represent,YPL140C,64,16.016476950662994,10.537155888594075,not_preferentially_represent
YCR095C,1089,189,110.51649210128691,23.20380823,not_preferentially_represent,YCR095C,50,12.512872617705465,11.500802038332228,not_preferentially_represent
YOL045W,3306,572,334.473193026117,23.13228438,not_preferentially_represent,YOL045W,29,7.2574661182691695,10.767753884672358,not_preferentially_represent
YDL059C,717,124,72.50817471195542,23.12213181,not_preferentially_represent,YDL059C,15,3.7538617853116394,5.24282372250229,not_preferentially_represent
YGL068W,585,101,59.0590777895766,23.08292555,not_preferentially_represent,YGL068W,361,90.34294029983344,194.7046127151583,not_preferentially_represent
YFR002W,2520,435,254.36335483629523,23.07884441,not_preferentially_represent,YFR002W,132,33.033983710742426,13.11392763427647,not_preferentially_represent
YGR284C,933,161,94.1436784566518,23.07116767,not_preferentially_represent,YGR284C,627,156.9114226260265,168.3598955214877,not_preferentially_represent
YPL013C,366,63,36.838830700428964,23.01361308,not_preferentially_represent,YPL013C,104,26.026775044827367,71.30623299952703,not_preferentially_represent
YGL189C,738,127,74.26240474530918,23.00767332,not_preferentially_represent,YGL189C,11189,2800.130634390129,3799.363140285114,not_preferentially_represent
YMR053C,2553,439,256.70232821410025,22.99000409,not_preferentially_represent,YMR053C,15,3.7538617853116394,1.4709489754355953,not_preferentially_represent
YDR353W,960,165,96.48265183445682,22.97936663,not_preferentially_represent,YDR353W,1360,340.35013520158867,354.90107945942503,not_preferentially_represent
YOR043W,1461,251,146.77057945726463,22.96935758,not_preferentially_represent,YOR043W,281,70.3223441115047,48.16598911746898,not_preferentially_represent
YDL058W,5373,922,539.1333635840557,22.94243044,not_preferentially_represent,YDL058W,50,12.512872617705465,2.3292763621938692,not_preferentially_represent
YJL124C,519,89,52.04215765616156,22.92704017,not_preferentially_represent,YJL124C,107,26.777547401889695,51.694106953455005,not_preferentially_represent
YOR286W,450,77,45.025237522746515,22.87723612,not_preferentially_represent,YOR286W,250,62.56436308852732,139.34156589872455,not_preferentially_represent
YBR283C,1473,252,147.35532280171586,22.87300038,not_preferentially_represent,YBR283C,2531,633.4016119082506,430.30000808984414,not_preferentially_represent
YPL157W,948,162,94.72842180110305,22.84714934,not_preferentially_represent,YPL157W,81,20.270853640682855,21.40533647379393,not_preferentially_represent
YHR016C,1575,269,157.29595965738716,22.83479226,not_preferentially_represent,YHR016C,134,33.534498615450644,21.3052723096891,not_preferentially_represent
YHL005C,393,67,39.17780407823398,22.79332041,not_preferentially_represent,YHL005C,2,0.5005149047082186,1.2768237365005577,not_preferentially_represent
YPL104W,1977,337,197.05850708007242,22.790223,not_preferentially_represent,YPL104W,40,10.010298094164373,5.065940331054844,not_preferentially_represent
YOL079W,399,68,39.76254742268524,22.78564675,not_preferentially_represent,YOL079W,33,8.258495927685606,20.749989768054288,not_preferentially_represent
YFR027W,846,144,84.2030416009805,22.75712905,not_preferentially_represent,YFR027W,11,2.752831975895202,3.257789320586038,not_preferentially_represent
YMR126C,1029,175,102.33008527896935,22.73777775,not_preferentially_represent,YMR126C,54,13.513902427121902,13.14581948163609,not_preferentially_represent
YGL026C,2124,361,211.0923473469025,22.72364692,not_preferentially_represent,YGL026C,1895,474.2378722110371,223.38100433868917,not_preferentially_represent
YGL069C,465,79,46.194724211649024,22.71430649,not_preferentially_represent,YGL069C,313,78.33058258683621,168.8159107474918,not_preferentially_represent
YOR209C,1290,219,128.0587924348245,22.69759005,not_preferentially_represent,YOR209C,368,92.09474246631221,71.44665823608396,not_preferentially_represent
YER046W-A,330,56,32.745627289270196,22.68816805,not_preferentially_represent,YER046W-A,13,3.253346880603421,9.888592342259638,not_preferentially_represent
YDL159C-B,177,30,17.542300333537604,22.66070053,not_preferentially_represent,YDL159C-B,4,1.0010298094164372,5.687669371684302,not_preferentially_represent
YFR054C,579,98,57.30484775622284,22.62939041,not_preferentially_represent,YFR054C,3,0.7507723570623278,1.2989141125645811,not_preferentially_represent
YBR211C,975,165,96.48265183445682,22.62583792,not_preferentially_represent,YBR211C,51,12.763130070059574,13.103829640718248,not_preferentially_represent
YDR453C,591,100,58.47433444512534,22.62235755,not_preferentially_represent,YDR453C,26,6.506693761206842,11.02829451052007,not_preferentially_represent
YDR085C,1863,315,184.19415350214484,22.60596454,not_preferentially_represent,YDR085C,47,11.762100260643136,6.316917433213285,not_preferentially_represent
YBR086C,2841,480,280.67680533660166,22.58891373,not_preferentially_represent,YBR086C,420,105.1081299887259,37.009904925607714,not_preferentially_represent
YKL126W,2043,345,201.73645383568243,22.57751147,not_preferentially_represent,YKL126W,191,47.799173399634874,23.408018315198273,not_preferentially_represent
YIL112W,3252,549,321.02409610373815,22.5708103,not_preferentially_represent,YIL112W,79,19.770338735974633,6.081309977229971,not_preferentially_represent
YMR101C,1032,174,101.74534193451811,22.5421271,not_preferentially_represent,YMR101C,5,1.2512872617705466,1.2136636874593079,not_preferentially_represent
YLR447C,1038,175,102.33008527896935,22.54062938,not_preferentially_represent,YLR447C,503,125.87949853411698,121.38813744852168,not_preferentially_represent
YDL015C,933,157,91.8047050788468,22.49797096,not_preferentially_represent,YDL015C,1567,392.1534278388893,420.7654805138297,not_preferentially_represent
YOL073C,969,163,95.31316514555431,22.48998525,not_preferentially_represent,YOL073C,217,54.30586716084172,56.10110243888607,not_preferentially_represent
YDR011W,4506,757,442.6507117495989,22.461049,not_preferentially_represent,YDR011W,211,52.80432244671706,11.721270243444408,not_preferentially_represent
YDL203C,1872,314,183.6094101576936,22.42586208,not_preferentially_represent,YDL203C,108,27.027804854243804,14.445646635084875,not_preferentially_represent
YMR288W,2916,489,285.9394954366629,22.42057171,not_preferentially_represent,YMR288W,81,20.270853640682855,6.953980665757411,not_preferentially_represent
YCR036W,1002,168,98.23688186781058,22.41645346,not_preferentially_represent,YCR036W,244,61.06281837440266,61.00181655784482,not_preferentially_represent
YCR008W,1812,303,177.1772333687298,22.35680703,not_preferentially_represent,YCR008W,133,33.28424116309653,18.378929410876054,not_preferentially_represent
YMR133W,1403,234,136.8299426015933,22.2989046,not_preferentially_represent,YMR133W,21,5.255406499436296,3.7485067756321646,not_preferentially_represent
YAL047W-A,330,55,32.16088394481894,22.28302219,not_preferentially_represent,YAL047W-A,3,0.7507723570623278,2.2819828482137625,not_preferentially_represent
YIL142W,1584,264,154.3722429351309,22.28302219,not_preferentially_represent,YIL142W,1401,350.6106907481071,1056.0562974340576,not_preferentially_represent
YIL021C-A,270,45,26.313450500306406,22.28302219,not_preferentially_represent,YIL021C-A,43,10.7610704512267,40.00397937258996,not_preferentially_represent
YJL020W-A,258,43,25.1439638114039,22.28302219,not_preferentially_represent,YJL020W-A,4,1.0010298094164372,3.8950576241884716,not_preferentially_represent
YMR239C,1416,236,137.9994292904958,22.28302219,not_preferentially_represent,YMR239C,53,13.263644974767793,9.373600688881831,not_preferentially_represent
YOR157C,786,131,76.6013781231142,22.28302219,not_preferentially_represent,YOR157C,397,99.35220858458139,126.5633230376833,not_preferentially_represent
YDL206W,2289,381,222.78721423592756,22.25381771,not_preferentially_represent,YDL206W,44,11.011327903580808,4.812643314502102,not_preferentially_represent
YHR165C,7242,1205,704.6157300637605,22.2460992,not_preferentially_represent,YHR165C,147,36.78784549605407,5.080492403819095,not_preferentially_represent
YKL157W,3242,539,315.17666265922566,22.22803633,not_preferentially_represent,YKL157W,283,70.82285901621293,21.852162609136972,not_preferentially_represent
YDR324C,2331,387,226.2956743026351,22.19698736,not_preferentially_represent,YDR324C,204,51.0525202802383,21.910952909973517,not_preferentially_represent
YMR198W,1785,296,173.08402995757103,22.17067082,not_preferentially_represent,YMR198W,23,5.755921404144513,3.2264133431303326,not_preferentially_represent
YER176W,3366,558,326.28678620379947,22.16386164,not_preferentially_represent,YER176W,95,23.77445797364038,7.065217822775745,not_preferentially_represent
YER175C,900,149,87.12675832323677,22.13446871,not_preferentially_represent,YER175C,34,8.508753380039716,9.464686740867315,not_preferentially_represent
YDR308C,423,70,40.93203411158774,22.12498657,not_preferentially_represent,YDR308C,53,13.263644974767793,31.43043832883363,not_preferentially_represent
YOR256C,2430,402,235.06682446940388,22.11796277,not_preferentially_represent,YOR256C,74,18.519051474204087,7.624146345905347,not_preferentially_represent
YNL092W,1203,199,116.36392554579943,22.11631629,not_preferentially_represent,YNL092W,8,2.0020596188328743,1.665607004020694,not_preferentially_represent
YGL070C,369,61,35.66934401152646,22.10185941,not_preferentially_represent,YGL070C,218,54.55612461319583,148.25033862281475,not_preferentially_represent
YER080W,1884,311,181.85518012433982,22.07012707,not_preferentially_represent,YER080W,32,8.008238475331497,23.69301324062573,not_preferentially_represent
YJR118C,612,101,59.0590777895766,22.06456119,not_preferentially_represent,YJR118C,118,29.530379377784897,48.331226477553024,not_preferentially_represent
YPL154C,1218,201,117.53341223470194,22.06348503,not_preferentially_represent,YPL154C,1692,423.43560938315295,347.93394361803854,not_preferentially_represent
YKL156W,600,99,57.88959110067409,22.06019197,not_preferentially_represent,YKL156W,1614,403.91552809953237,674.3164075117402,not_preferentially_represent
YKR015C,1707,281,164.31287979080224,22.00889011,not_preferentially_represent,YKR015C,26,6.506693761206842,3.81400572169217,not_preferentially_represent
YPL155C,2121,349,204.07542721348744,21.99936279,not_preferentially_represent,YPL155C,57,14.264674784184228,6.728620181218976,not_preferentially_represent
YKR026C,918,151,88.29624501213928,21.99174086,not_preferentially_represent,YKR026C,281,70.3223441115047,76.68739815867471,not_preferentially_represent
YDL121C,450,74,43.27100748939276,21.98591523,not_preferentially_represent,YDL121C,270,67.5695121356095,150.4888911706225,not_preferentially_represent
YNL159C,870,143,83.61829825652924,21.97567016,not_preferentially_represent,YNL159C,56,14.014417331830119,16.127062522244096,not_preferentially_represent
YPR107C,627,103,60.2285644784791,21.9631702,not_preferentially_represent,YPR107C,97,24.2749728783486,38.77791194624377,not_preferentially_represent
YGL117W,798,131,76.6013781231142,21.94793915,not_preferentially_represent,YGL117W,25,6.256436308852733,7.8499828216470915,not_preferentially_represent
YOL042W,1092,179,104.66905865677437,21.91571963,not_preferentially_represent,YOL042W,77,19.269823831266415,17.66253330088581,not_preferentially_represent
YBL078C,354,58,33.9151139781727,21.90534385,not_preferentially_represent,YBL078C,21,5.255406499436296,14.887837108884689,not_preferentially_represent
YLR380W,1227,201,117.53341223470194,21.90165017,not_preferentially_represent,YLR380W,360,90.09268284747934,73.48505941882492,not_preferentially_represent
YFL014W,330,54,31.576140600367683,21.87787633,not_preferentially_represent,YFL014W,29,7.2574661182691695,22.05916753273304,not_preferentially_represent
YNL026W,1455,238,139.16891597939832,21.86952281,not_preferentially_represent,YNL026W,145,36.28733059134585,24.956898618532218,not_preferentially_represent
YBR268W,318,52,30.40665391146518,21.86258781,not_preferentially_represent,YBR268W,116,29.029864473076678,91.57685953651949,not_preferentially_represent
YLR283W,945,154,90.05047504549303,21.78784392,not_preferentially_represent,YLR283W,39,9.760040641810262,10.339026103612566,not_preferentially_represent
YCR024C-A,123,20,11.69486688902507,21.73953384,not_preferentially_represent,YCR024C-A,571,142.89700529419642,1171.286928640954,not_preferentially_represent
YLR080W,1335,217,126.889305745922,21.73220591,not_preferentially_represent,YLR080W,13,3.253346880603421,2.4387907650700305,not_preferentially_represent
YCR022C,345,56,32.745627289270196,21.70172596,not_preferentially_represent,YCR022C,2,0.5005149047082186,1.4549851881052867,not_preferentially_represent
YBR046C,1005,163,95.31316514555431,21.68437383,not_preferentially_represent,YBR046C,23,5.755921404144513,5.732989446359078,not_preferentially_represent
YFR008W,666,108,63.152281200735366,21.68077835,not_preferentially_represent,YFR008W,6,1.5015447141246556,2.257961976127302,not_preferentially_represent
YNL086W,309,50,29.23716722256267,21.63400213,not_preferentially_represent,YNL086W,22,5.505663951790404,17.875532311007806,not_preferentially_represent
YJL116C,1014,164,95.89790849000556,21.62376118,not_preferentially_represent,YJL116C,36,9.009268284747934,8.893650824035474,not_preferentially_represent
YPL010W,570,92,53.79638768951531,21.57934781,not_preferentially_represent,YPL010W,594,148.6529266983409,261.2529467457661,not_preferentially_represent
YOR339C,471,76,44.44049417829527,21.5733718,not_preferentially_represent,YOR339C,2,0.5005149047082186,1.0649253291664225,not_preferentially_represent
YOR219C,2796,451,263.7192483475153,21.56575753,not_preferentially_represent,YOR219C,79,19.770338735974633,7.073466452942624,not_preferentially_represent
YOR292C,930,150,87.71150166768803,21.56421502,not_preferentially_represent,YOR292C,67,16.767249307725322,18.048707543299592,not_preferentially_represent
YLR277C,2340,377,220.44824085812255,21.54025478,not_preferentially_represent,YLR277C,33,8.258495927685606,3.530780644585552,not_preferentially_represent
YLR367W,1440,232,135.6604559126908,21.54025478,not_preferentially_represent,YLR367W,583,145.90009472244571,101.38991989051127,not_preferentially_represent
YDR350C,2055,331,193.5500470133649,21.53483312,not_preferentially_represent,YDR350C,91,22.773428164223944,11.087355484042817,not_preferentially_represent
YGL185C,1140,183,107.00803203457937,21.46206874,not_preferentially_represent,YGL185C,48,12.012357712997245,10.54640712291242,not_preferentially_represent
YBR008C,1647,264,154.3722429351309,21.43066615,not_preferentially_represent,YBR008C,105,26.277032497181477,15.96417527167769,not_preferentially_represent
YOR087W,2028,325,190.0415869466574,21.42598288,not_preferentially_represent,YOR087W,100,25.02574523541093,12.346198932121819,not_preferentially_represent
YJR091C,3276,523,305.8207691480055,21.34436008,not_preferentially_represent,YJR091C,95,23.77445797364038,7.2593764805008805,not_preferentially_represent
YMR193W,777,124,72.50817471195542,21.33663901,not_preferentially_represent,YMR193W,18,4.504634142373967,5.804940905121092,not_preferentially_represent
YGL168W,333,53,30.991397255916432,21.27928245,not_preferentially_represent,YGL168W,51,12.763130070059574,38.443162861625225,not_preferentially_represent
YPR129W,1050,167,97.65213852335933,21.26436975,not_preferentially_represent,YPR129W,382,95.59834679926975,91.13283774954218,not_preferentially_represent
YDL110C,453,72,42.10152080049025,21.25003441,not_preferentially_represent,YDL110C,80,20.020596188328746,44.2933543989574,not_preferentially_represent
YPL121C,669,106,61.982794511832864,21.18385966,not_preferentially_represent,YPL121C,2,0.5005149047082186,0.749273809443441,not_preferentially_represent
YOL116W,1149,182,106.42328869012813,21.17759811,not_preferentially_represent,YOL116W,40,10.010298094164373,8.719771859028198,not_preferentially_represent
YGL126W,1143,181,105.83854534567688,21.17179536,not_preferentially_represent,YGL126W,214,53.55509480377939,46.89587986320437,not_preferentially_represent
YER020W,1350,213,124.55033236811698,21.09459434,not_preferentially_represent,YER020W,134,33.534498615450644,24.858783258302925,not_preferentially_represent
YGL118C,438,69,40.347290767136485,21.06203467,not_preferentially_represent,YGL118C,1,0.2502574523541093,0.5726715156844606,not_preferentially_represent
YBL035C,2118,333,194.7195337022674,21.02052802,not_preferentially_represent,YBL035C,58,14.514932236538339,6.85636855764683,not_preferentially_represent
YLR045C,2667,419,245.00746132507518,21.00469358,not_preferentially_represent,YLR045C,55,13.764159879476011,5.162850667470372,not_preferentially_represent
YDR378C,261,41,23.97447712250139,21.00238873,not_preferentially_represent,YDR378C,191,47.799173399634874,183.8429746139803,not_preferentially_represent
YMR280C,4302,675,394.70175750459606,20.97774056,not_preferentially_represent,YMR280C,17,4.254376690019858,0.9891598907277047,not_preferentially_represent
YDR381W,1447,227,132.73673919043452,20.97406788,not_preferentially_represent,YDR381W,1259,315.0741325138236,217.89359095008547,not_preferentially_represent
YDR096W,2685,421,246.17694801397772,20.96346892,not_preferentially_represent,YDR096W,76,19.019566378912305,7.086276594229623,not_preferentially_represent
YER017C,2286,358,209.33811731354874,20.93785287,not_preferentially_represent,YER017C,222,55.557154422612264,24.3138531389988,not_preferentially_represent
YFL012W,447,70,40.93203411158774,20.93706783,not_preferentially_represent,YFL012W,1,0.2502574523541093,0.6691375731393296,not_preferentially_represent
YKR065C,594,93,54.38113103396657,20.932536,not_preferentially_represent,YKR065C,337,84.33676144333484,142.22050833614642,not_preferentially_represent
YPR131C,588,92,53.79638768951531,20.91875553,not_preferentially_represent,YPR131C,76,19.019566378912305,32.40130558588127,not_preferentially_represent
YGR212W,1407,220,128.64353577927577,20.90518073,not_preferentially_represent,YGR212W,15,3.7538617853116394,2.6698874717721477,not_preferentially_represent
YOR122C,590,92,53.79638768951531,20.84784449,not_preferentially_represent,YOR122C,1712,428.4407584302351,727.403664567462,not_preferentially_represent
YGR218W,3255,507,296.4648756367855,20.82487051,not_preferentially_represent,YGR218W,308,77.07929532506566,23.68755234329,not_preferentially_represent
YDR067C,675,105,61.39805116738161,20.79748738,not_preferentially_represent,YDR067C,48,12.012357712997245,17.822489188423212,not_preferentially_represent
YOL080C,870,135,78.94035150091922,20.74626204,not_preferentially_represent,YOL080C,109,27.278062306597914,31.39017526651083,not_preferentially_represent
YFL009W,2340,363,212.261834035805,20.74035142,not_preferentially_represent,YFL009W,166,41.54273709078215,17.76089657579399,not_preferentially_represent
YJL130C,7030,1090,637.3702454518663,20.72986702,not_preferentially_represent,YJL130C,1046,261.76929516239835,37.2413280925307,not_preferentially_represent
YJR117W,1362,211,123.38084567921449,20.7124127,not_preferentially_represent,YJR117W,564,141.14520312771762,103.70698245974845,not_preferentially_represent
YKL114C,1104,171,99.99111190116434,20.70867823,not_preferentially_represent,YKL114C,90,22.523170711869835,20.419919049746,not_preferentially_represent
YHR099W,11235,1740,1017.4534193451809,20.70625293,not_preferentially_represent,YHR099W,103,25.776517592473258,2.294509310350121,not_preferentially_represent
YPR169W,1479,229,133.90622587933703,20.70106321,not_preferentially_represent,YPR169W,137,34.28527097251297,23.197071023351132,not_preferentially_represent
YJL115W,840,130,76.01663477866296,20.69137775,not_preferentially_represent,YJL115W,35,8.759010832393825,10.439822207859148,not_preferentially_represent
YLR290C,834,129,75.4318914342117,20.67992707,not_preferentially_represent,YLR290C,45,11.261585355934917,13.519310151182374,not_preferentially_represent
YFL010W-A,285,44,25.72870715585515,20.64111529,not_preferentially_represent,YFL010W-A,182,45.54685632844789,160.37625467763343,not_preferentially_represent
YOR023C,1701,262,153.2027562462284,20.59312809,not_preferentially_represent,YOR023C,136,34.03501352015886,20.020596188328742,not_preferentially_represent
YPR031W,2247,346,202.3211971801337,20.58725148,not_preferentially_represent,YPR031W,26,6.506693761206842,2.8970141412318973,not_preferentially_represent
YBR182C-A,195,30,17.542300333537604,20.56894356,not_preferentially_represent,YBR182C-A,2,0.5005149047082186,2.579973735609374,not_preferentially_represent
YDR041W,612,94,54.96587437841783,20.53533418,not_preferentially_represent,YDR041W,188,47.04840104257254,77.00229303203363,not_preferentially_represent
YKR013W,990,152,88.88098835659054,20.52739014,not_preferentially_represent,YKR013W,1069,267.52521656654284,270.5007245364437,not_preferentially_represent
YJR140W-A,150,23,13.449096922378828,20.50038042,not_preferentially_represent,YJR140W-A,2,0.5005149047082186,3.3591604342833463,not_preferentially_represent
YOR293C-A,150,23,13.449096922378828,20.50038042,not_preferentially_represent,YOR293C-A,3,0.7507723570623278,5.0387406514250195,not_preferentially_represent
YBR273C,1311,201,117.53341223470194,20.49834078,not_preferentially_represent,YBR273C,146,36.537588043699955,27.891288582977065,not_preferentially_represent
YHR045W,1683,258,150.8637828684234,20.49561399,not_preferentially_represent,YHR045W,236,59.06075875556979,35.11341186419131,not_preferentially_represent
YKL013C,516,79,46.194724211649024,20.46928783,not_preferentially_represent,YKL013C,327,81.83418691979374,158.9013338248422,not_preferentially_represent
YHR015W,1980,303,177.1772333687298,20.45986583,not_preferentially_represent,YHR015W,9,2.2523170711869835,1.1381086766988295,not_preferentially_represent
YKR062W,987,151,88.29624501213928,20.45432432,not_preferentially_represent,YKR062W,124,31.03192409190955,31.472539646967093,not_preferentially_represent
YNL244C,327,50,29.23716722256267,20.44313962,not_preferentially_represent,YNL244C,1310,327.83726258388316,1005.6357747971877,not_preferentially_represent
YPL015C,1074,164,95.89790849000556,20.41572983,not_preferentially_represent,YPL015C,349,87.33985087158413,81.39781069113154,not_preferentially_represent
YAL027W,786,120,70.16920133415042,20.41192872,not_preferentially_represent,YAL027W,32,8.008238475331497,10.201577675581525,not_preferentially_represent
YBR149W,1035,158,92.38944842329805,20.40995656,not_preferentially_represent,YBR149W,452,113.11636846405739,109.39687472345976,not_preferentially_represent
YLR452C,2097,320,187.11787022440112,20.40219485,not_preferentially_represent,YLR452C,80,20.020596188328746,9.55181115855379,not_preferentially_represent
YML093W,2700,412,240.9142579139164,20.40134476,not_preferentially_represent,YML093W,73,18.268794021849978,6.768726943997769,not_preferentially_represent
YMR005W,1167,178,104.08431531232311,20.39268869,not_preferentially_represent,YMR005W,125,31.28218154426366,26.828629111718406,not_preferentially_represent
YOL099C,492,75,43.85575083384401,20.38081298,not_preferentially_represent,YOL099C,4,1.0010298094164372,2.038757249320646,not_preferentially_represent
YBR103W,1608,245,143.2621193905571,20.37067327,not_preferentially_represent,YBR103W,59,14.765189688892448,9.188045854942407,not_preferentially_represent
YNL271C,5862,892,521.5910632505181,20.34437645,not_preferentially_represent,YNL271C,78,19.520081283620524,3.3305035460877876,not_preferentially_represent
YGR287C,1770,269,157.29595965738716,20.31909481,not_preferentially_represent,YGR287C,21,5.255406499436296,2.9708346520273006,not_preferentially_represent
YPR130C,408,62,36.25408735597771,20.31687317,not_preferentially_represent,YPR130C,176,44.04531161432323,108.21943885583104,not_preferentially_represent
YGL120C,2304,350,204.6601705579387,20.31004627,not_preferentially_represent,YGL120C,536,134.13799446180258,58.244895554408416,not_preferentially_represent
YLR444C,303,46,26.898193844757657,20.29740635,not_preferentially_represent,YLR444C,34,8.508753380039716,28.174680066356675,not_preferentially_represent
YOR370C,1812,275,160.80441972409469,20.29083147,not_preferentially_represent,YOR370C,290,72.5746611826917,40.074357362060574,not_preferentially_represent
YGL032C,264,40,23.38973377805014,20.2572929,not_preferentially_represent,YGL032C,1,0.2502574523541093,0.9515492484947121,not_preferentially_represent
YBR101C,873,132,77.18612146756546,20.21552529,not_preferentially_represent,YBR101C,175,43.79505416196912,50.223685965560925,not_preferentially_represent
YML005W,1389,210,122.79610233476322,20.21354065,not_preferentially_represent,YML005W,72,18.01853656949587,12.981654588973969,not_preferentially_represent
YPL020C,1866,282,164.89762313525347,20.20518411,not_preferentially_represent,YPL020C,26,6.506693761206842,3.488843839789191,not_preferentially_represent
YJR066W,7413,1120,654.9125457854038,20.1999068,not_preferentially_represent,YJR066W,92,23.023685616578053,3.1062716698027595,not_preferentially_represent
YHR103W,2559,386,225.71093095818384,20.16704939,not_preferentially_represent,YHR103W,134,33.534498615450644,13.109655439972887,not_preferentially_represent
YPL011C,1062,160,93.55893511220056,20.14284492,not_preferentially_represent,YPL011C,43,10.7610704512267,10.142384968168425,not_preferentially_represent
YMR191W,1122,169,98.82162521226184,20.13813235,not_preferentially_represent,YMR191W,383,95.84860425162385,85.50276918075278,not_preferentially_represent
YOR215C,558,84,49.11844093390529,20.12660069,not_preferentially_represent,YOR215C,67,16.767249307725322,30.102781521948515,not_preferentially_represent
YKL106W,1356,204,119.2876422680557,20.11387844,not_preferentially_represent,YKL106W,334,83.5859890862725,61.68707681643727,not_preferentially_represent
YBR183W,951,143,83.61829825652924,20.10392538,not_preferentially_represent,YBR183W,197,49.30071811375953,51.89549275132582,not_preferentially_represent
YBL072C,918,138,80.69458153427297,20.09841217,not_preferentially_represent,YBL072C,11218,2807.388100508398,3061.491930761612,not_preferentially_represent
YKR061W,1278,192,112.27072213464066,20.08610451,not_preferentially_represent,YKR061W,56,14.014417331830119,10.97448498968686,not_preferentially_represent
YJR116W,840,126,73.67766140085793,20.05471997,not_preferentially_represent,YJR116W,197,49.30071811375953,58.76128499852149,not_preferentially_represent
YGL241W,3015,452,264.3039916919666,20.04363389,not_preferentially_represent,YGL241W,27,6.756951213560951,2.241855080809871,not_preferentially_represent
YIL148W,821,123,71.92343136750416,20.03029279,not_preferentially_represent,YIL148W,10046,2514.086366349382,3065.958983352905,not_preferentially_represent
YDR414C,1089,163,95.31316514555431,20.01174996,not_preferentially_represent,YDR414C,134,33.534498615450644,30.822149462730373,not_preferentially_represent
YLR061W,755,113,66.07599792299165,20.01044907,not_preferentially_represent,YLR061W,4607,1152.9360829953814,1529.0929482697368,not_preferentially_represent
YPL109C,2126,318,185.9483835354986,19.99812151,not_preferentially_represent,YPL109C,24,6.0061788564986225,2.8264371089405285,not_preferentially_represent
YOL100W,3246,485,283.6005220588579,19.97646167,not_preferentially_represent,YOL100W,25,6.256436308852733,1.928023515825187,not_preferentially_represent
YGR077C,1770,264,154.3722429351309,19.94141647,not_preferentially_represent,YGR077C,159,39.79093492430338,22.49346236534956,not_preferentially_represent
YJL073W,1938,289,168.99082654641225,19.93744091,not_preferentially_represent,YJL073W,77,19.269823831266415,9.948282824608372,not_preferentially_represent
YDR457W,9807,1459,853.1405395543787,19.89044318,not_preferentially_represent,YDR457W,167,41.79299454313625,4.2619819032364115,not_preferentially_represent
YLR454W,7887,1173,685.9039430413203,19.88435529,not_preferentially_represent,YLR454W,28,7.007208665915059,0.8885631075215649,not_preferentially_represent
YGL246C,1164,173,101.16059859006685,19.87094247,not_preferentially_represent,YGL246C,201,50.30174792317597,43.251717904708485,not_preferentially_represent
YJL150W,303,45,26.313450500306406,19.85615839,not_preferentially_represent,YJL150W,3,0.7507723570623278,2.4860011823255888,not_preferentially_represent
YPR141C,2190,325,190.0415869466574,19.84104716,not_preferentially_represent,YPR141C,24,6.0061788564986225,2.743800299908005,not_preferentially_represent
YOL062C,1476,219,128.0587924348245,19.83732463,not_preferentially_represent,YOL062C,412,103.10607036989303,69.90242058975798,not_preferentially_represent
YDR335W,3675,545,318.6851227259331,19.82734219,not_preferentially_represent,YDR335W,80,20.020596188328746,5.449264068679571,not_preferentially_represent
YAR053W,297,44,25.72870715585515,19.80713084,not_preferentially_represent,YAR053W,1,0.2502574523541093,0.84546436606118,not_preferentially_represent
YJL119C,324,48,28.067680533660166,19.80713084,not_preferentially_represent,YJL119C,27,6.756951213560951,20.919353602355883,not_preferentially_represent
YLR062C,378,56,32.745627289270196,19.80713084,not_preferentially_represent,YLR062C,3934,984.5128175610661,2611.439834379485,not_preferentially_represent
YBR191W,871,129,75.4318914342117,19.80144567,not_preferentially_represent,YBR191W,7427,1858.6620986339697,5976.405461845562,preferentially_represented
YKL015W,2940,435,254.36335483629523,19.78186664,not_preferentially_represent,YKL015W,25,6.256436308852733,2.1287636300962003,not_preferentially_represent
YIL001W,1542,228,133.3214825348858,19.76859556,not_preferentially_represent,YIL001W,22,5.505663951790404,3.572786470986635,not_preferentially_represent
YDR322C-A,291,43,25.1439638114039,19.75608153,not_preferentially_represent,YDR322C-A,199,49.80123301846775,171.72838971885432,not_preferentially_represent
YHR046C,888,131,76.6013781231142,19.72348586,not_preferentially_represent,YHR046C,46,11.511842808289027,12.978402264136445,not_preferentially_represent
YJL153C,1602,236,137.9994292904958,19.69585482,not_preferentially_represent,YJL153C,35,8.759010832393825,5.470962418734432,not_preferentially_represent
YMR296C,1677,247,144.4316060794596,19.6919731,not_preferentially_represent,YMR296C,815,203.95982366859906,121.69440553019038,not_preferentially_represent
YDR454C,564,83,48.533697589454036,19.67543449,not_preferentially_represent,YDR454C,1586,396.90831943361735,704.9881339851107,not_preferentially_represent
YMR028W,1101,162,94.72842180110305,19.67220488,not_preferentially_represent,YMR028W,15,3.7538617853116394,3.4126016230105813,not_preferentially_represent
YJR136C,1266,186,108.76226206793314,19.64285368,not_preferentially_represent,YJR136C,36,9.009268284747934,7.121951213239474,not_preferentially_represent
YFR028C,1656,243,142.0926327016546,19.6187478,not_preferentially_represent,YFR028C,199,49.80123301846775,30.091379467352112,not_preferentially_represent
YMR279C,1623,238,139.16891597939832,19.60576444,not_preferentially_represent,YMR279C,24,6.0061788564986225,3.689299051903331,not_preferentially_represent
YDR381C-A,539,79,46.194724211649024,19.59583028,not_preferentially_represent,YDR381C-A,41,10.260555546518482,19.071664584606843,not_preferentially_represent
YHL032C,2130,312,182.43992346879108,19.5839519,not_preferentially_represent,YHL032C,137,34.28527097251297,16.1039318799967,not_preferentially_represent
YMR029C,1572,230,134.4909692237883,19.56143169,not_preferentially_represent,YMR029C,44,11.011327903580808,7.009120244163468,not_preferentially_represent
YML081W,3756,549,321.02409610373815,19.54213927,not_preferentially_represent,YML081W,135,33.78475606780475,8.997271922185021,not_preferentially_represent
YPL037C,474,69,40.347290767136485,19.46238647,not_preferentially_represent,YPL037C,2637,659.9289018577862,1395.198524012233,not_preferentially_represent
YFL013W-A,804,117,68.41497130079665,19.45607161,not_preferentially_represent,YFL013W-A,22,5.505663951790404,6.85636855764683,not_preferentially_represent
YKL104C,2154,313,183.0246668132423,19.427816,not_preferentially_represent,YKL104C,1220,305.31409187201336,141.80868177984829,not_preferentially_represent
YMR210W,1350,196,114.60969551244568,19.41098822,not_preferentially_represent,YMR210W,112,28.028834663660238,20.7774904845517,not_preferentially_represent
YKL103C,1545,224,130.98250915708078,19.38406591,not_preferentially_represent,YKL103C,258,64.56642270736019,41.817631287150384,not_preferentially_represent
YDR425W,1878,271,158.46544634628967,19.2929681,not_preferentially_represent,YDR425W,20,5.005149047082186,2.6665684853927467,not_preferentially_represent
YBR167C,423,61,35.66934401152646,19.28034544,not_preferentially_represent,YBR167C,24,6.0061788564986225,14.232651318717116,not_preferentially_represent
YDR305C,743,107,62.56753785628411,19.25397072,not_preferentially_represent,YDR305C,67,16.767249307725322,22.597371034670246,not_preferentially_represent
YLL059C,507,73,42.6862641449415,19.25042154,not_preferentially_represent,YLL059C,9,2.2523170711869835,4.451219508274671,not_preferentially_represent
YJL168C,2202,317,185.36364019104735,19.24718811,not_preferentially_represent,YJL168C,31,7.757981022977387,21.081470171134207,not_preferentially_represent
YJL061W,2142,308,180.10095009098606,19.22456816,not_preferentially_represent,YJL061W,35,8.759010832393825,4.091083994579087,not_preferentially_represent
YNR030W,1656,238,139.16891597939832,19.21506986,not_preferentially_represent,YNR030W,347,86.83933596687592,52.470897865181826,not_preferentially_represent
YLR085C,1317,189,110.51649210128691,19.18674804,not_preferentially_represent,YLR085C,116,29.029864473076678,22.05916753273304,not_preferentially_represent
YDR222W,1248,179,104.66905865677437,19.17625467,not_preferentially_represent,YDR222W,44,11.011327903580808,8.830254934707947,not_preferentially_represent
YLR282C,342,49,28.65242387811142,19.15558048,not_preferentially_represent,YLR282C,11,2.752831975895202,8.072821043680944,not_preferentially_represent
YPR080W,1377,197,115.19443885689694,19.12747439,not_preferentially_represent,YPR080W,74435,18627.913465978123,13537.727809577125,preferentially_represented
YGL225W,1014,145,84.78778494543175,19.11856934,not_preferentially_represent,YGL225W,1925,481.74559578166037,475.5632732296746,not_preferentially_represent
YDR256C,1548,221,129.22827912372702,19.08739498,not_preferentially_represent,YDR256C,100,25.02574523541093,16.176952317654123,not_preferentially_represent
YNL080C,1101,157,91.8047050788468,19.06503806,not_preferentially_represent,YNL080C,333,83.3357316339184,75.75975603083491,not_preferentially_represent
YMR297W,1599,228,133.3214825348858,19.06389891,not_preferentially_represent,YMR297W,4585,1147.4304190435912,718.0415638570657,not_preferentially_represent
YMR111C,1389,198,115.77918220134818,19.05848118,not_preferentially_represent,YMR111C,15,3.7538617853116394,2.70451137270291,not_preferentially_represent
YHR017W,1158,165,96.48265183445682,19.05025213,not_preferentially_represent,YHR017W,75,18.769308926558196,16.222393194950904,not_preferentially_represent
YPR177C,372,53,30.991397255916432,19.04838994,not_preferentially_represent,YPR177C,10,2.502574523541093,6.745483890946342,not_preferentially_represent
YLL060C,702,100,58.47433444512534,19.04531811,not_preferentially_represent,YLL060C,23,5.755921404144513,8.211014841860932,not_preferentially_represent
YDR172W,2058,293,171.32979992421727,19.03476823,not_preferentially_represent,YDR172W,553,138.39237115182246,67.27874144473624,not_preferentially_represent
YMR278W,1869,266,155.54172962403342,19.02819872,not_preferentially_represent,YMR278W,57,14.264674784184228,7.636335537571857,not_preferentially_represent
YDR508C,1992,283,165.48236647970472,18.99426289,not_preferentially_represent,YDR508C,787,196.952615002684,98.92145404454244,not_preferentially_represent
YLR087C,8877,1259,736.1918706641281,18.96203105,not_preferentially_represent,YLR087C,72,18.01853656949587,2.030028905981959,not_preferentially_represent
YDL017W,1524,216,126.30456240147073,18.94934171,not_preferentially_represent,YDL017W,38,9.509783189456153,6.244112402794585,not_preferentially_represent
YKL205W,3303,468,273.6598852031866,18.9436047,not_preferentially_represent,YKL205W,114,28.529349568368456,8.640021068554955,not_preferentially_represent
YOR120W,939,133,77.77086481201671,18.93700927,not_preferentially_represent,YOR120W,49,12.262615165351356,13.073150496110188,not_preferentially_represent
YIL020C-A,339,48,28.067680533660166,18.93070912,not_preferentially_represent,YIL020C-A,50,12.512872617705465,37.02033318847771,not_preferentially_represent
YOR303W,1236,175,102.33008527896935,18.92975186,not_preferentially_represent,YOR303W,615,153.9083331977772,124.62213214394916,not_preferentially_represent
YDR147W,1605,227,132.73673919043452,18.90933098,not_preferentially_represent,YDR147W,41,10.260555546518482,6.396855078876858,not_preferentially_represent
YDR221W,2109,298,174.25351664647354,18.89143844,not_preferentially_represent,YDR221W,105,26.277032497181477,12.465385435095577,not_preferentially_represent
YLR407W,687,97,56.72010441177159,18.87732011,not_preferentially_represent,YLR407W,85,21.271883450099292,31.008576457870685,not_preferentially_represent
YNL057W,333,47,27.482937189208915,18.87030708,not_preferentially_represent,YNL057W,137,34.28527097251297,103.26888847142462,not_preferentially_represent
YKR078W,1758,248,145.01634942391084,18.86071503,not_preferentially_represent,YKR078W,9,2.2523170711869835,1.2819106836579304,not_preferentially_represent
YDL133C-A,78,11,6.432176788963788,18.85486493,not_preferentially_represent,YDL133C-A,2376,594.6117067933636,7722.229958355372,preferentially_represented
YOR081C,2250,317,185.36364019104735,18.83658143,not_preferentially_represent,YOR081C,185,46.29762868551022,20.58587313717662,not_preferentially_represent
YLL014W,327,46,26.898193844757657,18.80768845,not_preferentially_represent,YLL014W,193,48.29968830434309,148.15855308080702,not_preferentially_represent
YGR219W,342,48,28.067680533660166,18.76465027,not_preferentially_represent,YGR219W,51,12.763130070059574,37.428533929793474,not_preferentially_represent
YMR090W,684,96,56.13536106732033,18.76465027,not_preferentially_represent,YMR090W,34,8.508753380039716,12.457911244567667,not_preferentially_represent
YLR121C,1527,214,125.13507571256822,18.73700098,not_preferentially_represent,YLR121C,1604,401.4129535759913,3974.385678970211,preferentially_represented
YOR391C,714,100,58.47433444512534,18.72522873,not_preferentially_represent,YOR391C,2,0.5005149047082186,0.7019844385809517,not_preferentially_represent
YGR078C,600,84,49.11844093390529,18.71773864,not_preferentially_represent,YGR078C,176,44.04531161432323,73.53140503225916,not_preferentially_represent
YLR291C,1146,160,93.55893511220056,18.66640602,not_preferentially_represent,YLR291C,373,93.34602972808277,81.52491679308538,not_preferentially_represent
YLR442C,2937,410,239.7447712250139,18.66402267,not_preferentially_represent,YLR442C,33,8.258495927685606,2.8128392124269777,not_preferentially_represent
YNL205C,423,59,34.49985732262395,18.64820297,not_preferentially_represent,YNL205C,1,0.2502574523541093,0.5930271382798799,not_preferentially_represent
YPR069C,882,123,71.92343136750416,18.64497775,not_preferentially_represent,YPR069C,1478,369.88051457937354,419.8416737563831,not_preferentially_represent
YLR139C,1932,269,157.29595965738716,18.61531978,not_preferentially_represent,YLR139C,64,16.016476950662994,8.294395106505952,not_preferentially_represent
YOR338W,1092,152,88.88098835659054,18.60999656,not_preferentially_represent,YOR338W,36,9.009268284747934,7.259684355155467,not_preferentially_represent
YDR101C,1782,248,145.01634942391084,18.60669866,not_preferentially_represent,YDR101C,436,109.11224922639165,61.26459810577858,not_preferentially_represent
YDL158C,309,43,25.1439638114039,18.60524183,not_preferentially_represent,YDL158C,39,9.760040641810262,31.68844364224111,not_preferentially_represent
YHL036W,1641,228,133.3214825348858,18.57597462,not_preferentially_represent,YHL036W,76,19.019566378912305,11.597296572507505,not_preferentially_represent
YMR063W,720,100,58.47433444512534,18.56918516,not_preferentially_represent,YMR063W,5,1.2512872617705466,1.7403160803484652,not_preferentially_represent
YHR088W,888,123,71.92343136750416,18.51899817,not_preferentially_represent,YHR088W,102,25.52626014011915,28.778196324824293,not_preferentially_represent
YDR424C,455,63,36.838830700428964,18.5120492,not_preferentially_represent,YDR424C,107,26.777547401889695,58.98138194248831,not_preferentially_represent
YIL141W,390,54,31.576140600367683,18.5120492,not_preferentially_represent,YIL141W,18,4.504634142373967,11.580036355717139,not_preferentially_represent
YDL188C,1134,157,91.8047050788468,18.51023537,not_preferentially_represent,YDL188C,303,75.82800806329512,66.92675027651819,not_preferentially_represent
YHR079C-A,362,50,29.23716722256267,18.46659298,not_preferentially_represent,YHR079C-A,6,1.5015447141246556,4.159403640234504,not_preferentially_represent
YGR041W,1644,227,132.73673919043452,18.46075196,not_preferentially_represent,YGR041W,157,39.29042001959516,23.913828374677514,not_preferentially_represent
YGL071W,2073,286,167.2365965130585,18.44556974,not_preferentially_represent,YGL071W,114,28.529349568368456,13.768991104424932,not_preferentially_represent
YDR240C,1479,204,119.2876422680557,18.44112181,not_preferentially_represent,YDR240C,33,8.258495927685606,5.587615647960492,not_preferentially_represent
YFL028C,870,120,70.16920133415042,18.44112181,not_preferentially_represent,YFL028C,352,88.09062322864646,101.37010728267718,not_preferentially_represent
YOL097C,1299,179,104.66905865677437,18.42337631,not_preferentially_represent,YOL097C,1107,277.03499975599897,213.4322032018482,not_preferentially_represent
YPR009W,807,111,64.90651123408914,18.38970605,not_preferentially_represent,YPR009W,55,13.764159879476011,17.077121438555846,not_preferentially_represent
YPL083C,1404,193,112.85546547909192,18.37873198,not_preferentially_represent,YPL083C,50,12.512872617705465,8.918654752462912,not_preferentially_represent
YAR042W,3567,490,286.5242387811142,18.3661579,not_preferentially_represent,YAR042W,91,22.773428164223944,6.386267011840703,not_preferentially_represent
YKL085W,1005,138,80.69458153427297,18.35854963,not_preferentially_represent,YKL085W,169,42.29350944784447,42.12500941020365,not_preferentially_represent
YCR023C,1836,252,147.35532280171586,18.35072416,not_preferentially_represent,YCR023C,128,32.03295390132599,17.456650627425606,not_preferentially_represent
YNL002C,969,133,77.77086481201671,18.35072416,not_preferentially_represent,YNL002C,330,82.58495927685607,85.31504057526453,not_preferentially_represent
YBL057C,627,86,50.2879276228078,18.33818094,not_preferentially_represent,YBL057C,327,81.83418691979374,130.72553821053313,not_preferentially_represent
YDR417C,372,51,29.821910567013926,18.32958277,not_preferentially_represent,YDR417C,3322,831.355256720351,2240.8497485723747,not_preferentially_represent
YHL047C,1863,255,149.10955283506962,18.30006653,not_preferentially_represent,YHL047C,54,13.513902427121902,7.2577349232663275,not_preferentially_represent
YDR016C,285,39,22.804990433598885,18.29553401,not_preferentially_represent,YDR016C,46,11.511842808289027,40.534657775665586,not_preferentially_represent
YPL141C,2598,355,207.583887280195,18.26899048,not_preferentially_represent,YPL141C,54,13.513902427121902,5.203659001587178,not_preferentially_represent
YNL256W,2475,338,197.64325042452367,18.25857333,not_preferentially_represent,YNL256W,242,60.56230346969445,24.479508273926616,not_preferentially_represent
YKL080W,1179,161,94.1436784566518,18.25733625,not_preferentially_represent,YKL080W,1284,321.33056882267636,272.77637421279826,not_preferentially_represent
YDR171W,1128,154,90.05047504549303,18.25311392,not_preferentially_represent,YDR171W,98,24.525230330702712,21.761517596009504,not_preferentially_represent
YPL245W,1365,186,108.76226206793314,18.21820715,not_preferentially_represent,YPL245W,354,88.59113813335468,64.94951476052397,not_preferentially_represent
YBR132C,1791,244,142.67737604610585,18.2145977,not_preferentially_represent,YBR132C,68,17.01750676007943,9.506987016804151,not_preferentially_represent
YPL218W,712,97,56.72010441177159,18.21449286,not_preferentially_represent,YPL218W,1601,400.66218121892894,563.5192422207159,not_preferentially_represent
YML111W,2763,376,219.86349751367132,18.1941723,not_preferentially_represent,YML111W,51,12.763130070059574,4.620973957298904,not_preferentially_represent
YOR216C,1455,198,115.77918220134818,18.19397276,not_preferentially_represent,YOR216C,18,4.504634142373967,3.098097759541931,not_preferentially_represent
YGL167C,2853,388,226.88041764708635,18.18257121,not_preferentially_represent,YGL167C,358,89.59216794277113,31.41380362649759,not_preferentially_represent
YLR344W,831,113,66.07599792299165,18.1803719,not_preferentially_represent,YLR344W,3250,813.3367201508552,979.9237592178978,not_preferentially_represent
YGL097W,1449,197,115.19443885689694,18.17704088,not_preferentially_represent,YGL097W,491,122.87640910586765,84.859398553776,not_preferentially_represent
YMR272C,1155,157,91.8047050788468,18.17368563,not_preferentially_represent,YMR272C,938,234.7414903081545,203.41550286668502,not_preferentially_represent
YOR285W,420,57,33.33037063372145,18.14474664,not_preferentially_represent,YOR285W,395,98.85169367987316,235.92289661067582,not_preferentially_represent
YGL227W,2877,390,228.04990433598886,18.12383452,not_preferentially_represent,YGL227W,22,5.505663951790404,1.9143476883833117,not_preferentially_represent
YDR340W,303,41,23.97447712250139,18.09116653,not_preferentially_represent,YDR340W,4,1.0010298094164372,3.3146682431007854,not_preferentially_represent
YNL198C,303,41,23.97447712250139,18.09116653,not_preferentially_represent,YNL198C,1,0.2502574523541093,0.8286670607751964,not_preferentially_represent
YGL224C,843,114,66.6607412674429,18.08017459,not_preferentially_represent,YGL224C,128,32.03295390132599,38.04388824385509,not_preferentially_represent
YDR509W,348,47,27.482937189208915,18.05693178,not_preferentially_represent,YDR509W,53,13.263644974767793,38.22376073420113,not_preferentially_represent
YNL200C,741,100,58.47433444512534,18.04293295,not_preferentially_represent,YNL200C,68,17.01750676007943,22.996630756864096,not_preferentially_represent
YMR035W,534,72,42.10152080049025,18.02671458,not_preferentially_represent,YMR035W,63,15.766219498308887,29.580149152549502,not_preferentially_represent
YNL252C,846,114,66.6607412674429,18.01606049,not_preferentially_represent,YNL252C,54,13.513902427121902,15.992783937422368,not_preferentially_represent
YLR079W,855,115,67.24548461189416,17.98278984,not_preferentially_represent,YLR079W,129,32.283211353680095,37.80235521508208,not_preferentially_represent
YNL134C,1131,152,88.88098835659054,17.96827254,not_preferentially_represent,YNL134C,283,70.82285901621293,62.675096474524715,not_preferentially_represent
YDR373W,573,77,45.025237522746515,17.9664158,not_preferentially_represent,YDR373W,153,38.28939021017872,66.93949337443833,not_preferentially_represent
YDR307W,1989,267,156.12647296848468,17.94741154,not_preferentially_represent,YDR307W,64,16.016476950662994,8.056577942989433,not_preferentially_represent
YDR415C,1125,151,88.29624501213928,17.94526054,not_preferentially_represent,YDR415C,110,27.528319758952023,24.491387685900374,not_preferentially_represent
YGL206C,4962,666,389.4390674045348,17.94497313,not_preferentially_represent,YGL206C,146,36.537588043699955,7.364964330518032,not_preferentially_represent
YIL071W-A,477,64,37.423574044880226,17.93853359,not_preferentially_represent,YIL071W-A,15,3.7538617853116394,7.8862642548563855,not_preferentially_represent
YCR021C,999,134,78.35560815646797,17.93348332,not_preferentially_represent,YCR021C,105,26.277032497181477,26.32969188094336,not_preferentially_represent
YOR014W,2274,305,178.3467200576323,17.93224741,not_preferentially_represent,YOR014W,110,27.528319758952023,12.111007373054123,not_preferentially_represent
YMR286W,261,35,20.46601705579387,17.92886843,not_preferentially_represent,YMR286W,117,29.280121925430787,112.61585355934918,not_preferentially_represent
YHR092C,1731,232,135.6604559126908,17.91910277,not_preferentially_represent,YHR092C,527,131.8856773906156,76.23449560151191,not_preferentially_represent
YIL102C,306,41,23.97447712250139,17.91380215,not_preferentially_represent,YIL102C,2,0.5005149047082186,2.2049114744855443,not_preferentially_represent
YBR129C,987,132,77.18612146756546,17.88060139,not_preferentially_represent,YBR129C,65,16.266734403017104,16.497702234297265,not_preferentially_represent
YJL108C,1152,154,90.05047504549303,17.87284072,not_preferentially_represent,YJL108C,95,23.77445797364038,20.655480428879567,not_preferentially_represent
YDL106C,1680,224,130.98250915708078,17.82641775,not_preferentially_represent,YDL106C,35,8.759010832393825,5.2168021634269355,not_preferentially_represent
YMR102C,2505,334,195.30427704671865,17.82641775,not_preferentially_represent,YMR102C,152,38.03913275782461,14.870653931909544,not_preferentially_represent
YPL226W,3591,478,279.50731864769915,17.79663259,not_preferentially_represent,YPL226W,821,205.46136838272372,57.23157893669185,not_preferentially_represent
YJL049W,1353,180,105.25380200122562,17.78689133,not_preferentially_represent,YJL049W,6,1.5015447141246556,1.1106099956543312,not_preferentially_represent
YBR275C,5751,765,447.3286585052089,17.7845717,not_preferentially_represent,YBR275C,41,10.260555546518482,1.7844444428727793,not_preferentially_represent
YLR408C,369,49,28.65242387811142,17.75395264,not_preferentially_represent,YLR408C,8,2.0020596188328743,5.440379399002376,not_preferentially_represent
YLR276C,1785,237,138.5841726349471,17.75151684,not_preferentially_represent,YLR276C,151,37.788875305470505,21.182104991855663,not_preferentially_represent
YOR158W,957,127,74.26240474530918,17.74259447,not_preferentially_represent,YOR158W,37,9.259525737102043,9.685696377721802,not_preferentially_represent
YBR156C,2097,278,162.55864975744845,17.72440678,not_preferentially_represent,YBR156C,16,4.004119237665749,1.910362231710758,not_preferentially_represent
YPL036W,2844,377,220.44824085812255,17.72299444,not_preferentially_represent,YPL036W,36,9.009268284747934,3.168930103674968,not_preferentially_represent
YNR059W,1743,231,135.07571256823954,17.71902969,not_preferentially_represent,YNR059W,33,8.258495927685606,4.740812817270727,not_preferentially_represent
YMR199W,1641,217,126.889305745922,17.67976532,not_preferentially_represent,YMR199W,78,19.520081283620524,11.90248858757349,not_preferentially_represent
YJR159W,1074,142,83.03355491207799,17.67703436,not_preferentially_represent,YJR159W,19,4.754891594728076,4.431399435906875,not_preferentially_represent
YER183C,636,84,49.11844093390529,17.658244,not_preferentially_represent,YER183C,137,34.28527097251297,53.99255271261885,not_preferentially_represent
YFL010C,636,84,49.11844093390529,17.658244,not_preferentially_represent,YFL010C,459,114.86817063053616,180.89475689848214,not_preferentially_represent
YDR301W,4074,538,314.5919193147743,17.65576721,not_preferentially_represent,YDR301W,62,15.515962045954774,3.809467725498349,not_preferentially_represent
YPR046W,546,72,42.10152080049025,17.63052305,not_preferentially_represent,YPR046W,17,4.254376690019858,7.806195761504326,not_preferentially_represent
YIL030C,3960,522,305.2360258035543,17.62384482,not_preferentially_represent,YIL030C,388,97.0998915133944,24.526368151905633,not_preferentially_represent
YJL058C,1632,215,125.71981905701949,17.61341828,not_preferentially_represent,YJL058C,34,8.508753380039716,5.216893549993695,not_preferentially_represent
YOR389W,1875,247,144.4316060794596,17.61250074,not_preferentially_represent,YOR389W,48,12.012357712997245,6.4100094519729165,not_preferentially_represent
YIL102C-A,228,30,17.542300333537604,17.59185962,not_preferentially_represent,YIL102C-A,12,3.0030894282493112,13.229468846913267,not_preferentially_represent
YLR446W,1302,171,99.99111190116434,17.55943223,not_preferentially_represent,YLR446W,97,24.2749728783486,18.658703211643815,not_preferentially_represent
YER127W,1074,141,82.44881156762673,17.55254821,not_preferentially_represent,YER127W,68,17.01750676007943,15.859745349561447,not_preferentially_represent
YJL060W,1335,175,102.33008527896935,17.52597251,not_preferentially_represent,YJL060W,162,40.54170728136571,30.391084918564996,not_preferentially_represent
YPL242C,4488,588,343.829086537337,17.51660033,not_preferentially_represent,YPL242C,95,23.77445797364038,5.298519717771424,not_preferentially_represent
YCR060W,336,44,25.72870715585515,17.50808886,not_preferentially_represent,YCR060W,139,34.78578587722119,103.8381667976752,not_preferentially_represent
YGL250W,726,95,55.55061772286908,17.49493478,not_preferentially_represent,YGL250W,27,6.756951213560951,9.319932708359932,not_preferentially_represent
YOL072W,1368,179,104.66905865677437,17.49412707,not_preferentially_represent,YOL072W,97,24.2749728783486,17.757844095353768,not_preferentially_represent
YKL059C,1326,173,101.16059859006685,17.44327076,not_preferentially_represent,YKL059C,43,10.7610704512267,8.121562604699395,not_preferentially_represent
YBR172C,2223,290,169.5755698908635,17.44150185,not_preferentially_represent,YBR172C,109,27.278062306597914,12.276355673536415,not_preferentially_represent
YOR380W,1641,214,125.13507571256822,17.4353446,not_preferentially_represent,YOR380W,86,21.5221409024534,13.123256647837438,not_preferentially_represent
YDR376W,1482,193,112.85546547909192,17.4114303,not_preferentially_represent,YDR376W,86,21.5221409024534,14.532168063776771,not_preferentially_represent
YLR441C,768,100,58.47433444512534,17.40861109,not_preferentially_represent,YLR441C,9034,2260.825824567023,2947.621674794033,not_preferentially_represent
YBR207W,1398,182,106.42328869012813,17.40562248,not_preferentially_represent,YBR207W,313,78.33058258683621,56.070567349202726,not_preferentially_represent
YBR274W,1584,206,120.4571289569582,17.38750974,not_preferentially_represent,YBR274W,105,26.277032497181477,16.599515159306048,not_preferentially_represent
YGR038W,669,87,50.872670967259054,17.38675274,not_preferentially_represent,YGR038W,267,66.81873977854718,100.02805356069938,not_preferentially_represent
YPR176C,978,127,74.26240474530918,17.36161852,not_preferentially_represent,YPR176C,368,92.09474246631221,94.26278655712612,not_preferentially_represent
YNL003C,855,111,64.90651123408914,17.3573015,not_preferentially_represent,YNL003C,229,57.308956589091025,67.10650654460308,not_preferentially_represent
YKL115C,393,51,29.821910567013926,17.35013942,not_preferentially_represent,YKL115C,13,3.253346880603421,8.299354287253625,not_preferentially_represent
YCR032W,6504,844,493.52338271685795,17.34951174,not_preferentially_represent,YCR032W,33,8.258495927685606,1.2699517034731058,not_preferentially_represent
YBR123C,1950,253,147.9400661461671,17.34647574,not_preferentially_represent,YBR123C,32,8.008238475331497,4.108896087907387,not_preferentially_represent
YMR178W,825,107,62.56753785628411,17.34024272,not_preferentially_represent,YMR178W,244,61.06281837440266,74.1053621048576,not_preferentially_represent
YBR206W,324,42,24.559220466952645,17.33123948,not_preferentially_represent,YBR206W,26,6.506693761206842,20.144562728194558,not_preferentially_represent
YJR072C,1158,150,87.71150166768803,17.31841103,not_preferentially_represent,YJR072C,544,136.14005408063545,117.66642530737722,not_preferentially_represent
YOR336W,4098,530,309.91397255916434,17.29136422,not_preferentially_represent,YOR336W,59,14.765189688892448,3.603902779812655,not_preferentially_represent
YFR031C,3513,454,265.47347838086904,17.278381,not_preferentially_represent,YFR031C,33,8.258495927685606,2.3515079520744893,not_preferentially_represent
YCR092C,3057,395,230.97362105824513,17.27535577,not_preferentially_represent,YCR092C,35,8.759010832393825,2.866168466097456,not_preferentially_represent
YLR278C,4026,520,304.06653911465185,17.26851198,not_preferentially_represent,YLR278C,121,30.281151734847224,7.523267511763286,not_preferentially_represent
YNL040W,1371,177,103.49957196787186,17.26080931,not_preferentially_represent,YNL040W,220,55.056639517904046,40.187328115258424,not_preferentially_represent
YGR160W,612,79,46.194724211649024,17.25841915,not_preferentially_represent,YGR160W,1812,453.46650366564603,742.1710370959837,not_preferentially_represent
YDR144C,1791,231,135.07571256823954,17.24414783,not_preferentially_represent,YDR144C,620,155.15962045954777,86.68135221203785,not_preferentially_represent
YGL017W,1512,195,114.02495216799443,17.24281479,not_preferentially_represent,YGL017W,158,39.540677471949266,26.168548955624928,not_preferentially_represent
YHL038C,1893,244,142.67737604610585,17.23314553,not_preferentially_represent,YHL038C,21,5.255406499436296,2.777698995473729,not_preferentially_represent
YPR170W-B,357,46,26.898193844757657,17.22721043,not_preferentially_represent,YPR170W-B,84,21.021625997745183,62.7511223813289,not_preferentially_represent
YGL240W,753,97,56.72010441177159,17.22273428,not_preferentially_represent,YGL240W,12,3.0030894282493112,3.9934699843740846,not_preferentially_represent
YMR081C,1017,131,76.6013781231142,17.22168677,not_preferentially_represent,YMR081C,66,16.516991855371213,16.25688174741261,not_preferentially_represent
YLR409C,2820,363,212.261834035805,17.21007884,not_preferentially_represent,YLR409C,416,104.10710017930947,36.93050733568977,not_preferentially_represent
YKL060C,1080,139,81.27932487872422,17.20744491,not_preferentially_represent,YKL060C,67632,16925.412017613122,15686.202055248488,preferentially_represented
YDR141C,5097,656,383.59163396002225,17.20737205,not_preferentially_represent,YDR141C,67,16.767249307725322,3.290276551751437,not_preferentially_represent
YDR068W,933,120,70.16920133415042,17.19590137,not_preferentially_represent,YDR068W,13,3.253346880603421,3.4907155371281338,not_preferentially_represent
YKL045W,1587,204,119.2876422680557,17.18614944,not_preferentially_represent,YKL045W,64,16.016476950662994,10.098661381250311,not_preferentially_represent
YDR418W,498,64,37.423574044880226,17.1820894,not_preferentially_represent,YDR418W,6711,1679.4777627484275,4526.89423921409,preferentially_represented
YLR271W,825,106,61.982794511832864,17.17818438,not_preferentially_represent,YLR271W,6,1.5015447141246556,1.8222630025784656,not_preferentially_represent
YLR009W,600,77,45.025237522746515,17.15792709,not_preferentially_represent,YLR009W,342,85.58804870510538,142.88488932404906,not_preferentially_represent
YGL139W,2409,309,180.68569343543732,17.14932468,not_preferentially_represent,YGL139W,94,23.52420052128627,9.769186262992639,not_preferentially_represent
YDR379W,3030,388,226.88041764708635,17.12042101,not_preferentially_represent,YDR379W,30,7.507723570623279,2.47861458257619,not_preferentially_represent
YKR095W,5628,720,421.0152080049025,17.10423878,not_preferentially_represent,YKR095W,48,12.012357712997245,2.13477123031762,not_preferentially_represent
YDL078C,1032,132,77.18612146756546,17.10092401,not_preferentially_represent,YDL078C,697,174.4294442908142,169.18471803182752,not_preferentially_represent
YPL087W,954,122,71.33868802305292,17.09766483,not_preferentially_represent,YPL087W,244,61.06281837440266,64.07431099097866,not_preferentially_represent
YKR064W,2592,331,193.5500470133649,17.07333413,not_preferentially_represent,YKR064W,23,5.755921404144513,2.2215057522749957,not_preferentially_represent
YKL016C,525,67,39.17780407823398,17.06242842,not_preferentially_represent,YKL016C,367,91.8444850139581,175.27573475946204,not_preferentially_represent
YIL096C,1011,129,75.4318914342117,17.05940571,not_preferentially_represent,YIL096C,32,8.008238475331497,7.92894898547673,not_preferentially_represent
YDR286C,345,44,25.72870715585515,17.05135611,not_preferentially_represent,YDR286C,15,3.7538617853116394,10.91238891078965,not_preferentially_represent
YPL247C,1572,200,116.94866889025069,17.0099406,not_preferentially_represent,YPL247C,169,42.29350944784447,26.921393665082412,not_preferentially_represent
YKL005C,1785,227,132.73673919043452,17.00250769,not_preferentially_represent,YKL005C,33,8.258495927685606,4.629201753186999,not_preferentially_represent
YGR220C,810,103,60.2285644784791,17.00112063,not_preferentially_represent,YGR220C,117,29.280121925430787,85.86546019187914,not_preferentially_represent
YFL004W,2487,316,184.7788968465961,16.98778049,not_preferentially_represent,YFL004W,223,55.80741187496637,22.448677343107953,not_preferentially_represent
YBR174C,315,40,23.38973377805014,16.97754072,not_preferentially_represent,YBR174C,34,8.508753380039716,27.097940700763427,not_preferentially_represent
YPL271W,189,24,14.033840266830083,16.97754072,not_preferentially_represent,YPL271W,379,94.84757444220742,504.50837469259267,not_preferentially_represent
YDL218W,954,121,70.75394467860167,16.95752003,not_preferentially_represent,YDL218W,8,2.0020596188328743,2.1007970816714314,not_preferentially_represent
YPR108W-A,213,27,15.788070300183842,16.94765068,not_preferentially_represent,YPR108W-A,5,1.2512872617705466,5.902298404578049,not_preferentially_represent
YNL251C,1728,219,128.0587924348245,16.94438146,not_preferentially_represent,YNL251C,312,78.0803251344821,45.21153742587267,not_preferentially_represent
YNL226W,411,52,30.40665391146518,16.91557889,not_preferentially_represent,YNL226W,1,0.2502574523541093,0.6103840301319738,not_preferentially_represent
YOL146W,585,74,43.27100748939276,16.91224248,not_preferentially_represent,YOL146W,93,23.273943068932162,39.8526422413222,not_preferentially_represent
YJL202C,348,44,25.72870715585515,16.90436166,not_preferentially_represent,YJL202C,7,1.7518021664787649,5.048421229045433,not_preferentially_represent
YBR052C,633,80,46.77946755610028,16.89707844,not_preferentially_represent,YBR052C,212,53.05457989907117,83.94712009346703,not_preferentially_represent
YMR086W,2883,364,212.84657738025626,16.88037477,not_preferentially_represent,YMR086W,107,26.777547401889695,9.29130721786596,not_preferentially_represent
YOR124C,3819,482,281.84629202550417,16.87418177,not_preferentially_represent,YOR124C,47,11.762100260643136,3.080696768109779,not_preferentially_represent
YPR124W,1221,154,90.05047504549303,16.8628276,not_preferentially_represent,YPR124W,68,17.01750676007943,13.948776032851994,not_preferentially_represent
YNL186W,2379,300,175.42300333537605,16.8597898,not_preferentially_represent,YNL186W,182,45.54685632844789,19.1534299110378,not_preferentially_represent
YNL142W,1500,189,110.51649210128691,16.84596478,not_preferentially_represent,YNL142W,2941,736.0071673734354,490.9987774339129,not_preferentially_represent
YMR313C,1929,243,142.0926327016546,16.84222206,not_preferentially_represent,YMR313C,126,31.532438996617774,16.354999479573532,not_preferentially_represent
YPR142C,564,71,41.516777456038994,16.83079336,not_preferentially_represent,YPR142C,29,7.2574661182691695,12.890703584847548,not_preferentially_represent
YKL077W,1179,148,86.54201497878552,16.7831414,not_preferentially_represent,YKL077W,529,132.3861922953238,112.38216663440052,not_preferentially_represent
YIL021W,957,120,70.16920133415042,16.76465619,not_preferentially_represent,YIL021W,145,36.28733059134585,37.957458777558415,not_preferentially_represent
YNL046W,519,65,38.00831738933148,16.74446754,not_preferentially_represent,YNL046W,235,58.81050130321568,113.53378629964418,not_preferentially_represent
YKL047W,1551,194,113.44020882354317,16.7230418,not_preferentially_represent,YKL047W,98,24.525230330702712,15.822729245614651,not_preferentially_represent
YDR479C,1665,208,121.62661564586072,16.70222925,not_preferentially_represent,YDR479C,103,25.776517592473258,15.49069566855364,not_preferentially_represent
YDR374C,921,115,67.24548461189416,16.69412086,not_preferentially_represent,YDR374C,3,0.7507723570623278,0.8160569098503564,not_preferentially_represent
YKL079W,1971,246,143.84686273500833,16.6868294,not_preferentially_represent,YKL079W,48,12.012357712997245,6.097643509135658,not_preferentially_represent
YIL149C,5040,629,367.8035636598384,16.68573924,not_preferentially_represent,YIL149C,60,15.015447141246558,2.9798466245776063,not_preferentially_represent
YPR027C,834,104,60.81330782293036,16.67218927,not_preferentially_represent,YPR027C,40,10.010298094164373,12.017164578828778,not_preferentially_represent
YDL124W,939,117,68.41497130079665,16.65887282,not_preferentially_represent,YDL124W,339,84.83727634804306,90.44485751390518,not_preferentially_represent
YBR300C,498,62,36.25408735597771,16.64514911,not_preferentially_represent,YBR300C,2,0.5005149047082186,1.0070722428736791,not_preferentially_represent
YDR088C,1149,143,83.61829825652924,16.63954138,not_preferentially_represent,YDR088C,7,1.7518021664787649,1.5259600753299347,not_preferentially_represent
YKR055W,876,109,63.737024545186635,16.63595492,not_preferentially_represent,YKR055W,46,11.511842808289027,13.156391780901746,not_preferentially_represent
YMR271C,684,85,49.703184278356545,16.61453409,not_preferentially_represent,YMR271C,26,6.506693761206842,9.526638010551745,not_preferentially_represent
YPR195C,330,41,23.97447712250139,16.61098018,not_preferentially_represent,YPR195C,18,4.504634142373967,13.691897089282575,not_preferentially_represent
YFR017C,588,73,42.6862641449415,16.59857775,not_preferentially_represent,YFR017C,27,6.756951213560951,11.510990142352556,not_preferentially_represent
YDL007W,1314,163,95.31316514555431,16.58508044,not_preferentially_represent,YDL007W,155,38.78990511488694,29.54295896030993,not_preferentially_represent
YBR085C-A,258,32,18.711787022440113,16.58271419,not_preferentially_represent,YBR085C-A,90,22.523170711869835,87.6387965442406,not_preferentially_represent
YNL042W-B,258,32,18.711787022440113,16.58271419,not_preferentially_represent,YNL042W-B,1,0.2502574523541093,0.9737644060471179,not_preferentially_represent
YER138W-A,105,13,7.601663477866295,16.5531022,not_preferentially_represent,YER138W-A,21,5.255406499436296,50.532754802272066,not_preferentially_represent
YLR142W,1431,177,103.49957196787186,16.53708565,not_preferentially_represent,YLR142W,120,30.030894282493115,21.000625372372806,not_preferentially_represent
YML024W,809,100,58.47433444512534,16.52634526,not_preferentially_represent,YML024W,8755,2191.003995360227,2711.6386081190926,not_preferentially_represent
YBL024W,2055,254,148.52480949061837,16.52521938,not_preferentially_represent,YBL024W,538,134.6385093665108,65.54942033423116,not_preferentially_represent
YPL009C,3117,385,225.12618761373258,16.51388555,not_preferentially_represent,YPL009C,58,14.514932236538339,4.6581939141650635,not_preferentially_represent
YNL167C,1944,240,140.33840266830083,16.50594236,not_preferentially_represent,YNL167C,96,24.02471542599449,12.364753178586975,not_preferentially_represent
YKR056W,1920,237,138.5841726349471,16.50336331,not_preferentially_represent,YKR056W,232,58.059728946153356,30.255200076161206,not_preferentially_represent
YAR019C,2925,361,211.0923473469025,16.50086361,not_preferentially_represent,YAR019C,75,18.769308926558196,6.419052300464499,not_preferentially_represent
YDL201W,861,106,61.982794511832864,16.45993277,not_preferentially_represent,YDL201W,300,75.07723570623278,87.2991112863172,not_preferentially_represent
YGL020C,708,87,50.872670967259054,16.42900789,not_preferentially_represent,YGL020C,86,21.5221409024534,30.44150056924102,not_preferentially_represent
YGL116W,1833,225,131.567252501532,16.41139114,not_preferentially_represent,YGL116W,59,14.765189688892448,8.059601358565747,not_preferentially_represent
YNR031C,4740,581,339.7358831261783,16.38789354,not_preferentially_represent,YNR031C,75,18.769308926558196,3.96060538648622,not_preferentially_represent
YMR120C,1779,218,127.47404909037327,16.38346994,not_preferentially_represent,YMR120C,234,58.560243850861575,32.936020163589184,not_preferentially_represent
YFR007W,1062,130,76.01663477866296,16.3660615,not_preferentially_represent,YFR007W,44,11.011327903580808,10.378254386032808,not_preferentially_represent
YKL076C,384,47,27.482937189208915,16.36409442,not_preferentially_represent,YKL076C,4,1.0010298094164372,2.613654854873204,not_preferentially_represent
YPL108W,507,62,36.25408735597771,16.34967309,not_preferentially_represent,YPL108W,46,11.511842808289027,22.750677486737207,not_preferentially_represent
YDR374W-A,270,33,19.296530366891364,16.34088294,not_preferentially_represent,YDR374W-A,58,14.514932236538339,53.95885589791204,not_preferentially_represent
YJL152W,360,44,25.72870715585515,16.34088294,not_preferentially_represent,YJL152W,283,70.82285901621293,197.2781588195346,not_preferentially_represent
YDR321W,1146,140,81.86406822317548,16.33310527,not_preferentially_represent,YDR321W,1931,483.24714049578506,422.049904363131,not_preferentially_represent
YHR014W,876,107,62.56753785628411,16.33070804,not_preferentially_represent,YHR014W,6,1.5015447141246556,1.7160511018567495,not_preferentially_represent
YPR170C,336,41,23.97447712250139,16.31435553,not_preferentially_represent,YPR170C,17,4.254376690019858,12.699631910507039,not_preferentially_represent
YLR058C,1410,172,100.5758552456156,16.30927582,not_preferentially_represent,YLR058C,1984,496.5107854705528,352.3852274453888,not_preferentially_represent
YOR242C,1116,136,79.52509484537048,16.29296246,not_preferentially_represent,YOR242C,8,2.0020596188328743,1.795569164872533,not_preferentially_represent
YPR030W,3366,410,239.7447712250139,16.28527469,not_preferentially_represent,YPR030W,43,10.7610704512267,3.1979406987300742,not_preferentially_represent
YLR141W,1092,133,77.77086481201671,16.28374699,not_preferentially_represent,YLR141W,71,17.76827911714176,16.286232004712886,not_preferentially_represent
YNL047C,1971,240,140.33840266830083,16.27983356,not_preferentially_represent,YNL047C,97,24.2749728783486,12.322321258044974,not_preferentially_represent
YDR326C,4317,525,306.9902558369081,16.25932821,not_preferentially_represent,YDR326C,124,31.03192409190955,7.1899731445573565,not_preferentially_represent
YKL162C,1209,147,85.95727163433425,16.25610056,not_preferentially_represent,YKL162C,1,0.2502574523541093,1.6464306075928243,not_preferentially_represent
YBR102C,2262,275,160.80441972409469,16.25419391,not_preferentially_represent,YBR102C,38,9.509783189456153,4.206007602590072,not_preferentially_represent
YNL126W,2541,308,180.10095009098606,16.20583432,not_preferentially_represent,YNL126W,42,10.510812998872591,4.138115353886847,not_preferentially_represent
YOR382W,462,56,32.745627289270196,16.20583432,not_preferentially_represent,YOR382W,53,13.263644974767793,28.77146415350931,not_preferentially_represent
YGR157W,2610,316,184.7788968465961,16.18720692,not_preferentially_represent,YGR157W,413,103.35632782224714,39.6153038797421,not_preferentially_represent
YHR047C,2571,311,181.85518012433982,16.17274189,not_preferentially_represent,YHR047C,406,101.60452565576837,39.534834885512986,not_preferentially_represent
YOL105C,1671,202,118.1181555791532,16.16219204,not_preferentially_represent,YOL105C,289,72.32440373033758,43.30802618583089,not_preferentially_represent
YIR004W,1299,157,91.8047050788468,16.15905073,not_preferentially_represent,YIR004W,38,9.509783189456153,7.326489360135711,not_preferentially_represent
YMR148W,447,54,31.576140600367683,16.15145233,not_preferentially_represent,YMR148W,66,16.516991855371213,37.03361402549599,not_preferentially_represent
YGL170C,1242,150,87.71150166768803,16.14711753,not_preferentially_represent,YGL170C,13,3.253346880603421,2.621552683806141,not_preferentially_represent
YPL040C,3009,363,212.261834035805,16.12908685,not_preferentially_represent,YPL040C,28,7.007208665915059,2.3295241575515493,not_preferentially_represent
YIL139C,738,89,52.04215765616156,16.1234876,not_preferentially_represent,YIL139C,19,4.754891594728076,6.451684660418015,not_preferentially_represent
YDL157C,357,43,25.1439638114039,16.10369671,not_preferentially_represent,YDL157C,244,61.06281837440266,171.52477071461422,not_preferentially_represent
YOR101W,930,112,65.49125457854039,16.10128055,not_preferentially_represent,YOR101W,323,80.8331571103773,87.01093338038461,not_preferentially_represent
YOR288C,957,115,67.24548461189416,16.06612885,not_preferentially_represent,YOR288C,113,28.279092116014347,29.580640288717937,not_preferentially_represent
YPR106W,1332,160,93.55893511220056,16.05983581,not_preferentially_represent,YPR106W,219,54.80638206554994,41.176846029714454,not_preferentially_represent
YBL056W,1407,169,98.82162521226184,16.05897975,not_preferentially_represent,YBL056W,226,56.558184232028694,40.22630457470036,not_preferentially_represent
YMR116C,1233,148,86.54201497878552,16.04811331,not_preferentially_represent,YMR116C,23643,5916.836946008206,4802.627391240427,preferentially_represented
YLR379W,375,45,26.313450500306406,16.04377598,not_preferentially_represent,YLR379W,637,159.41399714956762,426.240634089753,not_preferentially_represent
YHL009C,993,119,69.58445798969916,16.02223348,not_preferentially_represent,YHL009C,20,5.005149047082186,5.0455131523005905,not_preferentially_represent
YDR196C,726,87,50.872670967259054,16.02167711,not_preferentially_represent,YDR196C,74,18.519051474204087,25.543519274764257,not_preferentially_represent
YJL203W,843,101,59.0590777895766,16.01840029,not_preferentially_represent,YJL203W,17,4.254376690019858,5.052703907387005,not_preferentially_represent
YGL151W,3399,407,237.99054119166016,16.00916157,not_preferentially_represent,YGL151W,52,13.013387522413684,3.829719694647935,not_preferentially_represent
YLR356W,594,71,41.516777456038994,15.98075329,not_preferentially_represent,YLR356W,113,28.279092116014347,47.68818232042892,not_preferentially_represent
YDR440W,1749,209,122.21135899031198,15.97650648,not_preferentially_represent,YDR440W,20,5.005149047082186,2.863357578422303,not_preferentially_represent
YOL145C,3234,386,225.71093095818384,15.95778584,not_preferentially_represent,YOL145C,59,14.765189688892448,4.5670243392800645,not_preferentially_represent
YJL166W,285,34,19.88127371134262,15.94995273,not_preferentially_represent,YJL166W,144,36.03707313899174,126.89110260208358,not_preferentially_represent
YOR099W,1182,141,82.44881156762673,15.94876208,not_preferentially_represent,YOR099W,1514,378.88978286412146,320.82115399163547,not_preferentially_represent
YMR159C,453,54,31.576140600367683,15.93752581,not_preferentially_represent,YMR159C,2,0.5005149047082186,1.5641090772131832,not_preferentially_represent
YER169W,2391,285,166.65185316860723,15.93641487,not_preferentially_represent,YER169W,63,15.766219498308887,6.596744559961877,not_preferentially_represent
YBR168W,1242,148,86.54201497878552,15.93182263,not_preferentially_represent,YBR168W,10,2.502574523541093,2.0165789875431854,not_preferentially_represent
YHL007C,2820,336,196.47376373562116,15.92999033,not_preferentially_represent,YHL007C,156,39.04016256724105,13.848940250883665,not_preferentially_represent
YGR069W,336,40,23.38973377805014,15.91644442,not_preferentially_represent,YGR069W,105,26.277032497181477,78.43890297666113,not_preferentially_represent
YHR091C,1932,230,134.4909692237883,15.91644442,not_preferentially_represent,YHR091C,86,21.5221409024534,11.145593424367373,not_preferentially_represent
YMR203W,1164,138,80.69458153427297,15.8508096,not_preferentially_represent,YMR203W,1690,422.9350944784447,363.6587226813798,not_preferentially_represent
YEL043W,2871,340,198.81273711342618,15.83328641,not_preferentially_represent,YEL043W,87,21.772398354807507,7.5862015173545325,not_preferentially_represent
YGL033W,777,92,53.79638768951531,15.83040959,not_preferentially_represent,YGL033W,5,1.2512872617705466,1.6124835847558587,not_preferentially_represent
YCR093W,6327,749,437.97276499398885,15.82739082,not_preferentially_represent,YCR093W,140,35.0360433295753,5.538419748589203,not_preferentially_represent
YOL039W,321,38,22.220247089147634,15.82719333,not_preferentially_represent,YOL039W,5752,1439.4808659408366,4498.377706065115,preferentially_represented
YDL107W,1056,125,73.09291805640667,15.82601008,not_preferentially_represent,YDL107W,13,3.253346880603421,3.083741119055375,not_preferentially_represent
YBR255C-A,457,54,31.576140600367683,15.79802886,not_preferentially_represent,YBR255C-A,51,12.763130070059574,27.989320329078012,not_preferentially_represent
YBR175W,948,112,65.49125457854039,15.79556003,not_preferentially_represent,YBR175W,223,55.80741187496637,177.73061106677187,not_preferentially_represent
YOR309C,381,45,26.313450500306406,15.79111809,not_preferentially_represent,YOR309C,21,5.255406499436296,13.830017103779724,not_preferentially_represent
YHR173C,339,40,23.38973377805014,15.77559093,not_preferentially_represent,YHR173C,13,3.253346880603421,9.625286629004204,not_preferentially_represent
YLR240W,2628,310,181.27043677988857,15.77108877,not_preferentially_represent,YLR240W,88,22.022655807161616,8.383195967705221,not_preferentially_represent
YBL058W,1272,150,87.71150166768803,15.76628929,not_preferentially_represent,YBL058W,341,85.33779125275127,67.14224331451713,not_preferentially_represent
YBR136W,7107,838,490.01492265015037,15.76460329,not_preferentially_represent,YBR136W,40,10.010298094164373,1.4087106802933256,not_preferentially_represent
YAL028W,1587,187,109.3470054123844,15.75397032,not_preferentially_represent,YAL028W,23,5.755921404144513,3.629206433886831,not_preferentially_represent
YPR140W,1146,135,78.94035150091922,15.74978008,not_preferentially_represent,YPR140W,112,28.028834663660238,24.47933158398274,not_preferentially_represent
YFR009W,2259,266,155.54172962403342,15.74311794,not_preferentially_represent,YFR009W,208,52.053550089654735,23.052945123850634,not_preferentially_represent
YKR079C,2517,296,173.08402995757103,15.72294295,not_preferentially_represent,YKR079C,53,13.263644974767793,5.271718988381475,not_preferentially_represent
YOR091W,1038,122,71.33868802305292,15.71403877,not_preferentially_represent,YOR091W,215,53.8053522561335,51.88558558932835,not_preferentially_represent
YHR082C,3090,363,212.261834035805,15.70628554,not_preferentially_represent,YHR082C,78,19.520081283620524,6.319223465076246,not_preferentially_represent
YML070W,1755,206,120.4571289569582,15.69334212,not_preferentially_represent,YML070W,335,83.83624653862661,47.79717590571643,not_preferentially_represent
YAL067C,1782,209,122.21135899031198,15.68064525,not_preferentially_represent,YAL067C,5,1.2512872617705466,0.7025756663506718,not_preferentially_represent
YGR108W,1416,166,97.06739517890807,15.6736512,not_preferentially_represent,YGR108W,119,29.780636830139006,21.04638645239506,not_preferentially_represent
YMR195W,384,45,26.313450500306406,15.66774998,not_preferentially_represent,YMR195W,80,20.020596188328746,52.27309709746408,not_preferentially_represent
YNL008C,2031,238,139.16891597939832,15.66723569,not_preferentially_represent,YNL008C,72,18.01853656949587,8.876126388914221,not_preferentially_represent
YPL008W,2586,303,177.1772333687298,15.66532651,not_preferentially_represent,YPL008W,28,7.007208665915059,2.710719019696348,not_preferentially_represent
YHR005C-A,282,33,19.296530366891364,15.64552622,not_preferentially_represent,YHR005C-A,536,134.13799446180258,477.3594108960946,not_preferentially_represent
YDL159W,1548,181,105.83854534567688,15.63266285,not_preferentially_represent,YDL159W,53,13.263644974767793,101.24919828067017,not_preferentially_represent
YGL163C,2697,315,184.19415350214484,15.61546605,not_preferentially_represent,YGL163C,23,5.755921404144513,2.134985684029864,not_preferentially_represent
YDL030W,1593,186,108.76226206793314,15.61070481,not_preferentially_represent,YDL030W,48,12.012357712997245,7.545450824747014,not_preferentially_represent
YER029C,591,69,40.347290767136485,15.60942671,not_preferentially_represent,YER029C,57,14.264674784184228,24.177414888447846,not_preferentially_represent
YDR379C-A,240,28,16.372813644635098,15.59811553,not_preferentially_represent,YDR379C-A,20,5.005149047082186,20.942046222101197,not_preferentially_represent
YPR095C,3681,429,250.85489476958776,15.58177102,not_preferentially_represent,YPR095C,48,12.012357712997245,3.2642276394014256,not_preferentially_represent
YDL008W,498,58,33.9151139781727,15.57126852,not_preferentially_represent,YDL008W,163,40.791964733719816,82.07638779420486,not_preferentially_represent
YDR336W,945,110,64.32176788963788,15.56274566,not_preferentially_represent,YDR336W,30,7.507723570623279,7.953097002778897,not_preferentially_represent
YLR450W,3138,365,213.43132072470752,15.55124876,not_preferentially_represent,YLR450W,287,71.82388882562937,22.895724840812676,not_preferentially_represent
YLL006W,1281,149,87.12675832323677,15.55114898,not_preferentially_represent,YLL006W,54,13.513902427121902,76.78353651773807,not_preferentially_represent
YOR258W,654,76,44.44049417829527,15.53678611,not_preferentially_represent,YOR258W,26,6.506693761206842,9.96430897581446,not_preferentially_represent
YPL080C,327,38,22.220247089147634,15.53678611,not_preferentially_represent,YPL080C,11,2.752831975895202,8.44426986470921,not_preferentially_represent
YOL087C,3351,389,227.46516099153757,15.52031447,not_preferentially_represent,YOL087C,61,15.265704593600665,4.556926744358408,not_preferentially_represent
YGL067W,1155,134,78.35560815646797,15.51129856,not_preferentially_represent,YGL067W,292,73.07517608739991,63.3233761589254,not_preferentially_represent
YMR266W,2862,332,194.13479035781614,15.50935716,not_preferentially_represent,YMR266W,736,184.18948493262442,64.3794075262581,not_preferentially_represent
YDR262W,819,95,55.55061772286908,15.50833046,not_preferentially_represent,YDR262W,178,44.54582651903145,54.45700063451278,not_preferentially_represent
YPL096C-A,207,24,14.033840266830083,15.50123283,not_preferentially_represent,YPL096C-A,51,12.763130070059574,61.956942087667834,not_preferentially_represent
YBR088C,777,90,52.62690100061281,15.48627025,not_preferentially_represent,YBR088C,235,58.81050130321568,75.78672848352537,not_preferentially_represent
YOR159C,285,33,19.296530366891364,15.48083647,not_preferentially_represent,YOR159C,79,19.770338735974633,69.61386878864307,not_preferentially_represent
YEL024W,648,75,43.85575083384401,15.47432097,not_preferentially_represent,YEL024W,245,61.31307582675678,94.76518674923767,not_preferentially_represent
YBR301W,363,42,24.559220466952645,15.46920549,not_preferentially_represent,YBR301W,4,1.0010298094164372,2.0141444857473583,not_preferentially_represent
YJL133C-A,225,26,15.20332695573259,15.44956205,not_preferentially_represent,YJL133C-A,144,36.03707313899174,160.87979079907026,not_preferentially_represent
YPR143W,753,87,50.872670967259054,15.44719467,not_preferentially_represent,YPR143W,80,20.020596188328746,26.623133229160562,not_preferentially_represent
YOR248W,303,35,20.46601705579387,15.44367875,not_preferentially_represent,YOR248W,69,17.26776421243354,57.178027193488546,not_preferentially_represent
YBL048W,312,36,21.050760400245125,15.42670767,not_preferentially_represent,YBL048W,4,1.0010298094164372,3.218745367898512,not_preferentially_represent
YPL246C,789,91,53.211644345064066,15.42019026,not_preferentially_represent,YPL246C,882,220.7270729763244,280.11049870091927,not_preferentially_represent
YKL044W,321,37,21.63550374469638,15.41068824,not_preferentially_represent,YKL044W,22,5.505663951790404,17.205199849345014,not_preferentially_represent
YBR299W,1755,202,118.1181555791532,15.38861703,not_preferentially_represent,YBR299W,10,2.502574523541093,1.4267813703198933,not_preferentially_represent
YOR317W,2103,242,141.50788935720334,15.38513943,not_preferentially_represent,YOR317W,389,97.35014896574852,46.31310607314392,not_preferentially_represent
YEL001C,678,78,45.60998086719777,15.38120116,not_preferentially_represent,YEL001C,968,242.2492138787778,357.827494651075,not_preferentially_represent
YMR086C-A,339,39,22.804990433598885,15.38120116,not_preferentially_represent,YMR086C-A,21,5.255406499436296,15.548539939160637,not_preferentially_represent
YDR109C,2148,247,144.4316060794596,15.37404045,not_preferentially_represent,YDR109C,28,7.007208665915059,3.2637208504494923,not_preferentially_represent
YDR043C,696,80,46.77946755610028,15.36760151,not_preferentially_represent,YDR043C,94,23.52420052128627,33.84777053422486,not_preferentially_represent
YPL219W,1479,170,99.40636855671309,15.36760151,not_preferentially_represent,YPL219W,19,4.754891594728076,3.2171120397348285,not_preferentially_represent
YPR047W,1410,162,94.72842180110305,15.36106211,not_preferentially_represent,YPR047W,27,6.756951213560951,4.795565091242691,not_preferentially_represent
YNL061W,1857,213,124.55033236811698,15.33532707,not_preferentially_represent,YNL061W,324,81.08341456273142,43.68718457043718,not_preferentially_represent
YBL053W,375,43,25.1439638114039,15.33071927,not_preferentially_represent,YBL053W,6,1.5015447141246556,4.014825438835978,not_preferentially_represent
YMR190C,4344,498,291.20218553672424,15.32727217,not_preferentially_represent,YMR190C,23,5.755921404144513,1.325333042630558,not_preferentially_represent
YPL158C,2277,261,152.61801290177715,15.32508246,not_preferentially_represent,YPL158C,92,23.023685616578053,10.115854840324277,not_preferentially_represent
YDR413C,576,66,38.59306073378273,15.31957776,not_preferentially_represent,YDR413C,56,14.014417331830119,24.372899707530642,not_preferentially_represent
YOR365C,2112,242,141.50788935720334,15.31957776,not_preferentially_represent,YOR365C,15,3.7538617853116394,1.5967085433056738,not_preferentially_represent
YPL038W-A,192,22,12.864353577927576,15.31957776,not_preferentially_represent,YPL038W-A,2,0.5005149047082186,2.6204968832891025,not_preferentially_represent
YJL020C,3474,398,232.72785109159886,15.31717242,not_preferentially_represent,YJL020C,127,31.78269644897188,9.15136667116956,not_preferentially_represent
YLL018C-A,297,34,19.88127371134262,15.30551019,not_preferentially_represent,YLL018C-A,40,10.010298094164373,33.8185746424472,not_preferentially_represent
YJL151C,402,46,26.898193844757657,15.29879136,not_preferentially_represent,YJL151C,491,122.87640910586765,306.42496036375974,not_preferentially_represent
YBR256C,717,82,47.94895424500278,15.29044201,not_preferentially_represent,YBR256C,318,79.58186984860676,111.14786291704854,not_preferentially_represent
YJL032W,315,36,21.050760400245125,15.27978665,not_preferentially_represent,YJL032W,12,3.0030894282493112,9.56397907085768,not_preferentially_represent
YGR170W,3417,390,228.04990433598886,15.25966401,not_preferentially_represent,YGR170W,60,15.015447141246558,4.3956226994281495,not_preferentially_represent
YPR035W,1113,127,74.26240474530918,15.25576182,not_preferentially_represent,YPR035W,1667,417.1791730743002,375.16112686537787,not_preferentially_represent
YGR166W,1683,192,112.27072213464066,15.25254995,not_preferentially_represent,YGR166W,88,22.022655807161616,13.093136627325576,not_preferentially_represent
YDR210W,228,26,15.20332695573259,15.24627834,not_preferentially_represent,YDR210W,133,33.28424116309653,80.59138296149283,not_preferentially_represent
YGR185C,1185,135,78.94035150091922,15.23143289,not_preferentially_represent,YGR185C,1347,337.0967883209852,284.71012527110236,not_preferentially_represent
YDR003W-A,123,14,8.186406822317549,15.21767369,not_preferentially_represent,YDR003W-A,18,4.504634142373967,36.92323067519645,not_preferentially_represent
YLR222C,2454,279,163.14339310189973,15.200399,not_preferentially_represent,YLR222C,119,29.780636830139006,12.140496057944967,not_preferentially_represent
YAR002W,1620,184,107.59277537903063,15.18546697,not_preferentially_represent,YAR002W,102,25.52626014011915,15.76668322428607,not_preferentially_represent
YGL242C,546,62,36.25408735597771,15.18183929,not_preferentially_represent,YGL242C,111,27.778577211306132,50.969866442763546,not_preferentially_represent
YDR148C,1392,158,92.38944842329805,15.17550649,not_preferentially_represent,YDR148C,371,92.84551482337454,66.74731475440298,not_preferentially_represent
YGR089W,2811,319,186.53312687994986,15.17243133,not_preferentially_represent,YGR089W,42,10.510812998872591,3.7405028465738757,not_preferentially_represent
YGR251W,591,67,39.17780407823398,15.15697956,not_preferentially_represent,YGR251W,46,11.511842808289027,19.511597980150892,not_preferentially_represent
YBR166C,1359,154,90.05047504549303,15.15048749,not_preferentially_represent,YBR166C,123,30.781666639555443,22.66691210571093,not_preferentially_represent
YDR322W,1104,125,73.09291805640667,15.13792268,not_preferentially_represent,YDR322W,106,26.527289949535586,24.050126880811952,not_preferentially_represent
YCR095W-A,159,18,10.525380200122562,15.13563771,not_preferentially_represent,YCR095W-A,2,0.5005149047082186,3.167815852583662,not_preferentially_represent
YFR006W,1608,182,106.42328869012813,15.13250014,not_preferentially_represent,YFR006W,247,61.81359073146499,38.46520891814872,not_preferentially_represent
YDR409W,2715,307,179.5162067465348,15.11798412,not_preferentially_represent,YDR409W,105,26.277032497181477,9.682031133817787,not_preferentially_represent
YCR034W,1044,118,68.9997146452479,15.11147482,not_preferentially_represent,YCR034W,2764,691.7115983067581,663.1942457399406,not_preferentially_represent
YER182W,735,83,48.533697589454036,15.09788442,not_preferentially_represent,YER182W,45,11.261585355934917,15.342759340510787,not_preferentially_represent
YGR115C,780,88,51.4574143117103,15.08389194,not_preferentially_represent,YGR115C,13,3.253346880603421,4.176311785113506,not_preferentially_represent
YLR319C,2367,267,156.12647296848468,15.08128498,not_preferentially_represent,YLR319C,39,9.760040641810262,4.125122841001802,not_preferentially_represent
YKR063C,1509,170,99.40636855671309,15.06208259,not_preferentially_represent,YKR063C,34,8.508753380039716,5.642409403209361,not_preferentially_represent
YFR018C,1092,123,71.92343136750416,15.05940511,not_preferentially_represent,YFR018C,176,44.04531161432323,40.371504687738984,not_preferentially_represent
YDR287W,879,99,57.88959110067409,15.05815151,not_preferentially_represent,YDR287W,55,13.764159879476011,15.676719680496596,not_preferentially_represent
YGR290W,444,50,29.23716722256267,15.05609608,not_preferentially_represent,YGR290W,5,1.2512872617705466,2.8245762116716624,not_preferentially_represent
YJR039W,3366,379,221.61772754702505,15.05394904,not_preferentially_represent,YJR039W,32,8.008238475331497,2.3798628455665667,not_preferentially_represent
YDR323C,1548,174,101.74534193451811,15.02808473,not_preferentially_represent,YDR323C,17,4.254376690019858,2.750081894001201,not_preferentially_represent
YMR085W,1299,146,85.372528289883,15.02688794,not_preferentially_represent,YMR085W,25,6.256436308852733,2.9059156102427925,not_preferentially_represent
YMR194W,766,86,50.2879276228078,15.01049537,not_preferentially_represent,YMR194W,1729,432.695135120255,565.6145557127516,not_preferentially_represent
YHR128W,651,73,42.6862641449415,14.99226378,not_preferentially_represent,YHR128W,2361,590.857845008052,909.0120692431569,not_preferentially_represent
YHL037C,402,45,26.313450500306406,14.96620893,not_preferentially_represent,YHL037C,2,0.5005149047082186,1.2481668446588992,not_preferentially_represent
YHR090C,849,95,55.55061772286908,14.96033292,not_preferentially_represent,YHR090C,14,3.5036043329575297,4.131608883204635,not_preferentially_represent
YHR089C,618,69,40.347290767136485,14.92746147,not_preferentially_represent,YHR089C,1065,266.5241867571264,431.9678877749212,not_preferentially_represent
YNL152W,1230,137,80.10983818982173,14.89158068,not_preferentially_represent,YNL152W,151,37.788875305470505,30.747660948307978,not_preferentially_represent
YDL098C,585,65,38.00831738933148,14.85534813,not_preferentially_represent,YDL098C,6,1.5015447141246556,2.5711382091175614,not_preferentially_represent
YDL085C-A,207,23,13.449096922378828,14.85534813,not_preferentially_represent,YDL085C-A,39,9.760040641810262,47.37883806704011,not_preferentially_represent
YEL010W,351,39,22.804990433598885,14.85534813,not_preferentially_represent,YEL010W,1,0.2502574523541093,0.7150212924403122,not_preferentially_represent
YHR166C,1881,209,122.21135899031198,14.85534813,not_preferentially_represent,YHR166C,31,7.757981022977387,4.126585650519887,not_preferentially_represent
YLR216C,1116,124,72.50817471195542,14.85534813,not_preferentially_represent,YLR216C,187,46.79814359021844,41.97142922889546,not_preferentially_represent
YMR013W-A,81,9,5.262690100061281,14.85534813,not_preferentially_represent,YMR013W-A,3,0.7507723570623278,9.384654463279098,not_preferentially_represent
YOL077W-A,207,23,13.449096922378828,14.85534813,not_preferentially_represent,YOL077W-A,211,52.80432244671706,256.33166236270415,not_preferentially_represent
YDR333C,2172,241,140.92314601275208,14.83482969,not_preferentially_represent,YDR333C,69,17.26776421243354,7.953829669476527,not_preferentially_represent
YOR239W,1888,209,122.21135899031198,14.80027004,not_preferentially_represent,YOR239W,153,38.28939021017872,20.291144785468322,not_preferentially_represent
YIL020C,786,87,50.872670967259054,14.79864833,not_preferentially_represent,YIL020C,157,39.29042001959516,116.24384621182,not_preferentially_represent
YGR090W,3714,411,240.32951456946518,14.79535076,not_preferentially_represent,YGR090W,190,47.54891594728076,12.806064084912675,not_preferentially_represent
YGL251C,3716,411,240.32951456946518,14.78738771,not_preferentially_represent,YGL251C,28,7.007208665915059,1.8861934497752517,not_preferentially_represent
YBR148W,1830,202,118.1181555791532,14.75793601,not_preferentially_represent,YBR148W,6,1.5015447141246556,0.8209648518997571,not_preferentially_represent
YKL004W,1206,133,77.77086481201671,14.74448732,not_preferentially_represent,YKL004W,1178,294.80327887314075,244.65002396111265,not_preferentially_represent
YHR087W,336,37,21.63550374469638,14.72271109,not_preferentially_represent,YHR087W,19,4.754891594728076,14.19370625291963,not_preferentially_represent
YCR091W,2163,238,139.16891597939832,14.71112145,not_preferentially_represent,YCR091W,6,1.5015447141246556,0.6945165190215798,not_preferentially_represent
YAL063C-A,291,32,18.711787022440113,14.70220021,not_preferentially_represent,YAL063C-A,4,1.0010298094164372,3.451826929022197,not_preferentially_represent
YNL032W,846,93,54.38113103396657,14.69731251,not_preferentially_represent,YNL032W,76,19.019566378912305,22.508362578594443,not_preferentially_represent
YDR025W,810,89,52.04215765616156,14.6902887,not_preferentially_represent,YDR025W,4718,1180.7146602066875,1459.4742400577104,not_preferentially_represent
YNL201C,2577,283,165.48236647970472,14.68241043,not_preferentially_represent,YNL201C,39,9.760040641810262,3.7888356528766547,not_preferentially_represent
YPL105C,2550,280,163.72813644635096,14.68057933,not_preferentially_represent,YPL105C,180,45.04634142373967,17.672162190560876,not_preferentially_represent
YNR067C,3354,368,215.18555075806125,14.66932409,not_preferentially_represent,YNR067C,673,168.42326543431554,50.23061897832256,not_preferentially_represent
YBR281C,2637,289,168.99082654641225,14.65254474,not_preferentially_represent,YBR281C,61,15.265704593600665,5.791238464947142,not_preferentially_represent
YDL109C,1944,213,124.55033236811698,14.64902385,not_preferentially_represent,YDL109C,30,7.507723570623279,3.8639853683084295,not_preferentially_represent
YKL072W,2301,252,147.35532280171586,14.64229881,not_preferentially_represent,YKL072W,22,5.505663951790404,2.3937669355610454,not_preferentially_represent
YJL070C,2667,292,170.745056579766,14.63811582,not_preferentially_represent,YJL070C,18,4.504634142373967,1.8824212880793845,not_preferentially_represent
YPR108W,1290,141,82.44881156762673,14.61351688,not_preferentially_represent,YPR108W,263,65.81770996913073,51.06106281546217,not_preferentially_represent
YGL034C,366,40,23.38973377805014,14.61181783,not_preferentially_represent,YGL034C,2,0.5005149047082186,1.371273711529366,not_preferentially_represent
YDL145C,3606,394,230.38887771379387,14.60817095,not_preferentially_represent,YDL145C,376,94.09680208514509,26.101748151219166,not_preferentially_represent
YKL006W,815,89,52.04215765616156,14.60016423,not_preferentially_represent,YKL006W,6192,1549.5941449766447,1903.6783107821188,not_preferentially_represent
YMR026C,1200,131,76.6013781231142,14.59537954,not_preferentially_represent,YMR026C,69,17.26776421243354,14.401805014540068,not_preferentially_represent
YDL229W,1842,201,117.53341223470194,14.58920997,not_preferentially_represent,YDL229W,36457,9123.635940473763,4955.804421767389,preferentially_represented
YLR412W,825,90,52.62690100061281,14.58525089,not_preferentially_represent,YLR412W,126,31.532438996617774,38.26752305414778,not_preferentially_represent
YDL138W,2292,250,146.18583611281335,14.58312971,not_preferentially_represent,YDL138W,105,26.277032497181477,11.469678086940846,not_preferentially_represent
YBL028C,321,35,20.46601705579387,14.57767807,not_preferentially_represent,YBL028C,170,42.543766900198584,132.94927156312056,not_preferentially_represent
YHR165W-A,312,34,19.88127371134262,14.56966836,not_preferentially_represent,YHR165W-A,2,0.5005149047082186,1.609372683949256,not_preferentially_represent
YNL030W,312,34,19.88127371134262,14.56966836,not_preferentially_represent,YNL030W,860,215.221409024534,692.0302540981801,not_preferentially_represent
YER088W-B,147,16,9.355893511220057,14.55217776,not_preferentially_represent,YER088W-B,60,15.015447141246558,46.48745244967974,not_preferentially_represent
YMR194C-B,294,32,18.711787022440113,14.55217776,not_preferentially_represent,YMR194C-B,8,2.0020596188328743,6.832967982364758,not_preferentially_represent
YHR172W,2472,269,157.29595965738716,14.54886643,not_preferentially_represent,YHR172W,30,7.507723570623279,3.038334103854018,not_preferentially_represent
YLL048C,4986,542,316.93089269257933,14.53357163,not_preferentially_represent,YLL048C,575,143.89803510361284,28.866205637635474,not_preferentially_represent
YCL065W,369,40,23.38973377805014,14.49302256,not_preferentially_represent,YCL065W,21,5.255406499436296,14.280995922381237,not_preferentially_represent
YCR024C,1479,160,93.55893511220056,14.46362495,not_preferentially_represent,YCR024C,31,7.757981022977387,5.2489722753568255,not_preferentially_represent
YJL132W,2253,243,142.0926327016546,14.42017148,not_preferentially_represent,YJL132W,41,10.260555546518482,4.556196956713357,not_preferentially_represent
YEL009C-A,408,44,25.72870715585515,14.41842612,not_preferentially_represent,YEL009C-A,1,0.2502574523541093,0.6148831753172218,not_preferentially_represent
YIL147C,3663,395,230.97362105824513,14.41735261,not_preferentially_represent,YIL147C,46,11.511842808289027,3.143594431537146,not_preferentially_represent
YKR001C,2115,228,133.3214825348858,14.4128484,not_preferentially_represent,YKR001C,174,43.544796709615014,20.59829551069774,not_preferentially_represent
YJR052W,1698,183,107.00803203457937,14.40916276,not_preferentially_represent,YJR052W,18,4.504634142373967,2.6544691469498924,not_preferentially_represent
YER142C,891,96,56.13536106732033,14.40518606,not_preferentially_represent,YER142C,3,0.7507723570623278,0.8435644461374471,not_preferentially_represent
YNL091W,3723,401,234.48208112495266,14.40047042,not_preferentially_represent,YNL091W,141,35.286300781929405,9.480467700679583,not_preferentially_represent
YPL012W,3687,397,232.14310774714764,14.39602898,not_preferentially_represent,YPL012W,158,39.540677471949266,10.727259216481082,not_preferentially_represent
YMR098C,1839,198,115.77918220134818,14.39490504,not_preferentially_represent,YMR098C,37,9.259525737102043,5.037826842819393,not_preferentially_represent
YNL001W,1161,125,73.09291805640667,14.39471718,not_preferentially_represent,YNL001W,86,21.5221409024534,18.55356974349431,not_preferentially_represent
YGL121C,381,41,23.97447712250139,14.38746315,not_preferentially_represent,YGL121C,20,5.005149047082186,13.171444860742595,not_preferentially_represent
YNL059C,2268,244,142.67737604610585,14.38374977,not_preferentially_represent,YNL059C,30,7.507723570623279,3.3117439658682306,not_preferentially_represent
YMR027W,1413,152,88.88098835659054,14.38224787,not_preferentially_represent,YMR027W,332,83.0854741815643,58.84240381130615,not_preferentially_represent
YKL107W,930,100,58.47433444512534,14.37614335,not_preferentially_represent,YKL107W,7,1.7518021664787649,1.8856858627327933,not_preferentially_represent
YPL233W,651,70,40.93203411158774,14.37614335,not_preferentially_represent,YPL233W,37,9.259525737102043,14.24542421092622,not_preferentially_represent
YLR060W,1788,192,112.27072213464066,14.35684651,not_preferentially_represent,YLR060W,1093,273.53139542304143,153.06737292839478,not_preferentially_represent
YMR304W,3693,396,231.55836440269636,14.3364367,not_preferentially_represent,YMR304W,27,6.756951213560951,1.8301601336838977,not_preferentially_represent
YMR184W,597,64,37.423574044880226,14.33279819,not_preferentially_represent,YMR184W,139,34.78578587722119,58.36541254567314,not_preferentially_represent
YPL147W,2613,280,163.72813644635096,14.32662736,not_preferentially_represent,YPL147W,29,7.2574661182691695,2.77850923364057,not_preferentially_represent
YHR130C,336,36,21.050760400245125,14.32479998,not_preferentially_represent,YHR130C,3,0.7507723570623278,2.2411115136188893,not_preferentially_represent
YOR289W,756,81,47.36421090055153,14.32479998,not_preferentially_represent,YOR289W,33,8.258495927685606,10.938405202232591,not_preferentially_represent
YPL114W,420,45,26.313450500306406,14.32479998,not_preferentially_represent,YPL114W,12,3.0030894282493112,7.167277871716734,not_preferentially_represent
YLR140W,327,35,20.46601705579387,14.31019774,not_preferentially_represent,YLR140W,15,3.7538617853116394,11.514913451876195,not_preferentially_represent
YGR221C,1869,200,116.94866889025069,14.30691633,not_preferentially_represent,YGR221C,56,14.014417331830119,7.5023647386670875,not_preferentially_represent
YNL039W,1785,191,111.68597879018941,14.30607475,not_preferentially_represent,YNL039W,31,7.757981022977387,4.3486440711756655,not_preferentially_represent
YOR257W,486,52,30.40665391146518,14.30515005,not_preferentially_represent,YOR257W,97,24.2749728783486,50.05149047082186,not_preferentially_represent
YGR289C,1851,198,115.77918220134818,14.30158312,not_preferentially_represent,YGR289C,36,9.009268284747934,4.869874748512397,not_preferentially_represent
YGL136C,963,103,60.2285644784791,14.30000801,not_preferentially_represent,YGL136C,40,10.010298094164373,10.405715274599139,not_preferentially_represent
YPL142C,318,34,19.88127371134262,14.29476895,not_preferentially_represent,YPL142C,6564,1642.6899172523733,5181.987120669947,preferentially_represented
YNL101W,2142,229,133.90622587933703,14.29359127,not_preferentially_represent,YNL101W,371,92.84551482337454,43.36549034253832,not_preferentially_represent
YFL024C,2499,267,156.12647296848468,14.28467449,not_preferentially_represent,YFL024C,117,29.280121925430787,11.721425910901036,not_preferentially_represent
YBR089W,600,64,37.423574044880226,14.2611342,not_preferentially_represent,YBR089W,161,40.2914498290116,67.26452392155525,not_preferentially_represent
YDL247W-A,75,8,4.677946755610028,14.2611342,not_preferentially_represent,YDL247W-A,1,0.2502574523541093,3.38185746424472,not_preferentially_represent
YHR175W-A,150,16,9.355893511220057,14.2611342,not_preferentially_represent,YHR175W-A,32,8.008238475331497,53.74656694853354,not_preferentially_represent
YJR032W,1182,126,73.67766140085793,14.25208526,not_preferentially_represent,YJR032W,39,9.760040641810262,8.26421730889946,not_preferentially_represent
YDR423C,1230,131,76.6013781231142,14.23939467,not_preferentially_represent,YDR423C,84,21.021625997745183,17.10465907058192,not_preferentially_represent
YJL111W,1653,176,102.9148286234206,14.23525193,not_preferentially_represent,YJL111W,315,78.83109749154443,47.71858201667338,not_preferentially_represent
YGR091W,1485,158,92.38944842329805,14.22512124,not_preferentially_represent,YGR091W,39,9.760040641810262,6.576846793672684,not_preferentially_represent
YBR244W,489,52,30.40665391146518,14.21738839,not_preferentially_represent,YBR244W,48,12.012357712997245,24.615487116797635,not_preferentially_represent
YJL083W,1815,193,112.85546547909192,14.21693647,not_preferentially_represent,YJL083W,61,15.265704593600665,8.415493160750092,not_preferentially_represent
YPR166C,348,37,21.63550374469638,14.2150314,not_preferentially_represent,YPR166C,122,30.53140918720133,87.98676999193468,not_preferentially_represent
YDR209C,414,44,25.72870715585515,14.20946343,not_preferentially_represent,YDR209C,232,58.059728946153356,140.58045749673937,not_preferentially_represent
YPL197C,414,44,25.72870715585515,14.20946343,not_preferentially_represent,YPL197C,1333,333.5931839880277,807.7316803584206,not_preferentially_represent
YNL166C,1347,143,83.61829825652924,14.19363997,not_preferentially_represent,YNL166C,40,10.010298094164373,7.437071392395521,not_preferentially_represent
YOR229W,1404,149,87.12675832323677,14.18876199,not_preferentially_represent,YOR229W,108,27.027804854243804,19.26429426531989,not_preferentially_represent
YDL140C,5202,552,322.7783261370919,14.18711447,not_preferentially_represent,YDL140C,1074,268.77650382831337,51.677851149454604,not_preferentially_represent
YCL066W,528,56,32.745627289270196,14.18010503,not_preferentially_represent,YCL066W,139,34.78578587722119,66.0071838277442,not_preferentially_represent
YOL041C,1380,146,85.372528289883,14.14487496,not_preferentially_represent,YOL041C,94,23.52420052128627,17.058883626748568,not_preferentially_represent
YER139C,681,72,42.10152080049025,14.13548544,not_preferentially_represent,YER139C,8,2.0020596188328743,2.9442053218130506,not_preferentially_represent
YMR283C,1542,163,95.31316514555431,14.13281174,not_preferentially_represent,YMR283C,44,11.011327903580808,7.14557294197327,not_preferentially_represent
YLL049W,540,57,33.33037063372145,14.11258072,not_preferentially_represent,YLL049W,124,31.03192409190955,57.57314302766151,not_preferentially_represent
YBL049W,417,44,25.72870715585515,14.10723707,not_preferentially_represent,YBL049W,14,3.5036043329575297,8.422125800378678,not_preferentially_represent
YLR224W,1110,117,68.41497130079665,14.09250593,not_preferentially_represent,YLR224W,194,48.5499457566972,43.77812962731939,not_preferentially_represent
YMR064W,1557,164,95.89790849000556,14.08252655,not_preferentially_represent,YMR064W,36,9.009268284747934,5.7900181778585695,not_preferentially_represent
YPL118W,1035,109,63.737024545186635,14.08028649,not_preferentially_represent,YPL118W,66,16.516991855371213,15.973879937496338,not_preferentially_represent
YGL155W,1131,119,69.58445798969916,14.067266,not_preferentially_represent,YGL155W,102,25.52626014011915,22.58961074346827,not_preferentially_represent
YDL155W,1284,135,78.94035150091922,14.05704671,not_preferentially_represent,YDL155W,66,16.516991855371213,12.87372708914358,not_preferentially_represent
YPL199C,723,76,44.44049417829527,14.05402229,not_preferentially_represent,YPL199C,53,13.263644974767793,18.370699411035723,not_preferentially_represent
YGR186W,2208,232,135.6604559126908,14.04799225,not_preferentially_represent,YGR186W,72,18.01853656949587,8.164266683052048,not_preferentially_represent
YDR264C,2295,241,140.92314601275208,14.03976039,not_preferentially_represent,YDR264C,355,88.8413955857088,38.727722574415345,not_preferentially_represent
YGR145W,2124,223,130.39776581262953,14.03704505,not_preferentially_represent,YGR145W,63,15.766219498308887,7.426386951629244,not_preferentially_represent
YLR217W,324,34,19.88127371134262,14.03005101,not_preferentially_represent,YLR217W,40,10.010298094164373,30.991634966453162,not_preferentially_represent
YOR100C,984,103,60.2285644784791,13.99482491,not_preferentially_represent,YOR100C,7,1.7518021664787649,1.7820978295816532,not_preferentially_represent
YLR020C,1617,169,98.82162521226184,13.97339796,not_preferentially_represent,YLR020C,99,24.77548778305682,15.331366202386645,not_preferentially_represent
YPL016W,3945,412,240.9142579139164,13.96289756,not_preferentially_represent,YPL016W,29,7.2574661182691695,1.8401283261331565,not_preferentially_represent
YOR072W-A,249,26,15.20332695573259,13.96044764,not_preferentially_represent,YOR072W-A,7,1.7518021664787649,5.578987791333646,not_preferentially_represent
YIR002C,2982,311,181.85518012433982,13.94370201,not_preferentially_represent,YIR002C,25,6.256436308852733,2.098770985861366,not_preferentially_represent
YDR228C,1881,196,114.60969551244568,13.93133126,not_preferentially_represent,YDR228C,20,5.005149047082186,2.6623133229160563,not_preferentially_represent
YHL031C,672,70,40.93203411158774,13.92688887,not_preferentially_represent,YHL031C,176,44.04531161432323,65.64129897812703,not_preferentially_represent
YJR030C,2238,233,136.24519925714205,13.91942137,not_preferentially_represent,YJR030C,25,6.256436308852733,3.4095020756690637,not_preferentially_represent
YDL200C,567,59,34.49985732262395,13.91215142,not_preferentially_represent,YDL200C,44,11.011327903580808,19.45464293918871,not_preferentially_represent
YOL023W,2031,211,123.38084567921449,13.88986021,not_preferentially_represent,YOL023W,9,2.2523170711869835,1.1095157986142776,not_preferentially_represent
YDR478W,597,62,36.25408735597771,13.88489825,not_preferentially_represent,YDR478W,18,4.504634142373967,7.558110977137529,not_preferentially_represent
YDR284C,870,90,52.62690100061281,13.83084136,not_preferentially_represent,YDR284C,356,89.0916530380629,102.52204031998033,not_preferentially_represent
YNL211C,261,27,15.788070300183842,13.83084136,not_preferentially_represent,YNL211C,14,3.5036043329575297,13.475401280605885,not_preferentially_represent
YMR287C,2910,301,176.00774667982728,13.82925707,not_preferentially_represent,YMR287C,31,7.757981022977387,2.6668893169396313,not_preferentially_represent
YMR302C,2553,264,154.3722429351309,13.82542387,not_preferentially_represent,YMR302C,63,15.766219498308887,6.1779856968295,not_preferentially_represent
YGL176C,1665,172,100.5758552456156,13.8114588,not_preferentially_represent,YGL176C,40,10.010298094164373,6.015804143127627,not_preferentially_represent
YGR109C,1143,118,68.9997146452479,13.80260692,not_preferentially_represent,YGR109C,10,2.502574523541093,2.1913962552899235,not_preferentially_represent
YGR184C,5853,604,353.1849800485571,13.7969712,not_preferentially_represent,YGR184C,118,29.530379377784897,5.046202901193591,not_preferentially_represent
YMR238W,1377,142,83.03355491207799,13.78731656,not_preferentially_represent,YMR238W,533,133.38722210474026,96.93838815751472,not_preferentially_represent
YLL007C,1998,206,120.4571289569582,13.78469241,not_preferentially_represent,YLL007C,18,4.504634142373967,2.255700622120164,not_preferentially_represent
YER126C,786,81,47.36421090055153,13.77805189,not_preferentially_represent,YER126C,248,62.0638481838191,79.06222698575682,not_preferentially_represent
YIL138C,486,50,29.23716722256267,13.75495197,not_preferentially_represent,YIL138C,143,35.78681568663763,73.7872488384281,not_preferentially_represent
YLR279W,390,40,23.38973377805014,13.71262904,not_preferentially_represent,YLR279W,10,2.502574523541093,6.4333535309539664,not_preferentially_represent
YPL224C,1455,149,87.12675832323677,13.69142394,not_preferentially_represent,YPL224C,102,25.52626014011915,17.55588730407094,not_preferentially_represent
YPL269W,1935,198,115.77918220134818,13.68073921,not_preferentially_represent,YPL269W,38,9.509783189456153,4.917157802200699,not_preferentially_represent
YDR219C,1398,143,83.61829825652924,13.67584624,not_preferentially_represent,YDR219C,30,7.507723570623279,5.3741757842686315,not_preferentially_represent
YDR251W,2493,255,149.10955283506962,13.67550098,not_preferentially_represent,YDR251W,109,27.278062306597914,10.946252932021634,not_preferentially_represent
YER124C,1722,176,102.9148286234206,13.66484985,not_preferentially_represent,YER124C,162,40.54170728136571,23.557064079817376,not_preferentially_represent
YBR059C,3327,340,198.81273711342618,13.6631696,not_preferentially_represent,YBR059C,73,18.268794021849978,5.49272219538484,not_preferentially_represent
YLR225C,1224,125,73.09291805640667,13.65381262,not_preferentially_represent,YLR225C,50,12.512872617705465,10.034380607622666,not_preferentially_represent
YEL021W,804,82,47.94895424500278,13.63587925,not_preferentially_represent,YEL021W,314,78.58084003919032,97.85907850459566,not_preferentially_represent
YDR341C,1824,186,108.76226206793314,13.63369121,not_preferentially_represent,YDR341C,995,249.00616509233873,136.59142352843597,not_preferentially_represent
YCR018C-A,255,26,15.20332695573259,13.63196652,not_preferentially_represent,YCR018C-A,6,1.5015447141246556,5.911593362695495,not_preferentially_represent
YNL204C,903,92,53.79638768951531,13.62151523,not_preferentially_represent,YNL204C,9,2.2523170711869835,2.4970255778126202,not_preferentially_represent
YDL009C,324,33,19.296530366891364,13.61740245,not_preferentially_represent,YDL009C,8,2.0020596188328743,6.198326993290633,not_preferentially_represent
YML110C,924,94,54.96587437841783,13.60132523,not_preferentially_represent,YML110C,278,69.57157175444237,75.3754840243146,not_preferentially_represent
YDR412W,708,72,42.10152080049025,13.59642032,not_preferentially_represent,YDR412W,72,18.01853656949587,25.48590745331806,not_preferentially_represent
YPL097W,1479,150,87.71150166768803,13.55964839,not_preferentially_represent,YPL097W,37,9.259525737102043,6.264902393167824,not_preferentially_represent
YHR179W,1203,122,71.33868802305292,13.55874667,not_preferentially_represent,YHR179W,1525,381.6426148400166,317.5063351414448,not_preferentially_represent
YBL059W,651,66,38.59306073378273,13.55464944,not_preferentially_represent,YBL059W,48,12.012357712997245,18.48055032768807,not_preferentially_represent
YHR068W,1164,118,68.9997146452479,13.55359082,not_preferentially_represent,YHR068W,484,121.1246069393889,104.14841525312889,not_preferentially_represent
YDR435C,987,100,58.47433444512534,13.54591015,not_preferentially_represent,YDR435C,129,32.283211353680095,32.741593664989956,not_preferentially_represent
YBR014C,612,62,36.25408735597771,13.54458212,not_preferentially_represent,YBR014C,60,15.015447141246558,24.57519990384052,not_preferentially_represent
YDR094W,336,34,19.88127371134262,13.52897776,not_preferentially_represent,YDR094W,2,0.5005149047082186,1.4940743424125928,not_preferentially_represent
YKL064W,2910,294,171.9145432686685,13.50764644,not_preferentially_represent,YKL064W,117,29.280121925430787,10.065356454256028,not_preferentially_represent
YMR046W-A,129,13,7.601663477866295,13.47345528,not_preferentially_represent,YMR046W-A,4,1.0010298094164372,7.820545386065915,not_preferentially_represent
YKL087C,675,68,39.76254742268524,13.46884897,not_preferentially_represent,YKL087C,102,25.52626014011915,37.87278952539933,not_preferentially_represent
YJL204C,2523,254,148.52480949061837,13.45989925,not_preferentially_represent,YJL204C,23,5.755921404144513,2.282284458423677,not_preferentially_represent
YGL022W,2157,217,126.889305745922,13.4503917,not_preferentially_represent,YGL022W,1212,303.31203225318046,140.68276078533415,not_preferentially_represent
YGL238W,2883,290,169.5755698908635,13.44865023,not_preferentially_represent,YGL238W,145,36.28733059134585,12.591023799911813,not_preferentially_represent
YBR205W,1215,122,71.33868802305292,13.42483312,not_preferentially_represent,YBR205W,532,133.13696465238613,109.66801042206437,not_preferentially_represent
YHR093W,549,55,32.16088394481894,13.39416634,not_preferentially_represent,YHR093W,3,0.7507723570623278,1.37002254938381,not_preferentially_represent
YOR164C,939,94,54.96587437841783,13.38405167,not_preferentially_represent,YOR164C,248,62.0638481838191,66.16614944970054,not_preferentially_represent
YIL008W,300,30,17.542300333537604,13.36981331,not_preferentially_represent,YIL008W,109,27.278062306597914,91.23097761403984,not_preferentially_represent
YJL118W,660,66,38.59306073378273,13.36981331,not_preferentially_represent,YJL118W,78,19.520081283620524,29.620760673172267,not_preferentially_represent
YKL049C,690,69,40.347290767136485,13.36981331,not_preferentially_represent,YKL049C,13,3.253346880603421,4.721838723662439,not_preferentially_represent
YIL019W,1041,104,60.81330782293036,13.35697007,not_preferentially_represent,YIL019W,45,11.261585355934917,10.828447457629728,not_preferentially_represent
YJL072C,642,64,37.423574044880226,13.32816281,not_preferentially_represent,YJL072C,89,22.272913259515725,34.747134570227345,not_preferentially_represent
YER053C,903,90,52.62690100061281,13.32539533,not_preferentially_represent,YER053C,131,32.78372625838831,36.34559452149481,not_preferentially_represent
YMR030W-A,291,29,16.95755698908635,13.32386894,not_preferentially_represent,YMR030W-A,6,1.5015447141246556,5.177740393533296,not_preferentially_represent
YHL030W-A,462,46,26.898193844757657,13.31193533,not_preferentially_represent,YHL030W-A,103,25.776517592473258,55.914354864367155,not_preferentially_represent
YLR120C,1710,170,99.40636855671309,13.29162727,not_preferentially_represent,YLR120C,2099,525.2903924912754,307.36711087845254,not_preferentially_represent
YPL220W,654,65,38.00831738933148,13.28804076,not_preferentially_represent,YPL220W,10055,2516.338683420569,3853.504875069784,not_preferentially_represent
YMR061W,2034,202,118.1181555791532,13.27778903,not_preferentially_represent,YMR061W,43,10.7610704512267,5.29319746740123,not_preferentially_represent
YPL117C,867,86,50.2879276228078,13.26186788,not_preferentially_represent,YPL117C,435,108.86199177403755,125.70668796078238,not_preferentially_represent
YLR381W,2202,218,127.47404909037327,13.23623661,not_preferentially_represent,YLR381W,53,13.263644974767793,6.026190356550565,not_preferentially_represent
YAL014C,768,76,44.44049417829527,13.23054443,not_preferentially_represent,YAL014C,128,32.03295390132599,41.7639555427979,not_preferentially_represent
YBR099C,384,38,22.220247089147634,13.23054443,not_preferentially_represent,YBR099C,8,2.0020596188328743,5.227309709746408,not_preferentially_represent
YDR149C,708,70,40.93203411158774,13.21874198,not_preferentially_represent,YDR149C,3,0.7507723570623278,1.0619128105549192,not_preferentially_represent
YML069W,1659,164,95.89790849000556,13.21669309,not_preferentially_represent,YML069W,77,19.269823831266415,11.622330416927873,not_preferentially_represent
YDL108W,1002,99,57.88959110067409,13.20969579,not_preferentially_represent,YDL108W,139,34.78578587722119,34.751034842378814,not_preferentially_represent
YBL059C-A,415,41,23.97447712250139,13.20873123,not_preferentially_represent,YBL059C-A,35,8.759010832393825,21.15703099612035,not_preferentially_represent
YML055W,537,53,30.991397255916432,13.19553269,not_preferentially_represent,YML055W,121,30.281151734847224,56.49468607247616,not_preferentially_represent
YBR279W,1338,132,77.18612146756546,13.18995036,not_preferentially_represent,YBR279W,25,6.256436308852733,4.679458720159111,not_preferentially_represent
YNL199C,1605,158,92.38944842329805,13.16156077,not_preferentially_represent,YNL199C,34,8.508753380039716,5.304709089800322,not_preferentially_represent
YIL014C-A,315,31,18.127043677988855,13.15759406,not_preferentially_represent,YIL014C-A,15,3.7538617853116394,11.9549738385721,not_preferentially_represent
YER074W,874,86,50.2879276228078,13.15565155,not_preferentially_represent,YER074W,5890,1474.0163943657037,1688.4494780821349,not_preferentially_represent
YGL014W,2667,262,153.2027562462284,13.13419981,not_preferentially_represent,YGL014W,291,72.8249186350458,27.316173531525056,not_preferentially_represent
YBR171W,621,61,35.66934401152646,13.13298892,not_preferentially_represent,YBR171W,212,53.05457989907117,85.57190306301801,not_preferentially_represent
YMR277W,2199,216,126.30456240147073,13.13269521,not_preferentially_represent,YMR277W,195,48.80020320905131,22.2020942716339,not_preferentially_represent
YDR445C,408,40,23.38973377805014,13.10766011,not_preferentially_represent,YDR445C,21,5.255406499436296,12.91254668166166,not_preferentially_represent
YGR206W,306,30,17.542300333537604,13.10766011,not_preferentially_represent,YGR206W,73,18.268794021849978,59.89768531754091,not_preferentially_represent
YPL089C,2031,199,116.36392554579943,13.09991556,not_preferentially_represent,YPL089C,137,34.28527097251297,16.889296045572895,not_preferentially_represent
YPL146C,1368,134,78.35560815646797,13.09616216,not_preferentially_represent,YPL146C,117,29.280121925430787,21.419255249034958,not_preferentially_represent
YLR411W,726,71,41.516777456038994,13.07516178,not_preferentially_represent,YLR411W,13,3.253346880603421,4.487375007728856,not_preferentially_represent
YPL039W,951,93,54.38113103396657,13.07458084,not_preferentially_represent,YPL039W,39,9.760040641810262,10.273726991379224,not_preferentially_represent
YMR194C-A,225,22,12.864353577927576,13.07270635,not_preferentially_represent,YMR194C-A,10,2.502574523541093,11.172207694379878,not_preferentially_represent
YNR033W,2364,231,135.07571256823954,13.06441149,not_preferentially_represent,YNR033W,221,55.30689697025816,23.405373241751228,not_preferentially_represent
YNL133C,522,51,29.821910567013926,13.06246128,not_preferentially_represent,YNL133C,6,1.5015447141246556,2.882043597168245,not_preferentially_represent
YPL167C,4515,441,257.87181490300276,13.05888742,not_preferentially_represent,YPL167C,29,7.2574661182691695,1.6077683026737195,not_preferentially_represent
YNR066C,1311,128,74.84714808976045,13.05366975,not_preferentially_represent,YNR066C,13,3.253346880603421,2.4834709012239853,not_preferentially_represent
YNL227C,1773,173,101.16059859006685,13.04555952,not_preferentially_represent,YNL227C,34,8.508753380039716,10.96488837633984,not_preferentially_represent
YDR304C,678,66,38.59306073378273,13.01486252,not_preferentially_represent,YDR304C,887,221.97836023809495,327.8853179292392,not_preferentially_represent
YNL021W,2121,206,120.4571289569582,12.98529723,not_preferentially_represent,YNL021W,50,12.512872617705465,5.902298404578049,not_preferentially_represent
YPL006W,3513,341,199.39748045787744,12.9778148,not_preferentially_represent,YPL006W,167,41.79299454313625,11.900055393831506,not_preferentially_represent
YBR298C,1845,179,104.66905865677437,12.97125519,not_preferentially_represent,YBR298C,72,18.01853656949587,9.771440655908822,not_preferentially_represent
YCR054C,1692,164,95.89790849000556,12.95892071,not_preferentially_represent,YCR054C,35,8.759010832393825,5.1797816868088855,not_preferentially_represent
YNL058C,951,92,53.79638768951531,12.93399395,not_preferentially_represent,YNL058C,480,120.12357712997246,125.65227733260717,not_preferentially_represent
YPL074W,2265,219,128.0587924348245,12.92710426,not_preferentially_represent,YPL074W,47,11.762100260643136,5.195273966715166,not_preferentially_represent
YHR175W,570,55,32.16088394481894,12.90069706,not_preferentially_represent,YHR175W,341,85.33779125275127,149.97854350219907,not_preferentially_represent
YPL107W,747,72,42.10152080049025,12.88656705,not_preferentially_represent,YPL107W,52,13.013387522413684,17.444219198945955,not_preferentially_represent
YLL047W,384,37,21.63550374469638,12.8823722,not_preferentially_represent,YLL047W,1,0.2502574523541093,0.653413713718301,not_preferentially_represent
YJL047C-A,135,13,7.601663477866295,12.87463504,not_preferentially_represent,YJL047C-A,3,0.7507723570623278,5.6027787840472225,not_preferentially_represent
YCR010C,852,82,47.94895424500278,12.8676607,not_preferentially_represent,YCR010C,11,2.752831975895202,3.234820183190602,not_preferentially_represent
YOR030W,1860,179,104.66905865677437,12.8666483,not_preferentially_represent,YOR030W,33,8.258495927685606,4.442439982617325,not_preferentially_represent
YLR281C,468,45,26.313450500306406,12.85558973,not_preferentially_represent,YLR281C,5,1.2512872617705466,2.6794159780953883,not_preferentially_represent
YMR158W,468,45,26.313450500306406,12.85558973,not_preferentially_represent,YMR158W,48,12.012357712997245,25.72239338971573,not_preferentially_represent
YOL071W,489,47,27.482937189208915,12.85033182,not_preferentially_represent,YOL071W,64,16.016476950662994,32.82064948906351,not_preferentially_represent
YDR382W,333,32,18.711787022440113,12.84786865,not_preferentially_represent,YDR382W,5807,1453.2450258203125,4377.24405367564,preferentially_represented
YKR028W,3102,298,174.25351664647354,12.84398571,not_preferentially_represent,YKR028W,111,27.778577211306132,8.957941699872986,not_preferentially_represent
YJR134C,2124,204,119.2876422680557,12.84106364,not_preferentially_represent,YJR134C,9,2.2523170711869835,1.0609124216613206,not_preferentially_represent
YPL060W,1242,119,69.58445798969916,12.81004657,not_preferentially_represent,YPL060W,12,3.0030894282493112,2.4198947850518224,not_preferentially_represent
YCL068C,783,75,43.85575083384401,12.80633459,not_preferentially_represent,YCL068C,5,1.2512872617705466,1.6001115879418752,not_preferentially_represent
YDR070C,282,27,15.788070300183842,12.80088509,not_preferentially_represent,YDR070C,9,2.2523170711869835,8.015363242658305,not_preferentially_represent
YGL228W,1734,166,97.06739517890807,12.79924458,not_preferentially_represent,YGL228W,100,25.02574523541093,14.440707002545256,not_preferentially_represent
YPR048W,1872,179,104.66905865677437,12.78416978,not_preferentially_represent,YPR048W,126,31.532438996617774,16.85325440759902,not_preferentially_represent
YER074W-A,471,45,26.313450500306406,12.77370699,not_preferentially_represent,YER074W-A,146,36.537588043699955,77.73954902914885,not_preferentially_represent
YOR243C,2031,194,113.44020882354317,12.77077195,not_preferentially_represent,YOR243C,213,53.30483735142528,26.25854056720457,not_preferentially_represent
YBL050W,995,95,55.55061772286908,12.76514839,not_preferentially_represent,YBL050W,233,58.30998639850746,58.661958147391815,not_preferentially_represent
YGR079W,1113,106,61.982794511832864,12.73315554,not_preferentially_represent,YGR079W,106,26.527289949535586,23.85547657332337,not_preferentially_represent
YOL095C,2121,202,118.1181555791532,12.73315554,not_preferentially_represent,YOL095C,18,4.504634142373967,2.124827425648098,not_preferentially_represent
YLR305C,5703,543,317.5156360370306,12.72980647,not_preferentially_represent,YLR305C,209,52.30380754200884,9.172888029114143,not_preferentially_represent
YOL078W,3531,336,196.47376373562116,12.72233722,not_preferentially_represent,YOL078W,42,10.510812998872591,2.977567421776938,not_preferentially_represent
YKR009C,2703,257,150.27903952397213,12.71195717,not_preferentially_represent,YKR009C,100,25.02574523541093,9.261933839900419,not_preferentially_represent
YGL178W,3220,306,178.93146340208355,12.70547476,not_preferentially_represent,YGL178W,60,15.015447141246558,4.6646309851651315,not_preferentially_represent
YMR115W,1506,143,83.61829825652924,12.69510826,not_preferentially_represent,YMR115W,44,11.011327903580808,7.3164969459008695,not_preferentially_represent
YDR197W,1170,111,64.90651123408914,12.68418186,not_preferentially_represent,YDR197W,71,17.76827911714176,15.199554420138375,not_preferentially_represent
YNL203C,612,58,33.9151139781727,12.67073811,not_preferentially_represent,YNL203C,5,1.2512872617705466,2.0479333253200434,not_preferentially_represent
YLR056W,1098,104,60.81330782293036,12.66357545,not_preferentially_represent,YLR056W,4428,1108.1399990239959,1010.1549672051011,not_preferentially_represent
YMR200W,771,73,42.6862641449415,12.65883751,not_preferentially_represent,YMR200W,396,99.10195113222728,128.7038326392562,not_preferentially_represent
YNL197C,1986,188,109.93174875683566,12.65621804,not_preferentially_represent,YNL197C,163,40.791964733719816,20.55010817819638,not_preferentially_represent
YGR232W,687,65,38.00831738933148,12.64975059,not_preferentially_represent,YGR232W,167,41.79299454313625,60.922732570169465,not_preferentially_represent
YDR354W,1143,108,63.152281200735366,12.63289447,not_preferentially_represent,YDR354W,543,135.88979662828135,118.99281666224286,not_preferentially_represent
YKL171W,2787,263,153.78749959067966,12.61665196,not_preferentially_represent,YKL171W,54,13.513902427121902,4.850646958765937,not_preferentially_represent
YIL137C,2841,268,156.71121631293593,12.6121435,not_preferentially_represent,YIL137C,191,47.799173399634874,16.830694859026366,not_preferentially_represent
YDR448W,1305,123,71.92343136750416,12.60143324,not_preferentially_represent,YDR448W,25,6.256436308852733,4.797880604948414,not_preferentially_represent
YML046W,1890,178,104.08431531232311,12.59167603,not_preferentially_represent,YML046W,54,13.513902427121902,7.153998108587561,not_preferentially_represent
YDR052C,2115,199,116.36392554579943,12.57963522,not_preferentially_represent,YDR052C,43,10.7610704512267,5.090383373333349,not_preferentially_represent
YNL228W,777,73,42.6862641449415,12.56108587,not_preferentially_represent,YNL228W,24,6.0061788564986225,7.7399212068281225,not_preferentially_represent
YDL168W,1161,109,63.737024545186635,12.55219338,not_preferentially_represent,YDL168W,217,54.30586716084172,46.815402724863546,not_preferentially_represent
YNR028W,927,87,50.872670967259054,12.54772123,not_preferentially_represent,YNR028W,193,48.29968830434309,52.15949060944178,not_preferentially_represent
YNL257C,3690,346,202.3211971801337,12.53646452,not_preferentially_represent,YNL257C,47,11.762100260643136,3.188425118092474,not_preferentially_represent
YMR103C,363,34,19.88127371134262,12.52269016,not_preferentially_represent,YMR103C,23,5.755921404144513,15.900335370564955,not_preferentially_represent
YPR165W,630,59,34.49985732262395,12.52093628,not_preferentially_represent,YPR165W,1081,270.52830599479216,430.09269633512264,not_preferentially_represent
YCR024C-B,267,25,14.618583611281336,12.51855179,not_preferentially_represent,YCR024C-B,877,219.47578571455384,825.0969387765182,not_preferentially_represent
YKL001C,609,57,33.33037063372145,12.51361837,not_preferentially_represent,YKL001C,43,10.7610704512267,17.69912903162286,not_preferentially_represent
YMR273C,2748,257,150.27903952397213,12.50379193,not_preferentially_represent,YMR273C,41,10.260555546518482,3.735185856031482,not_preferentially_represent
YLR368W,1797,168,98.23688186781058,12.49932463,not_preferentially_represent,YLR368W,63,15.766219498308887,8.778518651619647,not_preferentially_represent
YLR135W,2247,210,122.79610233476322,12.49515263,not_preferentially_represent,YLR135W,25,6.256436308852733,2.785590520415286,not_preferentially_represent
YNL043C,321,30,17.542300333537604,12.49515263,not_preferentially_represent,YNL043C,418,104.60761508401768,326.8987971375553,not_preferentially_represent
YPL122C,1542,144,84.2030416009805,12.48542878,not_preferentially_represent,YPL122C,97,24.2749728783486,15.752740349350162,not_preferentially_represent
YNL321W,2727,254,148.52480949061837,12.4529981,not_preferentially_represent,YNL321W,433,108.36147686932932,39.751092028367324,not_preferentially_represent
YDR110W,1701,158,92.38944842329805,12.41875664,not_preferentially_represent,YDR110W,49,12.262615165351356,7.213303038441974,not_preferentially_represent
YOR350C,1992,185,108.17751872348188,12.41674429,not_preferentially_represent,YOR350C,22,5.505663951790404,2.765275716619992,not_preferentially_represent
YAR007C,1866,173,101.16059859006685,12.3953789,not_preferentially_represent,YAR007C,106,26.527289949535586,14.223747962217471,not_preferentially_represent
YOR383C,615,57,33.33037063372145,12.39153429,not_preferentially_represent,YOR383C,51,12.763130070059574,20.78685679162797,not_preferentially_represent
YOR244W,1338,124,72.50817471195542,12.39055942,not_preferentially_represent,YOR244W,29,7.2574661182691695,5.4281721153845695,not_preferentially_represent
YPL227C,1005,93,54.38113103396657,12.37206605,not_preferentially_represent,YPL227C,53,13.263644974767793,13.210801767697005,not_preferentially_represent
YLR162W,357,33,19.296530366891364,12.35865096,not_preferentially_represent,YLR162W,32,8.008238475331497,22.49505189699859,not_preferentially_represent
YOR321W,2262,209,122.21135899031198,12.35318737,not_preferentially_represent,YOR321W,191,47.799173399634874,21.140722423544837,not_preferentially_represent
YMR225C,444,41,23.97447712250139,12.34599878,not_preferentially_represent,YMR225C,22,5.505663951790404,12.428135331355314,not_preferentially_represent
YOR028C,888,82,47.94895424500278,12.34599878,not_preferentially_represent,YOR028C,15,3.7538617853116394,4.232087694827102,not_preferentially_represent
YJL169W,369,34,19.88127371134262,12.31906918,not_preferentially_represent,YJL169W,12,3.0030894282493112,8.160569098503563,not_preferentially_represent
YNL171C,369,34,19.88127371134262,12.31906918,not_preferentially_represent,YNL171C,3,0.7507723570623278,2.040142274625891,not_preferentially_represent
YDL185C-A,228,21,12.279610233476323,12.31430174,not_preferentially_represent,YDL185C-A,22,5.505663951790404,24.25402621934099,not_preferentially_represent
YER123W,1575,145,84.78778494543175,12.30871702,not_preferentially_represent,YER123W,26,6.506693761206842,4.133858806357587,not_preferentially_represent
YEL071W,1491,137,80.10983818982173,12.28480499,not_preferentially_represent,YEL071W,2044,511.5262326117994,343.306196383758,not_preferentially_represent
YMR204C,1263,116,67.8302279563454,12.27948016,not_preferentially_represent,YMR204C,12,3.0030894282493112,2.3796271222260788,not_preferentially_represent
YOL001W,882,81,47.36421090055153,12.27839998,not_preferentially_represent,YOL001W,41,10.260555546518482,11.64648756699033,not_preferentially_represent
YBR170C,1743,160,93.55893511220056,12.272921,not_preferentially_represent,YBR170C,46,11.511842808289027,6.608405745286468,not_preferentially_represent
YLR436C,3825,351,205.24491390238995,12.26876987,not_preferentially_represent,YLR436C,92,23.023685616578053,6.020838288854094,not_preferentially_represent
YLR053C,327,30,17.542300333537604,12.26588377,not_preferentially_represent,YLR053C,11,2.752831975895202,8.44426986470921,not_preferentially_represent
YOR037W,1101,101,59.0590777895766,12.26476971,not_preferentially_represent,YOR037W,51,12.763130070059574,11.602845518235975,not_preferentially_represent
YLR382C,2685,246,143.84686273500833,12.2494379,not_preferentially_represent,YLR382C,40,10.010298094164373,3.7296192601208538,not_preferentially_represent
YER025W,1584,145,84.78778494543175,12.23878113,not_preferentially_represent,YER025W,1027,257.01440356767023,162.35906732006964,not_preferentially_represent
YJR138W,4755,435,254.36335483629523,12.2310595,not_preferentially_represent,YJR138W,61,15.265704593600665,3.2111284378629925,not_preferentially_represent
YER125W,2430,222,129.81302246817827,12.21439735,not_preferentially_represent,YER125W,315,78.83109749154443,32.454136472434925,not_preferentially_represent
YOR228C,909,83,48.533697589454036,12.20786034,not_preferentially_represent,YOR228C,100,25.02574523541093,27.561393431069305,not_preferentially_represent
YMR025W,888,81,47.36421090055153,12.19543782,not_preferentially_represent,YMR025W,10,2.502574523541093,2.821391796551401,not_preferentially_represent
YIL009W,2085,190,111.10123544573815,12.18352292,not_preferentially_represent,YIL009W,133,33.28424116309653,15.97132493430736,not_preferentially_represent
YIL140W,2472,225,131.567252501532,12.1691262,not_preferentially_represent,YIL140W,381,95.34808934691564,38.58684311894603,not_preferentially_represent
YML071C,1824,166,97.06739517890807,12.16770291,not_preferentially_represent,YML071C,19,4.754891594728076,2.6082784392364653,not_preferentially_represent
YDL207W,1617,147,85.95727163433425,12.15437574,not_preferentially_represent,YDL207W,66,16.516991855371213,10.220910801591097,not_preferentially_represent
YDL187C,330,30,17.542300333537604,12.15437574,not_preferentially_represent,YDL187C,8,2.0020596188328743,6.0852875952367,not_preferentially_represent
YKL003C,396,36,21.050760400245125,12.15437574,not_preferentially_represent,YKL003C,43,10.7610704512267,27.243216332219493,not_preferentially_represent
YNL286W,858,78,45.60998086719777,12.15437574,not_preferentially_represent,YNL286W,51,12.763130070059574,14.892800548494252,not_preferentially_represent
YHR080C,4038,367,214.60080741361003,12.15136574,not_preferentially_represent,YHR080C,41,10.260555546518482,2.377329830055255,not_preferentially_represent
YNL041C,2520,229,133.90622587933703,12.14955258,not_preferentially_represent,YNL041C,29,7.2574661182691695,2.881090162075891,not_preferentially_represent
YKL033W,3117,283,165.48236647970472,12.13877821,not_preferentially_represent,YKL033W,21,5.255406499436296,7.401980985121543,not_preferentially_represent
YGR159C,1245,113,66.07599792299165,12.13485064,not_preferentially_represent,YGR159C,5347,1338.1265977374223,1075.6644676345838,not_preferentially_represent
YPR049C,3537,321,187.70261356885237,12.13375763,not_preferentially_represent,YPR049C,42,10.510812998872591,2.9725149883689452,not_preferentially_represent
YKR095W-A,342,31,18.127043677988855,12.11883663,not_preferentially_represent,YKR095W-A,56,14.014417331830119,41.097998040557535,not_preferentially_represent
YKL138C-A,210,19,11.110123544573817,12.09649776,not_preferentially_represent,YKL138C-A,25,6.256436308852733,29.93510195623317,not_preferentially_represent
YPL201C,1386,125,73.09291805640667,12.05791244,not_preferentially_represent,YPL201C,3,0.7507723570623278,0.5420739040161212,not_preferentially_represent
YNL243W,2907,262,153.2027562462284,12.04984895,not_preferentially_represent,YNL243W,242,60.56230346969445,20.840434779660857,not_preferentially_represent
YNL250W,3939,355,207.583887280195,12.04946364,not_preferentially_represent,YNL250W,19,4.754891594728076,1.207438190636891,not_preferentially_represent
YDL079C,1798,162,94.72842180110305,12.04621667,not_preferentially_represent,YDL079C,43,10.7610704512267,5.9883530613392875,not_preferentially_represent
YGL018C,555,50,29.23716722256267,12.04487686,not_preferentially_represent,YGL018C,40,10.010298094164373,18.069130133870708,not_preferentially_represent
YJL023C,1044,94,54.96587437841783,12.03795452,not_preferentially_represent,YJL023C,20,5.005149047082186,4.79880062040478,not_preferentially_represent
YGR288W,1422,128,74.84714808976045,12.03471241,not_preferentially_represent,YGR288W,68,17.01750676007943,11.975726080281092,not_preferentially_represent
YNL178W,723,65,38.00831738933148,12.01988749,not_preferentially_represent,YNL178W,14607,3655.5106065364744,5063.03408107545,preferentially_represented
YMR250W,1758,158,92.38944842329805,12.0161007,not_preferentially_represent,YMR250W,83,20.771368545391073,11.822065193734247,not_preferentially_represent
YJL148W,702,63,36.838830700428964,11.99855041,not_preferentially_represent,YJL148W,102,25.52626014011915,36.41406582042674,not_preferentially_represent
YMR097C,1104,99,57.88959110067409,11.98923477,not_preferentially_represent,YMR097C,25,6.256436308852733,5.672199736040555,not_preferentially_represent
YMR228W,1026,92,53.79638768951531,11.98852656,not_preferentially_represent,YMR228W,38,9.509783189456153,9.277837258006002,not_preferentially_represent
YPL190C,2409,216,126.30456240147073,11.98787744,not_preferentially_represent,YPL190C,219,54.80638206554994,22.760125442504126,not_preferentially_represent
YJR119C,2187,196,114.60969551244568,11.98209149,not_preferentially_represent,YJR119C,28,7.007208665915059,3.2054934427790758,not_preferentially_represent
YPL110C,3672,329,192.38056032446238,11.97894494,not_preferentially_represent,YPL110C,59,14.765189688892448,4.022116504737796,not_preferentially_represent
YMR226C,804,72,42.10152080049025,11.97296715,not_preferentially_represent,YMR226C,1419,355.1153248904811,442.23577196822055,not_preferentially_represent
YPR171W,1731,155,90.63521838994428,11.97181435,not_preferentially_represent,YPR171W,67,16.767249307725322,9.692051622962614,not_preferentially_represent
YER088C-A,324,29,16.95755698908635,11.96680821,not_preferentially_represent,YER088C-A,42,10.510812998872591,32.54121671477582,not_preferentially_represent
YBR272C,1443,129,75.4318914342117,11.95222396,not_preferentially_represent,YBR272C,47,11.762100260643136,8.156796297255989,not_preferentially_represent
YKR014C,705,63,36.838830700428964,11.94749275,not_preferentially_represent,YKR014C,69,17.26776421243354,24.528074165388553,not_preferentially_represent
YJL139C,1287,115,67.24548461189416,11.94660863,not_preferentially_represent,YJL139C,86,21.5221409024534,16.735723874380557,not_preferentially_represent
YOR394C-A,168,15,8.771150166768802,11.93733332,not_preferentially_represent,YOR394C-A,1,0.2502574523541093,1.498547618886882,not_preferentially_represent
YIL103W,1278,114,66.6607412674429,11.92612455,not_preferentially_represent,YIL103W,195,48.80020320905131,38.214724517659604,not_preferentially_represent
YML129C,213,19,11.110123544573817,11.92612455,not_preferentially_represent,YML129C,45,11.261585355934917,53.12068564120244,not_preferentially_represent
YER135C,393,35,20.46601705579387,11.90695842,not_preferentially_represent,YER135C,1,0.2502574523541093,0.6384118682502788,not_preferentially_represent
YER184C,2385,212,123.96558902366573,11.8842785,not_preferentially_represent,YER184C,22,5.505663951790404,2.3094227985698006,not_preferentially_represent
YKL046C,1350,120,70.16920133415042,11.8842785,not_preferentially_represent,YKL046C,220,55.056639517904046,40.81292773751226,not_preferentially_represent
YKL129C,3819,339,198.22799376897493,11.86794112,not_preferentially_represent,YKL129C,32,8.008238475331497,2.0974956719045306,not_preferentially_represent
YOR204W,1815,161,94.1436784566518,11.85972421,not_preferentially_represent,YOR204W,2948,737.7589695399142,406.70284980149626,not_preferentially_represent
YFL049W,1872,166,97.06739517890807,11.85571052,not_preferentially_represent,YFL049W,41,10.260555546518482,5.483995481837777,not_preferentially_represent
YER172C,6492,575,336.2274230594707,11.84171697,not_preferentially_represent,YER172C,100,25.02574523541093,3.8554529711001275,not_preferentially_represent
YNL004W,1707,151,88.29624501213928,11.8268413,not_preferentially_represent,YNL004W,248,62.0638481838191,36.379746883833,not_preferentially_represent
YLR306W,701,62,36.25408735597771,11.82494188,not_preferentially_represent,YLR306W,29,7.2574661182691695,10.367808740384527,not_preferentially_represent
YNL170W,396,35,20.46601705579387,11.81675419,not_preferentially_represent,YNL170W,89,22.272913259515725,56.387122175989184,not_preferentially_represent
YER087C-B,249,22,12.864353577927576,11.81268646,not_preferentially_represent,YER087C-B,461,115.36868553524438,465.19631264211444,not_preferentially_represent
YER008C,4011,354,206.99914393574372,11.79983524,not_preferentially_represent,YER008C,53,13.263644974767793,3.307642138346083,not_preferentially_represent
YGL091C,987,87,50.872670967259054,11.78494183,not_preferentially_represent,YGL091C,186,46.547886137864324,47.20880947045064,not_preferentially_represent
YLR318W,2655,234,136.8299426015933,11.78356428,not_preferentially_represent,YLR318W,7,1.7518021664787649,0.6600611026672061,not_preferentially_represent
YOR165W,2331,205,119.87238561250695,11.75809408,not_preferentially_represent,YOR165W,196,49.050460661405424,21.05169985468044,not_preferentially_represent
YPR167C,786,69,40.347290767136485,11.73685902,not_preferentially_represent,YPR167C,50,12.512872617705465,15.939965118096133,not_preferentially_represent
YGR286C,1128,99,57.88959110067409,11.73414466,not_preferentially_represent,YGR286C,330,82.58495927685607,73.27857966003201,not_preferentially_represent
YPL098C,342,30,17.542300333537604,11.72790642,not_preferentially_represent,YPL098C,185,46.29762868551022,135.77017209827045,not_preferentially_represent
YIL097W,1551,136,79.52509484537048,11.72336951,not_preferentially_represent,YIL097W,16,4.004119237665749,2.583302733977902,not_preferentially_represent
YPL198W,1551,136,79.52509484537048,11.72336951,not_preferentially_represent,YPL198W,2192,548.5643355602075,353.9124745549726,not_preferentially_represent
YMR312W,822,72,42.10152080049025,11.71078539,not_preferentially_represent,YMR312W,136,34.03501352015886,41.45555848984027,not_preferentially_represent
YML107C,1005,88,51.4574143117103,11.70690121,not_preferentially_represent,YML107C,39,9.760040641810262,9.721156017739306,not_preferentially_represent
YDR380W,1908,167,97.65213852335933,11.70209027,not_preferentially_represent,YDR380W,157,39.29042001959516,20.603261677816025,not_preferentially_represent
YOR143C,960,84,49.11844093390529,11.69858665,not_preferentially_represent,YOR143C,53,13.263644974767793,13.830703831874652,not_preferentially_represent
YLR136C,858,75,43.85575083384401,11.68689975,not_preferentially_represent,YLR136C,19,4.754891594728076,5.548298243556682,not_preferentially_represent
YGR063C,309,27,15.788070300183842,11.68236115,not_preferentially_represent,YGR063C,285,71.32337392092114,231.56939584714658,not_preferentially_represent
YEL023C,2049,179,104.66905865677437,11.67982715,not_preferentially_represent,YEL023C,2,0.5005149047082186,0.24439204331455985,not_preferentially_represent
YKL002W,767,67,39.17780407823398,11.67897643,not_preferentially_represent,YKL002W,76,19.019566378912305,24.82972112129544,not_preferentially_represent
YJL149W,1992,174,101.74534193451811,11.67845139,not_preferentially_represent,YJL149W,85,21.271883450099292,10.684019814213606,not_preferentially_represent
YAR014C,2130,186,108.76226206793314,11.67504825,not_preferentially_represent,YAR014C,140,35.0360433295753,16.456572724084218,not_preferentially_represent
YBR192W,1134,99,57.88959110067409,11.67205924,not_preferentially_represent,YBR192W,63,15.766219498308887,13.915462928781011,not_preferentially_represent
YKL033W-A,711,62,36.25408735597771,11.65862764,not_preferentially_represent,YKL033W-A,807,201.95776404976618,284.4475549996707,not_preferentially_represent
YDR217C,3930,342,199.9822238023287,11.63479937,not_preferentially_represent,YDR217C,22,5.505663951790404,1.4012888653067967,not_preferentially_represent
YBL065W,345,30,17.542300333537604,11.62592462,not_preferentially_represent,YBL065W,2,0.5005149047082186,1.4549851881052867,not_preferentially_represent
YLR443W,1347,117,68.41497130079665,11.61297816,not_preferentially_represent,YLR443W,151,37.788875305470505,28.074944506293093,not_preferentially_represent
YDR216W,3972,345,201.73645383568243,11.61275326,not_preferentially_represent,YDR216W,6,1.5015447141246556,0.3781276036576821,not_preferentially_represent
YFR043C,714,62,36.25408735597771,11.60964181,not_preferentially_represent,YFR043C,33,8.258495927685606,11.582743236585703,not_preferentially_represent
YGL194C,1359,118,68.9997146452479,11.60881509,not_preferentially_represent,YGL194C,36,9.009268284747934,37.22838134193361,not_preferentially_represent
YHR147C,645,56,32.745627289270196,11.60789993,not_preferentially_represent,YHR147C,113,28.279092116014347,43.91163372051918,not_preferentially_represent
YFR016C,3702,321,187.70261356885237,11.59294996,not_preferentially_represent,YFR016C,23,5.755921404144513,1.5552341000120276,not_preferentially_represent
YLR289W,1938,168,98.23688186781058,11.58993105,not_preferentially_represent,YLR289W,16,4.004119237665749,2.0671756518666746,not_preferentially_represent
YGL169W,1281,111,64.90651123408914,11.58508414,not_preferentially_represent,YGL169W,147,36.78784549605407,28.740504293792238,not_preferentially_represent
YGL123C-A,231,20,11.69486688902507,11.57559594,not_preferentially_represent,YGL123C-A,6719,1681.4798223672603,7310.781836379393,preferentially_represented
YJL117W,936,81,47.36421090055153,11.57003075,not_preferentially_represent,YJL117W,593,148.4026692459868,158.71943234864898,not_preferentially_represent
YER081W,1410,122,71.33868802305292,11.56820727,not_preferentially_represent,YER081W,291,72.8249186350458,51.68553487228233,not_preferentially_represent
YOR161W-A,81,7,4.0932034111587745,11.55415965,not_preferentially_represent,YOR161W-A,6,1.5015447141246556,18.769308926558196,not_preferentially_represent
YOR335W-A,81,7,4.0932034111587745,11.55415965,not_preferentially_represent,YOR335W-A,23,5.755921404144513,71.94901755180642,not_preferentially_represent
YGR158C,753,65,38.00831738933148,11.54100751,not_preferentially_represent,YGR158C,35,8.759010832393825,11.647620787757747,not_preferentially_represent
YMR153C-A,336,29,16.95755698908635,11.53942221,not_preferentially_represent,YMR153C-A,32,8.008238475331497,23.905189478601486,not_preferentially_represent
YDR035W,1113,96,56.13536106732033,11.53191445,not_preferentially_represent,YDR035W,696,174.17918683846005,156.63595938710438,not_preferentially_represent
YKL131W,522,45,26.313450500306406,11.52570113,not_preferentially_represent,YKL131W,22,5.505663951790404,10.567493189616899,not_preferentially_represent
YBR135W,453,39,22.804990433598885,11.5104353,not_preferentially_represent,YBR135W,114,28.529349568368456,63.11803001851429,not_preferentially_represent
YHR151C,1581,136,79.52509484537048,11.50091468,not_preferentially_represent,YHR151C,220,55.056639517904046,34.84597437842028,not_preferentially_represent
YBL018C,477,41,23.97447712250139,11.49187308,not_preferentially_represent,YBL018C,57,14.264674784184228,29.967804168454265,not_preferentially_represent
YPL126W,2691,231,135.07571256823954,11.47687431,not_preferentially_represent,YPL126W,241,60.312046017340336,22.420834950684142,not_preferentially_represent
YPR178W,1398,120,70.16920133415042,11.4762346,not_preferentially_represent,YPR178W,48,12.012357712997245,8.598681254829811,not_preferentially_represent
YHR052W,1131,97,56.72010441177159,11.46659497,not_preferentially_represent,YHR052W,189,47.298658494926656,41.85721990701474,not_preferentially_represent
YDR297W,1050,90,52.62690100061281,11.45983998,not_preferentially_represent,YDR297W,688,172.1771272196272,164.13453500441105,not_preferentially_represent
YJL133W,945,81,47.36421090055153,11.45983998,not_preferentially_represent,YJL133W,276,69.07105684973416,73.16849242556586,not_preferentially_represent
YNL055C,852,73,42.6862641449415,11.45535648,not_preferentially_represent,YNL055C,6107,1528.3222615265454,1795.9133507950005,not_preferentially_represent
YLR015W,1518,130,76.01663477866296,11.44977425,not_preferentially_represent,YLR015W,35,8.759010832393825,5.773902987734888,not_preferentially_represent
YCR090C,549,47,27.482937189208915,11.44592397,not_preferentially_represent,YCR090C,214,53.55509480377939,97.72827518937845,not_preferentially_represent
YNL130C,1274,109,63.737024545186635,11.43885127,not_preferentially_represent,YNL130C,660,165.16991855371214,129.7485613147778,not_preferentially_represent
YOR379C,339,29,16.95755698908635,11.43730343,not_preferentially_represent,YOR379C,8,2.0020596188328743,5.923253310156433,not_preferentially_represent
YNL145W,117,10,5.847433444512535,11.42719087,not_preferentially_represent,YNL145W,1,0.2502574523541093,2.1573918306388733,not_preferentially_represent
YIL125W,3045,260,152.03326955732592,11.41593255,not_preferentially_represent,YIL125W,316,79.08135494389853,25.97942015239768,not_preferentially_represent
YPR093C,867,74,43.27100748939276,11.41137469,not_preferentially_represent,YPR093C,56,14.014417331830119,16.182929944376582,not_preferentially_represent
YGR225W,1875,160,93.55893511220056,11.40890736,not_preferentially_represent,YGR225W,2,0.5005149047082186,0.2670837271655382,not_preferentially_represent
YKL034W,2277,194,113.44020882354317,11.39105746,not_preferentially_represent,YKL034W,106,26.527289949535586,11.655224055156232,not_preferentially_represent
YLR128W,904,77,45.025237522746515,11.3880047,not_preferentially_represent,YLR128W,23,5.755921404144513,6.374220824080303,not_preferentially_represent
YDR142C,1128,96,56.13536106732033,11.37856452,not_preferentially_represent,YDR142C,77,19.269823831266415,17.098335254007466,not_preferentially_represent
YDR143C,1833,156,91.21996173439554,11.37856452,not_preferentially_represent,YDR143C,260,65.06693761206841,35.516887342832106,not_preferentially_represent
YIL015W,1764,150,87.71150166768803,11.36888887,not_preferentially_represent,YIL015W,21,5.255406499436296,2.9809452634352214,not_preferentially_represent
YGL204C,306,26,15.20332695573259,11.3599721,not_preferentially_represent,YGL204C,14,3.5036043329575297,11.487227321172229,not_preferentially_represent
YKL102C,306,26,15.20332695573259,11.3599721,not_preferentially_represent,YKL102C,4,1.0010298094164372,3.2820649489063514,not_preferentially_represent
YLR230W,306,26,15.20332695573259,11.3599721,not_preferentially_represent,YLR230W,379,94.84757444220742,310.9756539088768,not_preferentially_represent
YML108W,318,27,15.788070300183842,11.35172829,not_preferentially_represent,YML108W,144,36.03707313899174,113.68161873498971,not_preferentially_represent
YBL076C,3219,273,159.63493303519218,11.33879787,not_preferentially_represent,YBL076C,1796,449.4623844279803,1042.8361587656154,not_preferentially_represent
YLR032W,3510,297,173.6687733020223,11.31291896,not_preferentially_represent,YLR032W,45,11.261585355934917,3.209343219132208,not_preferentially_represent
YNL093W,663,56,32.745627289270196,11.29275333,not_preferentially_represent,YNL093W,1,0.2502574523541093,0.37803240536874516,not_preferentially_represent
YDR128W,3447,291,170.16031323531476,11.28696163,not_preferentially_represent,YDR128W,69,17.26776421243354,5.0109588544496635,not_preferentially_represent
YNL281W,462,39,22.804990433598885,11.28620604,not_preferentially_represent,YNL281W,403,100.85375329870604,218.7716991295142,not_preferentially_represent
YGL179C,1683,142,83.03355491207799,11.28053173,not_preferentially_represent,YGL179C,82,20.521111093036964,12.200422766371558,not_preferentially_represent
YER064C,1518,128,74.84714808976045,11.27362388,not_preferentially_represent,YER064C,173,43.29453925726091,28.53957762508959,not_preferentially_represent
YPL031C,1020,86,50.2879276228078,11.2725877,not_preferentially_represent,YPL031C,292,73.07517608739991,71.71263600333651,not_preferentially_represent
YOR062C,807,68,39.76254742268524,11.26576587,not_preferentially_represent,YOR062C,112,28.028834663660238,30.367101477421713,not_preferentially_represent
YNL005C,1116,94,54.96587437841783,11.26131229,not_preferentially_represent,YNL005C,79,19.770338735974633,17.731245503116263,not_preferentially_represent
YKL202W,582,49,28.65242387811142,11.25637203,not_preferentially_represent,YKL202W,3,0.7507723570623278,1.2922071550126124,not_preferentially_represent
YNL202W,879,74,43.27100748939276,11.255588,not_preferentially_represent,YNL202W,9,2.2523170711869835,2.5652814022630794,not_preferentially_represent
YLR138W,2958,249,145.60109276836212,11.25450817,not_preferentially_represent,YLR138W,116,29.029864473076678,9.81733664967084,not_preferentially_represent
YBL070C,321,27,15.788070300183842,11.24563737,not_preferentially_represent,YBL070C,10,2.502574523541093,7.820545386065915,not_preferentially_represent
YPL081W,1095,92,53.79638768951531,11.23308516,not_preferentially_represent,YPL081W,770,192.69823831266416,176.14098566057052,not_preferentially_represent
YGR237C,2358,198,115.77918220134818,11.2265608,not_preferentially_represent,YGR237C,63,15.766219498308887,6.689104581378398,not_preferentially_represent
YPL202C,1251,105,61.39805116738161,11.22166585,not_preferentially_represent,YPL202C,35,8.759010832393825,7.00720866591506,not_preferentially_represent
YOR197W,1299,109,63.737024545186635,11.21870401,not_preferentially_represent,YOR197W,447,111.86508120228685,86.18265115738586,not_preferentially_represent
YNR034W,966,81,47.36421090055153,11.21071303,not_preferentially_represent,YNR034W,60,15.015447141246558,66.14734423456633,not_preferentially_represent
YPR057W,1026,86,50.2879276228078,11.20666613,not_preferentially_represent,YPR057W,19,4.754891594728076,4.638918629003001,not_preferentially_represent
YGL173C,4587,384,224.54144426928133,11.19251867,not_preferentially_represent,YGL173C,214,53.55509480377939,11.677953511508807,not_preferentially_represent
YMR202W,669,56,32.745627289270196,11.19147303,not_preferentially_represent,YMR202W,4220,1056.0864489343412,1580.9677379256605,not_preferentially_represent
YPL127C,777,65,38.00831738933148,11.18452851,not_preferentially_represent,YPL127C,255,63.815650350297865,82.2366628225488,not_preferentially_represent
YBR140C,9279,775,453.17609194972147,11.16672628,not_preferentially_represent,YBR140C,170,42.543766900198584,4.585445882754751,not_preferentially_represent
YKL116C,1557,130,76.01663477866296,11.16297836,not_preferentially_represent,YKL116C,171,42.79402435255269,27.502586344828206,not_preferentially_represent
YGL072C,360,30,17.542300333537604,11.1415111,not_preferentially_represent,YGL072C,51,12.763130070059574,35.55189434556984,not_preferentially_represent
YHR018C,1392,116,67.8302279563454,11.1415111,not_preferentially_represent,YHR018C,303,75.82800806329512,54.51330558108923,not_preferentially_represent
YJL120W,324,27,15.788070300183842,11.1415111,not_preferentially_represent,YJL120W,8,2.0020596188328743,6.198326993290633,not_preferentially_represent
YLR137W,1104,92,53.79638768951531,11.1415111,not_preferentially_represent,YLR137W,86,21.5221409024534,19.51236709197951,not_preferentially_represent
YOL147C,711,59,34.49985732262395,11.0945005,not_preferentially_represent,YOL147C,284,71.07311646856704,100.10298094164372,not_preferentially_represent
YIL038C,2511,208,121.62661564586072,11.07495488,not_preferentially_represent,YIL038C,53,13.263644974767793,5.284320707078802,not_preferentially_represent
YGR222W,882,73,42.6862641449415,11.0657185,not_preferentially_represent,YGR222W,72,18.01853656949587,20.452368410324482,not_preferentially_represent
YIL002C,2841,235,137.41468594604456,11.05915568,not_preferentially_represent,YIL002C,42,10.510812998872591,3.7009904925607713,not_preferentially_represent
YLR059C,810,67,39.17780407823398,11.05898138,not_preferentially_represent,YLR059C,427,106.85993215520467,132.08891490136548,not_preferentially_represent
YHR119W,3243,268,156.71121631293593,11.04875106,not_preferentially_represent,YHR119W,57,14.264674784184228,4.399961376984648,not_preferentially_represent
YDR436W,2133,176,102.9148286234206,11.03181971,not_preferentially_represent,YDR436W,79,19.770338735974633,9.273141996235758,not_preferentially_represent
YPL228W,1650,136,79.52509484537048,11.01996734,not_preferentially_represent,YPL228W,26,6.506693761206842,3.9458421838731605,not_preferentially_represent
YER019C-A,267,22,12.864353577927576,11.01632558,not_preferentially_represent,YER019C-A,560,140.1441733183012,526.8577944297037,not_preferentially_represent
YNL120C,486,40,23.38973377805014,11.00396158,not_preferentially_represent,YNL120C,31,7.757981022977387,15.99583716077812,not_preferentially_represent
YFR044C,1446,119,69.58445798969916,11.00282009,not_preferentially_represent,YFR044C,4007,1002.781611582916,693.9665132061701,not_preferentially_represent
YML025C,960,79,46.194724211649024,11.00224221,not_preferentially_represent,YML025C,118,29.530379377784897,30.792887776626586,not_preferentially_represent
YHR168W,1557,128,74.84714808976045,10.99124023,not_preferentially_represent,YHR168W,55,13.764159879476011,8.845861105061704,not_preferentially_represent
YLR215C,1083,89,52.04215765616156,10.98719654,not_preferentially_represent,YLR215C,104,26.026775044827367,24.054320743833056,not_preferentially_represent
YGL223C,1254,103,60.2285644784791,10.9815851,not_preferentially_represent,YGL223C,106,26.527289949535586,21.171021508009247,not_preferentially_represent
YGR230W,414,34,19.88127371134262,10.98003992,not_preferentially_represent,YGR230W,39,9.760040641810262,23.63205966540015,not_preferentially_represent
YBL075C,1950,160,93.55893511220056,10.97010323,not_preferentially_represent,YBL075C,21,5.255406499436296,2.696463057689223,not_preferentially_represent
YNL044W,610,50,29.23716722256267,10.95886337,not_preferentially_represent,YNL044W,649,162.41708657781692,266.6947234446912,not_preferentially_represent
YGR238C,2649,217,126.889305745922,10.9522442,not_preferentially_represent,YGR238C,23,5.755921404144513,2.1736863308702845,not_preferentially_represent
YKR054C,12279,1005,587.6670611735098,10.94279858,not_preferentially_represent,YKR054C,61,15.265704593600665,1.2433380512787642,not_preferentially_represent
YPL210C,1923,157,91.8047050788468,10.91555221,not_preferentially_represent,YPL210C,177,44.29556906667734,23.046602011798825,not_preferentially_represent
YPR175W,2070,169,98.82162521226184,10.91545145,not_preferentially_represent,YPR175W,95,23.77445797364038,11.490796507317729,not_preferentially_represent
YDR069C,2781,227,132.73673919043452,10.91315218,not_preferentially_represent,YDR069C,34,8.508753380039716,3.0607026546905454,not_preferentially_represent
YOR214C,711,58,33.9151139781727,10.90645812,not_preferentially_represent,YOR214C,2,0.5005149047082186,0.7049505700115755,not_preferentially_represent
YPR052C,282,23,13.449096922378828,10.90445767,not_preferentially_represent,YPR052C,234,58.560243850861575,208.39944430911592,not_preferentially_represent
YBR164C,552,45,26.313450500306406,10.89930433,not_preferentially_represent,YBR164C,139,34.78578587722119,63.13209778080071,not_preferentially_represent
YHR148W,552,45,26.313450500306406,10.89930433,not_preferentially_represent,YHR148W,113,28.279092116014347,51.32321618151425,not_preferentially_represent
YPL159C,762,62,36.25408735597771,10.87832579,not_preferentially_represent,YPL159C,119,29.780636830139006,39.13355693842182,not_preferentially_represent
YMR132C,627,51,29.821910567013926,10.87496777,not_preferentially_represent,YMR132C,14,3.5036043329575297,5.596812033478482,not_preferentially_represent
YBL081W,1107,90,52.62690100061281,10.86976692,not_preferentially_represent,YBL081W,427,106.85993215520467,96.61838350380168,not_preferentially_represent
YGR064W,369,30,17.542300333537604,10.86976692,not_preferentially_represent,YGR064W,154,38.53964766253283,104.72730343079573,not_preferentially_represent
YML109W,2829,230,134.4909692237883,10.86976692,not_preferentially_represent,YML109W,47,11.762100260643136,4.159158508006767,not_preferentially_represent
YGL019W,837,68,39.76254742268524,10.86197497,not_preferentially_represent,YGL019W,553,138.39237115182246,165.54111381796943,not_preferentially_represent
YHR021W-A,456,37,21.63550374469638,10.84831344,not_preferentially_represent,YHR021W-A,7,1.7518021664787649,3.8501146516016815,not_preferentially_represent
YKL048C,1923,156,91.21996173439554,10.8460264,not_preferentially_represent,YKL048C,24,6.0061788564986225,3.124962984650688,not_preferentially_represent
YKL166C,1197,97,56.72010441177159,10.83435164,not_preferentially_represent,YKL166C,53,13.263644974767793,11.090004159504844,not_preferentially_represent
YIL002W-A,210,17,9.94063685567131,10.82318221,not_preferentially_represent,YIL002W-A,108,27.027804854243804,129.3196404509273,not_preferentially_represent
YDL199C,2064,167,97.65213852335933,10.81762996,not_preferentially_represent,YDL199C,55,13.764159879476011,6.671914628926811,not_preferentially_represent
YNL300W,309,25,14.618583611281336,10.81700106,not_preferentially_represent,YNL300W,265,66.31822487383896,215.31891192804858,not_preferentially_represent
YBL071C-B,99,8,4.677946755610028,10.80388955,not_preferentially_represent,YBL071C-B,2,0.5005149047082186,5.107294946002231,not_preferentially_represent
YDR053W,396,32,18.711787022440113,10.80388955,not_preferentially_represent,YDR053W,4,1.0010298094164372,2.5342526820669296,not_preferentially_represent
YML023C,1671,135,78.94035150091922,10.80146498,not_preferentially_represent,YML023C,109,27.278062306597914,16.334169045867014,not_preferentially_represent
YNL168C,780,63,36.838830700428964,10.79869537,not_preferentially_represent,YNL168C,322,80.5828996580232,103.44403036973452,not_preferentially_represent
YMR157C,768,62,36.25408735597771,10.79333887,not_preferentially_represent,YMR157C,67,16.767249307725322,21.860820479433276,not_preferentially_represent
YER048W-A,285,23,13.449096922378828,10.7896739,not_preferentially_represent,YER048W-A,133,33.28424116309653,117.19803226442443,not_preferentially_represent
YNL320W,855,69,40.347290767136485,10.7896739,not_preferentially_represent,YNL320W,207,51.80329263730062,60.65959325210846,not_preferentially_represent
YPR045C,1413,114,66.6607412674429,10.7866859,not_preferentially_represent,YPR045C,30,7.507723570623279,5.317084681744531,not_preferentially_represent
YJL069C,1785,144,84.2030416009805,10.78573175,not_preferentially_represent,YJL069C,201,50.30174792317597,28.196047042138996,not_preferentially_represent
YDL013W,1860,150,87.71150166768803,10.78210751,not_preferentially_represent,YDL013W,71,17.76827911714176,9.55797693229788,not_preferentially_represent
YHR129C,1155,93,54.38113103396657,10.76530423,not_preferentially_represent,YHR129C,20,5.005149047082186,4.337217545131876,not_preferentially_represent
YGL226C-A,410,33,19.296530366891364,10.76106925,not_preferentially_represent,YGL226C-A,254,63.56539289794376,155.41660855242972,not_preferentially_represent
YJL077W-A,87,7,4.0932034111587745,10.75732106,not_preferentially_represent,YJL077W-A,4,1.0010298094164372,11.639881504842293,not_preferentially_represent
YDR349C,1791,144,84.2030416009805,10.74959864,not_preferentially_represent,YDR349C,656,164.1688887442957,91.71446298564005,not_preferentially_represent
YIL136W,1182,95,55.55061772286908,10.74561984,not_preferentially_represent,YIL136W,42,10.510812998872591,8.899926332660957,not_preferentially_represent
YDR458C,1992,160,93.55893511220056,10.73880588,not_preferentially_represent,YDR458C,30,7.507723570623279,3.770830522663626,not_preferentially_represent
YCR053W,1545,124,72.50817471195542,10.73046506,not_preferentially_represent,YCR053W,1827,457.2203654509577,296.1271796962161,not_preferentially_represent
YPR059C,387,31,18.127043677988855,10.70966958,not_preferentially_represent,YPR059C,132,33.033983710742426,85.58026868067986,not_preferentially_represent
YJL104W,450,36,21.050760400245125,10.69585065,not_preferentially_represent,YJL104W,127,31.78269644897188,70.78551547655206,not_preferentially_represent
YGL112C,1551,124,72.50817471195542,10.68895455,not_preferentially_represent,YGL112C,158,39.540677471949266,25.510114498031786,not_preferentially_represent
YGL098W,738,59,34.49985732262395,10.68860414,not_preferentially_represent,YGL098W,29,7.2574661182691695,9.847308165901179,not_preferentially_represent
YJL047C,2529,202,118.1181555791532,10.67893353,not_preferentially_represent,YJL047C,29,7.2574661182691695,54.16019491245649,not_preferentially_represent
YMR016C,2358,188,109.93174875683566,10.65956278,not_preferentially_represent,YMR016C,122,30.53140918720133,12.953504109970867,not_preferentially_represent
YPL088W,1029,82,47.94895424500278,10.654273,not_preferentially_represent,YPL088W,229,57.308956589091025,55.7480122461975,not_preferentially_represent
YNL190W,615,49,28.65242387811142,10.65237158,not_preferentially_represent,YNL190W,2158,540.0555821801678,879.569352084964,not_preferentially_represent
YNL322C,942,75,43.85575083384401,10.64475582,not_preferentially_represent,YNL322C,773,193.4490106697265,205.57811973403452,not_preferentially_represent
YBR242W,717,57,33.33037063372145,10.62872188,not_preferentially_represent,YBR242W,207,51.80329263730062,72.35096737053159,not_preferentially_represent
YER072W,390,31,18.127043677988855,10.62728751,not_preferentially_represent,YER072W,3011,753.5251890382232,1937.0827481702393,not_preferentially_represent
YGL150C,4470,355,207.583887280195,10.6180844,not_preferentially_represent,YGL150C,92,23.023685616578053,5.151865208453358,not_preferentially_represent
YOR072W,315,25,14.618583611281336,10.61096295,not_preferentially_represent,YOR072W,2,0.5005149047082186,1.5939965118096133,not_preferentially_represent
YOR163W,567,45,26.313450500306406,10.61096295,not_preferentially_represent,YOR163W,154,38.53964766253283,68.09125028716048,not_preferentially_represent
YKR029C,2256,179,104.66905865677437,10.60814088,not_preferentially_represent,YKR029C,15,3.7538617853116394,1.664683718541747,not_preferentially_represent
YMR160W,2451,194,113.44020882354317,10.58238998,not_preferentially_represent,YMR160W,23,5.755921404144513,2.349355675161026,not_preferentially_represent
YGL079W,657,52,30.40665391146518,10.58189182,not_preferentially_represent,YGL079W,69,17.26776421243354,26.322811299441373,not_preferentially_represent
YPL232W,873,69,40.347290767136485,10.5672064,not_preferentially_represent,YPL232W,499,124.87846872470053,143.20925312465658,not_preferentially_represent
YDL010W,696,55,32.16088394481894,10.56522604,not_preferentially_represent,YDL010W,28,7.007208665915059,21.694144476517213,not_preferentially_represent
YMR149W,861,68,39.76254742268524,10.55920215,not_preferentially_represent,YMR149W,906,226.73325183282302,263.6433160846779,not_preferentially_represent
YGR068C,1761,139,81.27932487872422,10.55311783,not_preferentially_represent,YGR068C,35,8.759010832393825,4.976710700223764,not_preferentially_represent
YLR008C,507,40,23.38973377805014,10.54817619,not_preferentially_represent,YLR008C,270,67.5695121356095,133.53658524824013,not_preferentially_represent
YGL078C,1572,124,72.50817471195542,10.54616317,not_preferentially_represent,YGL078C,236,59.06075875556979,37.594372218694964,not_preferentially_represent
YOR225W,330,26,15.20332695573259,10.53379231,not_preferentially_represent,YOR225W,91,22.773428164223944,69.22014639581747,not_preferentially_represent
YOR212W,1272,100,58.47433444512534,10.51085952,not_preferentially_represent,YOR212W,322,80.5828996580232,63.40117990403083,not_preferentially_represent
YGL077C,1692,133,77.77086481201671,10.50936862,not_preferentially_represent,YGL077C,2164,541.5571268942925,320.2585020072694,not_preferentially_represent
YJR141W,1044,82,47.94895424500278,10.50119437,not_preferentially_represent,YJR141W,29,7.2574661182691695,6.958260899586931,not_preferentially_represent
YPR111W,1695,133,77.77086481201671,10.49076797,not_preferentially_represent,YPR111W,15,3.7538617853116394,2.215975079877001,not_preferentially_represent
YDL156W,1569,123,71.92343136750416,10.4811156,not_preferentially_represent,YDL156W,6,1.5015447141246556,0.9576178023754182,not_preferentially_represent
YOR393W,1314,103,60.2285644784791,10.48014286,not_preferentially_represent,YOR393W,2,0.5005149047082186,0.38119947045561203,not_preferentially_represent
YKL117W,651,51,29.821910567013926,10.4740473,not_preferentially_represent,YKL117W,427,106.85993215520467,164.39989562339179,not_preferentially_represent
YJL201W,1800,141,82.44881156762673,10.47302043,not_preferentially_represent,YJL201W,78,19.520081283620524,10.85051766738217,not_preferentially_represent
YGL111W,1392,109,63.737024545186635,10.46917853,not_preferentially_represent,YGL111W,176,44.04531161432323,31.664494330929717,not_preferentially_represent
YKL130C,741,58,33.9151139781727,10.46490111,not_preferentially_represent,YKL130C,98,24.525230330702712,33.14220314959826,not_preferentially_represent
YDL012C,410,32,18.711787022440113,10.43497625,not_preferentially_represent,YDL012C,115,28.779607020722565,74.55856741119837,not_preferentially_represent
YGL137W,2870,224,130.98250915708078,10.43497625,not_preferentially_represent,YGL137W,503,125.87949853411698,43.87574016525513,not_preferentially_represent
YDR375C,1371,107,62.56753785628411,10.43450054,not_preferentially_represent,YDR375C,82,20.521111093036964,14.978913206596323,not_preferentially_represent
YPR136C,513,40,23.38973377805014,10.4248057,not_preferentially_represent,YPR136C,17,4.254376690019858,8.309329472695035,not_preferentially_represent
YPR058W,924,72,42.10152080049025,10.41803635,not_preferentially_represent,YPR058W,265,66.31822487383896,71.85073117425674,not_preferentially_represent
YPL106C,2082,162,94.72842180110305,10.40302477,not_preferentially_represent,YPL106C,2183,546.3120184890206,262.5237955257187,not_preferentially_represent
YPR163C,1311,102,59.64382113402785,10.40214308,not_preferentially_represent,YPR163C,2544,636.6549587888541,485.9961517472168,not_preferentially_represent
YPL261C,309,24,14.033840266830083,10.38432102,not_preferentially_represent,YPL261C,1,0.2502574523541093,0.8125241959549003,not_preferentially_represent
YOR213C,747,58,33.9151139781727,10.38084568,not_preferentially_represent,YOR213C,108,27.027804854243804,36.23030141319545,not_preferentially_represent
YHR167W,786,61,35.66934401152646,10.37606377,not_preferentially_represent,YHR167W,50,12.512872617705465,15.939965118096133,not_preferentially_represent
YML004C,981,76,44.44049417829527,10.35785741,not_preferentially_represent,YML004C,672,168.17300798196146,171.60511018567493,not_preferentially_represent
YOR247W,633,49,28.65242387811142,10.34946054,not_preferentially_represent,YOR247W,3482,871.3964490970086,1378.7918498370389,not_preferentially_represent
YOR001W,2202,170,99.40636855671309,10.32183589,not_preferentially_represent,YOR001W,281,70.3223441115047,31.95017906020205,not_preferentially_represent
YIL037C,1971,152,88.88098835659054,10.31056126,not_preferentially_represent,YIL037C,21,5.255406499436296,2.6677190352468503,not_preferentially_represent
YOL046C,675,52,30.40665391146518,10.29970803,not_preferentially_represent,YOL046C,7,1.7518021664787649,2.599113006645052,not_preferentially_represent
YCR019W,1092,84,49.11844093390529,10.28447178,not_preferentially_represent,YCR019W,21,5.255406499436296,4.81705453660522,not_preferentially_represent
YNL102W,4407,339,198.22799376897493,10.28447178,not_preferentially_represent,YNL102W,73,18.268794021849978,4.146344535145252,not_preferentially_represent
YOL040C,429,33,19.296530366891364,10.28447178,not_preferentially_represent,YOL040C,11348,2839.9215693144324,6635.330769426244,preferentially_represented
YOL117W,1938,149,87.12675832323677,10.27916504,not_preferentially_represent,YOL117W,12,3.0030894282493112,1.5503817389000059,not_preferentially_represent
YEL027W,483,37,21.63550374469638,10.24188598,not_preferentially_represent,YEL027W,3321,831.104999267997,1724.2842308464667,not_preferentially_represent
YMR165C,2589,198,115.77918220134818,10.2248862,not_preferentially_represent,YMR165C,48,12.012357712997245,4.6415601673096,not_preferentially_represent
YGL074C,327,25,14.618583611281336,10.22156981,not_preferentially_represent,YGL074C,2,0.5005149047082186,1.5353217935834926,not_preferentially_represent
YOR198C,1413,108,63.152281200735366,10.21896559,not_preferentially_represent,YOR198C,175,43.79505416196912,31.016327310176436,not_preferentially_represent
YER051W,1479,113,66.07599792299165,10.21493512,not_preferentially_represent,YER051W,42,10.510812998872591,7.111510824676989,not_preferentially_represent
YGL115W,969,74,43.27100748939276,10.21017735,not_preferentially_represent,YGL115W,300,75.07723570623278,77.55912779569503,not_preferentially_represent
YOL144W,1455,111,64.90651123408914,10.19965139,not_preferentially_represent,YOL144W,46,11.511842808289027,7.917360941051601,not_preferentially_represent
YOR367W,603,46,26.898193844757657,10.19919424,not_preferentially_represent,YOR367W,64,16.016476950662994,26.605443439639526,not_preferentially_represent
YBR280C,1914,146,85.372528289883,10.19849918,not_preferentially_represent,YBR280C,67,16.767249307725322,8.764897703986055,not_preferentially_represent
YPL267W,630,48,28.067680533660166,10.18652443,not_preferentially_represent,YPL267W,35,8.759010832393825,13.925295441007671,not_preferentially_represent
YML010W,3192,243,142.0926327016546,10.17814735,not_preferentially_represent,YML010W,123,30.781666639555443,9.646401328597758,not_preferentially_represent
YER044C,447,34,19.88127371134262,10.16943295,not_preferentially_represent,YER044C,929,232.48917323696753,521.2761731770572,not_preferentially_represent
YER049W,1935,147,85.95727163433425,10.15691244,not_preferentially_represent,YER049W,608,152.15653103129844,78.67452483521119,not_preferentially_represent
YER068W,1764,134,78.35560815646797,10.15620739,not_preferentially_represent,YER068W,153,38.28939021017872,21.718315490742327,not_preferentially_represent
YML116W-A,303,23,13.449096922378828,10.14870318,not_preferentially_represent,YML116W-A,11,2.752831975895202,9.11533766852716,not_preferentially_represent
YML099W-A,330,25,14.618583611281336,10.12864645,not_preferentially_represent,YML099W-A,11,2.752831975895202,8.367270443450463,not_preferentially_represent
YPR002C-A,198,15,8.771150166768802,10.12864645,not_preferentially_represent,YPR002C-A,5,1.2512872617705466,6.351711988682977,not_preferentially_represent
YDR421W,2853,216,126.30456240147073,10.12225614,not_preferentially_represent,YDR421W,38,9.509783189456153,3.3344260832595207,not_preferentially_represent
YDL186W,834,63,36.838830700428964,10.09949927,not_preferentially_represent,YDL186W,30,7.507723570623279,9.012873434121584,not_preferentially_represent
YKL086W,384,29,16.95755698908635,10.09699443,not_preferentially_represent,YKL086W,2,0.5005149047082186,1.306827427436602,not_preferentially_represent
YJR036C,2679,202,118.1181555791532,10.08100892,not_preferentially_represent,YJR036C,8,2.0020596188328743,0.747595077980909,not_preferentially_represent
YHR013C,717,54,31.576140600367683,10.06931547,not_preferentially_represent,YHR013C,338,84.58701889568894,118.13829454705159,not_preferentially_represent
YDR238C,2922,220,128.64353577927577,10.06625232,not_preferentially_represent,YDR238C,206,51.553035184946516,17.649104821960464,not_preferentially_represent
YAL037C-A,93,7,4.0932034111587745,10.06330034,not_preferentially_represent,YAL037C-A,1,0.2502574523541093,2.720189699501188,not_preferentially_represent
YGR169C-A,279,21,12.279610233476323,10.06330034,not_preferentially_represent,YGR169C-A,10,2.502574523541093,9.00206663144278,not_preferentially_represent
YDR331W,1236,93,54.38113103396657,10.05981099,not_preferentially_represent,YDR331W,184,46.047371233156106,37.28532083656365,not_preferentially_represent
YGL245W,2127,160,93.55893511220056,10.05721735,not_preferentially_represent,YGL245W,1940,485.499457566972,228.36286809358984,not_preferentially_represent
YDR429C,825,62,36.25408735597771,10.04761728,not_preferentially_represent,YDR429C,894,223.7301624045737,271.5171873841914,not_preferentially_represent
YDR444W,2064,155,90.63521838994428,10.04031523,not_preferentially_represent,YDR444W,70,17.51802166478765,8.491527709543213,not_preferentially_represent
YJL140W,666,50,29.23716722256267,10.03739738,not_preferentially_represent,YJL140W,170,42.543766900198584,63.97558932360688,not_preferentially_represent
YPR174C,666,50,29.23716722256267,10.03739738,not_preferentially_represent,YPR174C,38,9.509783189456153,9.916353690778053,not_preferentially_represent
YLR259C,1719,129,75.4318914342117,10.03319324,not_preferentially_represent,YLR259C,1091,273.0308805183332,158.92367899786566,not_preferentially_represent
YPR105C,2586,194,113.44020882354317,10.02994502,not_preferentially_represent,YPR105C,46,11.511842808289027,4.453324103786858,not_preferentially_represent
YMR177W,1533,115,67.24548461189416,10.02954032,not_preferentially_represent,YMR177W,32,8.008238475331497,5.227309709746408,not_preferentially_represent
YGR224W,1842,138,80.69458153427297,10.01647252,not_preferentially_represent,YGR224W,17,4.254376690019858,2.3109053177728724,not_preferentially_represent
YBR022W,534,40,23.38973377805014,10.01484143,not_preferentially_represent,YBR022W,87,21.772398354807507,40.84877740113979,not_preferentially_represent
YFR045W,1002,75,43.85575083384401,10.0073453,not_preferentially_represent,YFR045W,47,11.762100260643136,11.750349910732405,not_preferentially_represent
YDL233W,1377,103,60.2285644784791,10.0006592,not_preferentially_represent,YDL233W,59,14.765189688892448,10.730515762276488,not_preferentially_represent
YJL071W,1725,129,75.4318914342117,9.998295174,not_preferentially_represent,YJL071W,75,18.769308926558196,10.887070143015196,not_preferentially_represent
YMR084W,789,59,34.49985732262395,9.997705774,not_preferentially_represent,YMR084W,7,1.7518021664787649,0.8136563708679819,not_preferentially_represent
YPR132W,803,60,35.08460066707521,9.989897869,not_preferentially_represent,YPR132W,5098,1275.812492101249,1590.788643517767,not_preferentially_represent
YEL062W,1848,138,80.69458153427297,9.983951501,not_preferentially_represent,YEL062W,34,8.508753380039716,4.60679663239833,not_preferentially_represent
YGR274C,3201,239,139.75365932384958,9.982459801,not_preferentially_represent,YGR274C,25,6.256436308852733,1.9551363465164788,not_preferentially_represent
YHR085W,1005,75,43.85575083384401,9.977472623,not_preferentially_represent,YHR085W,79,19.770338735974633,19.691572446189873,not_preferentially_represent
YER141W,1461,109,63.737024545186635,9.97474094,not_preferentially_represent,YER141W,509,127.38104324824164,87.2472898960559,not_preferentially_represent
YPL128C,1689,126,73.67766140085793,9.973928228,not_preferentially_represent,YPL128C,183,45.797113780802,27.130991576304503,not_preferentially_represent
YHR184W,1716,128,74.84714808976045,9.97282112,not_preferentially_represent,YHR184W,18,4.504634142373967,2.6266088293725756,not_preferentially_represent
YKL017C,2052,153,89.46573170104178,9.968720454,not_preferentially_represent,YKL017C,34,8.508753380039716,4.148587703578603,not_preferentially_represent
YDR460W,966,72,42.10152080049025,9.965078247,not_preferentially_represent,YDR460W,22,5.505663951790404,5.705351245378657,not_preferentially_represent
YBL071C,309,23,13.449096922378828,9.951640979,not_preferentially_represent,YBL071C,60,15.015447141246558,153.2188483800669,not_preferentially_represent
YDR112W,309,23,13.449096922378828,9.951640979,not_preferentially_represent,YDR112W,17,4.254376690019858,13.812911331233305,not_preferentially_represent
YFL025C,3090,230,134.4909692237883,9.951640979,not_preferentially_represent,YFL025C,111,27.778577211306132,8.992741084916197,not_preferentially_represent
YNR029C,1290,96,56.13536106732033,9.949628513,not_preferentially_represent,YNR029C,82,20.521111093036964,15.920179280866533,not_preferentially_represent
YML049C,4086,304,177.76197671318107,9.94719346,not_preferentially_represent,YML049C,67,16.767249307725322,4.104589793812808,not_preferentially_represent
YHL023C,3441,256,149.6942961795209,9.94673702,not_preferentially_represent,YHL023C,60,15.015447141246558,4.36495556431586,not_preferentially_represent
YDR344C,444,33,19.296530366891364,9.93702341,not_preferentially_represent,YDR344C,9,2.2523170711869835,5.084237181008993,not_preferentially_represent
YDL011C,324,24,14.033840266830083,9.903565418,not_preferentially_represent,YDL011C,11,2.752831975895202,8.52269961577462,not_preferentially_represent
YDR129C,2040,151,88.29624501213928,9.896283385,not_preferentially_represent,YDR129C,1003,251.00822471117158,123.1035923056261,not_preferentially_represent
YKL075C,1353,100,58.47433444512534,9.881606293,not_preferentially_represent,YKL075C,27,6.756951213560951,17.64217027039413,not_preferentially_represent
YJL123C,1437,106,61.982794511832864,9.862214414,not_preferentially_represent,YJL123C,93,23.273943068932162,16.20748124577449,not_preferentially_represent
YBL052C,2496,184,107.59277537903063,9.855952123,not_preferentially_represent,YBL052C,22,5.505663951790404,2.2066789385933485,not_preferentially_represent
YHR065C,1506,111,64.90651123408914,9.854244873,not_preferentially_represent,YHR065C,189,47.298658494926656,31.427680063074188,not_preferentially_represent
YJL034W,2049,151,88.29624501213928,9.852815083,not_preferentially_represent,YJL034W,1070,267.77547401889694,130.74974317328952,not_preferentially_represent
YBR133C,2484,183,107.00803203457937,9.849741693,not_preferentially_represent,YBR133C,200,50.05149047082186,20.157668332993097,not_preferentially_represent
YLL050C,611,45,26.313450500306406,9.846834683,not_preferentially_represent,YLL050C,1578,394.9062598147845,647.3873111717778,not_preferentially_represent
YBR229C,2865,211,123.38084567921449,9.846529178,not_preferentially_represent,YBR229C,52,13.013387522413684,4.543780559501984,not_preferentially_represent
YBR239C,1590,117,68.41497130079665,9.838164515,not_preferentially_represent,YBR239C,68,17.01750676007943,10.709570018929787,not_preferentially_represent
YLR264W,204,15,8.771150166768802,9.830745084,not_preferentially_represent,YLR264W,701,175.4304741002306,864.1895275873429,not_preferentially_represent
YER047C,2694,198,115.77918220134818,9.826366133,not_preferentially_represent,YER047C,50,12.512872617705465,38.03304747022938,not_preferentially_represent
YOR253W,531,39,22.804990433598885,9.819636898,not_preferentially_represent,YOR253W,156,39.04016256724105,73.66068408913405,not_preferentially_represent
YOR366W,354,26,15.20332695573259,9.819636898,not_preferentially_represent,YOR366W,1,0.2502574523541093,0.7089446242326042,not_preferentially_represent
YBR045C,1920,141,82.44881156762673,9.818456653,not_preferentially_represent,YBR045C,10,2.502574523541093,1.3041034515586727,not_preferentially_represent
YDL235C,504,37,21.63550374469638,9.815140727,not_preferentially_represent,YDL235C,182,45.54685632844789,90.55041019572145,not_preferentially_represent
YDL230W,1008,74,43.27100748939276,9.815140727,not_preferentially_represent,YDL230W,40,10.010298094164373,9.94071310244724,not_preferentially_represent
YLL021W,4401,323,188.87210025775488,9.812428313,not_preferentially_represent,YLL021W,46,11.511842808289027,2.616327910974779,not_preferentially_represent
YCR016W,873,64,37.423574044880226,9.801466806,not_preferentially_represent,YCR016W,53,13.263644974767793,15.210602035284166,not_preferentially_represent
YMR036C,1665,122,71.33868802305292,9.796499846,not_preferentially_represent,YMR036C,33,8.258495927685606,4.963038418080292,not_preferentially_represent
YDR178W,546,40,23.38973377805014,9.794735029,not_preferentially_represent,YDR178W,263,65.81770996913073,120.76644031033165,not_preferentially_represent
YBL051C,2007,147,85.95727163433425,9.7925389,not_preferentially_represent,YBL051C,83,20.771368545391073,10.354620411461152,not_preferentially_represent
YOR245C,1257,92,53.79638768951531,9.785384447,not_preferentially_represent,YOR245C,75,18.769308926558196,14.943717298215125,not_preferentially_represent
YFL029C,1107,81,47.36421090055153,9.78279023,not_preferentially_represent,YFL029C,42,10.510812998872591,9.503447557750986,not_preferentially_represent
YHR131W-A,246,18,10.525380200122562,9.78279023,not_preferentially_represent,YHR131W-A,2,0.5005149047082186,2.042917978400892,not_preferentially_represent
YIL063C,984,72,42.10152080049025,9.78279023,not_preferentially_represent,YIL063C,59,14.765189688892448,15.020538849331077,not_preferentially_represent
YMR114C,1107,81,47.36421090055153,9.78279023,not_preferentially_represent,YMR114C,32,8.008238475331497,7.240721948762656,not_preferentially_represent
YBR165W,834,61,35.66934401152646,9.778880242,not_preferentially_represent,YBR165W,49,12.262615165351356,14.721026609065252,not_preferentially_represent
YBR216C,2025,148,86.54201497878552,9.771517879,not_preferentially_represent,YBR216C,67,16.767249307725322,8.284214084844526,not_preferentially_represent
YBR208C,5508,402,235.06682446940388,9.75792475,not_preferentially_represent,YBR208C,265,66.31822487383896,12.042532208795889,not_preferentially_represent
YDL083C,864,63,36.838830700428964,9.748822209,not_preferentially_represent,YDL083C,6750,1689.2378033902378,1957.4018579261156,not_preferentially_represent
YLR229C,576,42,24.559220466952645,9.748822209,not_preferentially_represent,YLR229C,718,179.68485079025047,312.4953926786965,not_preferentially_represent
YLR227C,1482,108,63.152281200735366,9.743183792,not_preferentially_represent,YLR227C,78,19.520081283620524,13.1803384764487,not_preferentially_represent
YNL132W,3171,231,135.07571256823954,9.739599103,not_preferentially_represent,YNL132W,284,71.07311646856704,22.420541472734083,not_preferentially_represent
YOR161W-B,261,19,11.110123544573817,9.73281429,not_preferentially_represent,YOR161W-B,49,12.262615165351356,47.1639044821206,not_preferentially_represent
YOR147W,1869,136,79.52509484537048,9.728703107,not_preferentially_represent,YOR147W,60,15.015447141246558,8.038247934286165,not_preferentially_represent
YDR239C,2364,172,100.5758552456156,9.727613748,not_preferentially_represent,YDR239C,39,9.760040641810262,4.130359983838452,not_preferentially_represent
YML103C,4968,361,211.0923473469025,9.71518238,not_preferentially_represent,YML103C,115,28.779607020722565,5.794162879146883,not_preferentially_represent
YGR235C,702,51,29.821910567013926,9.713112237,not_preferentially_represent,YGR235C,88,22.022655807161616,31.416056786250525,not_preferentially_represent
YKL041W,675,49,28.65242387811142,9.70549411,not_preferentially_represent,YKL041W,28,7.007208665915059,10.396452026580208,not_preferentially_represent
YDR271C,372,27,15.788070300183842,9.703896761,not_preferentially_represent,YDR271C,11,2.752831975895202,7.420032280040976,not_preferentially_represent
YGL226W,372,27,15.788070300183842,9.703896761,not_preferentially_represent,YGL226W,50,12.512872617705465,33.72741945473171,not_preferentially_represent
YDR177W,648,47,27.482937189208915,9.697241139,not_preferentially_represent,YDR177W,236,59.06075875556979,91.28401662375548,not_preferentially_represent
YPR050C,414,30,17.542300333537604,9.688270518,not_preferentially_represent,YPR050C,108,27.027804854243804,65.44262676572349,not_preferentially_represent
YIL007C,663,48,28.067680533660166,9.679502852,not_preferentially_represent,YIL007C,43,10.7610704512267,16.255393430856042,not_preferentially_represent
YNL056W,594,43,25.1439638114039,9.678484386,not_preferentially_represent,YNL056W,90,22.523170711869835,37.98173813131507,not_preferentially_represent
YER185W,912,66,38.59306073378273,9.675522793,not_preferentially_represent,YER185W,14,3.5036043329575297,3.8458884006119978,not_preferentially_represent
YFR031C-A,912,66,38.59306073378273,9.675522793,not_preferentially_represent,YFR031C-A,10342,2588.162572246198,2841.012702794949,not_preferentially_represent
YBL054W,1578,114,66.6607412674429,9.658800493,not_preferentially_represent,YBL054W,210,52.55406499436295,33.325342418746324,not_preferentially_represent
YKL113C,1149,83,48.533697589454036,9.657915623,not_preferentially_represent,YKL113C,243,60.812560922048554,52.9726140435963,not_preferentially_represent
YMR216C,2229,161,94.1436784566518,9.65697597,not_preferentially_represent,YMR216C,122,30.53140918720133,13.703505021185517,not_preferentially_represent
YML081C-A,180,13,7.601663477866295,9.655976283,not_preferentially_represent,YML081C-A,158,39.540677471949266,220.89763950809646,not_preferentially_represent
YOR192C,1800,130,76.01663477866296,9.655976283,not_preferentially_represent,YOR192C,8,2.0020596188328743,1.112873606910992,not_preferentially_represent
YGL076C,1662,120,70.16920133415042,9.653294812,not_preferentially_represent,YGL076C,6370,1594.1399714956763,959.7471231160001,not_preferentially_represent
YGL232W,928,67,39.17780407823398,9.652774699,not_preferentially_represent,YGL232W,38,9.509783189456153,10.258665792293584,not_preferentially_represent
YPL071C,471,34,19.88127371134262,9.65124528,not_preferentially_represent,YPL071C,15,3.7538617853116394,7.986939968748169,not_preferentially_represent
YBR228W,915,66,38.59306073378273,9.643799768,not_preferentially_represent,YBR228W,11,2.752831975895202,3.01185117712823,not_preferentially_represent
YDR462W,444,32,18.711787022440113,9.635901488,not_preferentially_represent,YDR462W,37,9.259525737102043,20.901863966370303,not_preferentially_represent
YGR035W-A,222,16,9.355893511220057,9.635901488,not_preferentially_represent,YGR035W-A,30,7.507723570623279,33.97159986707366,not_preferentially_represent
YLR149C,2193,158,92.38944842329805,9.632606036,not_preferentially_represent,YLR149C,24,6.0061788564986225,2.74004509876762,not_preferentially_represent
YKR025W,849,61,35.66934401152646,9.606108506,not_preferentially_represent,YKR025W,152,38.03913275782461,44.85746787479317,not_preferentially_represent
YLR321C,1281,92,53.79638768951531,9.602051717,not_preferentially_represent,YLR321C,52,13.013387522413684,10.16670900188569,not_preferentially_represent
YKL088W,1716,123,71.92343136750416,9.583257795,not_preferentially_represent,YKL088W,14,3.5036043329575297,2.042917978400892,not_preferentially_represent
YCR068W,1563,112,65.49125457854039,9.580416451,not_preferentially_represent,YCR068W,57,14.264674784184228,9.132314202422682,not_preferentially_represent
YGL220W,363,26,15.20332695573259,9.576174826,not_preferentially_represent,YGL220W,423,105.85890234578824,292.4279070325642,not_preferentially_represent
YDR133C,336,24,14.033840266830083,9.549866653,not_preferentially_represent,YDR133C,698,174.67970174316827,521.4319455019948,not_preferentially_represent
YML012C-A,378,27,15.788070300183842,9.549866653,not_preferentially_represent,YML012C-A,26,6.506693761206842,17.259134645110986,not_preferentially_represent
YBR176W,939,67,39.17780407823398,9.539696401,not_preferentially_represent,YBR176W,40,10.010298094164373,10.671959588661377,not_preferentially_represent
YER052C,1584,113,66.07599792299165,9.537808741,not_preferentially_represent,YER052C,671,167.92275052960733,106.07880639899389,not_preferentially_represent
YOR295W,687,49,28.65242387811142,9.535965828,not_preferentially_represent,YOR295W,12,3.0030894282493112,4.377681382287626,not_preferentially_represent
YBL069W,1290,92,53.79638768951531,9.535060658,not_preferentially_represent,YBL069W,111,27.778577211306132,21.550486587514452,not_preferentially_represent
YDR408C,645,46,26.898193844757657,9.535060658,not_preferentially_represent,YDR408C,332,83.0854741815643,129.01471146205634,not_preferentially_represent
YGL035C,1515,108,63.152281200735366,9.530956026,not_preferentially_represent,YGL035C,113,28.279092116014347,18.67839637781661,not_preferentially_represent
YBL027W,954,68,39.76254742268524,9.529845968,not_preferentially_represent,YBL027W,7162,1792.3438737601307,1880.738587366349,not_preferentially_represent
YIL107C,2484,177,103.49957196787186,9.526799343,not_preferentially_represent,YIL107C,34,8.508753380039716,3.4268036166088263,not_preferentially_represent
YDR036C,1503,107,62.56753785628411,9.518097303,not_preferentially_represent,YDR036C,84,21.021625997745183,13.995756323398922,not_preferentially_represent
YJR161C,1152,82,47.94895424500278,9.516707394,not_preferentially_represent,YJR161C,119,29.780636830139006,25.87370706354388,not_preferentially_represent
YHR127W,732,52,30.40665391146518,9.49768159,not_preferentially_represent,YHR127W,67,16.767249307725322,22.937413553659812,not_preferentially_represent
YGL113W,2007,142,83.03355491207799,9.459459346,not_preferentially_represent,YGL113W,18,4.504634142373967,2.2455803301963946,not_preferentially_represent
YJR031C,4227,299,174.83825999092477,9.457237239,not_preferentially_represent,YJR031C,44,11.011327903580808,2.6056147429202103,not_preferentially_represent
YNR003W-A,99,7,4.0932034111587745,9.453403354,not_preferentially_represent,YNR003W-A,32,8.008238475331497,81.71671913603569,not_preferentially_represent
YPL193W,1146,81,47.36421090055153,9.44986805,not_preferentially_represent,YPL193W,25,6.256436308852733,5.464136514281862,not_preferentially_represent
YHL008C,1884,133,77.77086481201671,9.438350164,not_preferentially_represent,YHL008C,16,4.004119237665749,2.126457375287174,not_preferentially_represent
YPL196W,822,58,33.9151139781727,9.433688227,not_preferentially_represent,YPL196W,79,19.770338735974633,24.080802358068983,not_preferentially_represent
YKL118W,312,22,12.864353577927576,9.427432465,not_preferentially_represent,YKL118W,9,2.2523170711869835,7.242177077771651,not_preferentially_represent
YDR385W,2529,178,104.08431531232311,9.410149348,not_preferentially_represent,YDR385W,38307,9586.612227328866,3792.172558278823,not_preferentially_represent
YDL001W,1293,91,53.211644345064066,9.409536053,not_preferentially_represent,YDL001W,44,11.011327903580808,8.52269961577462,not_preferentially_represent
YFR019W,6837,481,281.2615486810529,9.405997081,not_preferentially_represent,YFR019W,44,11.011327903580808,1.6107852404301943,not_preferentially_represent
YPR164W,4224,297,173.6687733020223,9.400649987,not_preferentially_represent,YPR164W,41,10.260555546518482,2.4296840034379543,not_preferentially_represent
YAL026C,4068,286,167.2365965130585,9.39962293,not_preferentially_represent,YAL026C,47,11.762100260643136,26.915561237169648,not_preferentially_represent
YPL270W,2322,163,95.31316514555431,9.3853556,not_preferentially_represent,YPL270W,166,41.54273709078215,17.89863726444728,not_preferentially_represent
YER133W-A,342,24,14.033840266830083,9.382325133,not_preferentially_represent,YER133W-A,97,24.2749728783486,71.18760374882288,not_preferentially_represent
YOL026C,342,24,14.033840266830083,9.382325133,not_preferentially_represent,YOL026C,90,22.523170711869835,66.05035399375319,not_preferentially_represent
YHR023W,5787,406,237.4057978472089,9.379893219,not_preferentially_represent,YHR023W,37,9.259525737102043,1.600332827013834,not_preferentially_represent
YDL014W,984,69,40.347290767136485,9.375173971,not_preferentially_represent,YDL014W,2970,743.2646334917046,756.1186505510728,not_preferentially_represent
YDL084W,1341,94,54.96587437841783,9.371830362,not_preferentially_represent,YDL084W,1297,324.58391570327973,242.22680276364162,not_preferentially_represent
YPR109W,885,62,36.25408735597771,9.366422887,not_preferentially_represent,YPR109W,101,25.27600268776504,28.592763221453662,not_preferentially_represent
YHR176W,1299,91,53.211644345064066,9.366073993,not_preferentially_represent,YHR176W,26,6.506693761206842,5.012861141145486,not_preferentially_represent
YJL031C,1071,75,43.85575083384401,9.362614366,not_preferentially_represent,YJL031C,27,6.756951213560951,6.314907676225188,not_preferentially_represent
YDR480W,972,68,39.76254742268524,9.353367339,not_preferentially_represent,YDR480W,34,8.508753380039716,8.762876807455939,not_preferentially_represent
YLL041C,801,56,32.745627289270196,9.347185339,not_preferentially_represent,YLL041C,191,47.799173399634874,59.74896674954359,not_preferentially_represent
YBR292C,372,26,15.20332695573259,9.344493177,not_preferentially_represent,YBR292C,4,1.0010298094164372,2.698193556378537,not_preferentially_represent
YDR235W,1635,114,66.6607412674429,9.322071669,not_preferentially_represent,YDR235W,27,6.756951213560951,4.135221060930815,not_preferentially_represent
YDR337W,861,60,35.08460066707521,9.316943076,not_preferentially_represent,YDR337W,57,14.264674784184228,16.586831144400268,not_preferentially_represent
YPR051W,531,37,21.63550374469638,9.316065775,not_preferentially_represent,YPR051W,141,35.286300781929405,85.43898494413901,not_preferentially_represent
YBR134W,402,28,16.372813644635098,9.312307781,not_preferentially_represent,YBR134W,2,0.5005149047082186,1.2481668446588992,not_preferentially_represent
YKL132C,1293,90,52.62690100061281,9.306134558,not_preferentially_represent,YKL132C,53,13.263644974767793,10.26597908263761,not_preferentially_represent
YLR071C,3249,226,132.1519958459833,9.300024035,not_preferentially_represent,YLR071C,59,14.765189688892448,4.545932785989054,not_preferentially_represent
YFL034C-B,978,68,39.76254742268524,9.295984718,not_preferentially_represent,YFL034C-B,68,17.01750676007943,17.41812360294722,not_preferentially_represent
YOR059C,1353,94,54.96587437841783,9.288709916,not_preferentially_represent,YOR059C,42,10.510812998872591,7.774269969580319,not_preferentially_represent
YHR094C,1713,119,69.58445798969916,9.287844626,not_preferentially_represent,YHR094C,1743,436.19873945321245,254.7889833254746,not_preferentially_represent
YKL174C,1857,129,75.4318914342117,9.287592448,not_preferentially_represent,YKL174C,325,81.33367201508553,43.82202155985211,not_preferentially_represent
YDR071C,576,40,23.38973377805014,9.28459258,not_preferentially_represent,YDR071C,262,65.56745251677663,114.0303522030898,not_preferentially_represent
YNR001C,1440,100,58.47433444512534,9.28459258,not_preferentially_represent,YNR001C,240,60.06178856498623,41.73856050381253,not_preferentially_represent
YPL260W,1656,115,67.24548461189416,9.28459258,not_preferentially_represent,YPL260W,50,12.512872617705465,40.62620979774501,not_preferentially_represent
YMR240C,1311,91,53.211644345064066,9.280343338,not_preferentially_represent,YMR240C,12,3.0030894282493112,2.2924346780529095,not_preferentially_represent
YBL084C,2277,158,92.38944842329805,9.277252981,not_preferentially_represent,YBL084C,41,10.260555546518482,4.508152700579298,not_preferentially_represent
YHR051W,447,31,18.127043677988855,9.272130039,not_preferentially_represent,YHR051W,168,42.043251995490365,94.26738115580798,not_preferentially_represent
YEL018C-A,534,37,21.63550374469638,9.263728327,not_preferentially_represent,YEL018C-A,10,2.502574523541093,4.695261770245953,not_preferentially_represent
YIL127C,621,43,25.1439638114039,9.257680717,not_preferentially_represent,YIL127C,76,19.019566378912305,30.67671996598759,not_preferentially_represent
YLR374C,390,27,15.788070300183842,9.256024602,not_preferentially_represent,YLR374C,30,7.507723570623279,19.3000605928619,not_preferentially_represent
YML131W,1098,76,44.44049417829527,9.254151292,not_preferentially_represent,YML131W,85,21.271883450099292,19.39096030091093,not_preferentially_represent
YJL127C-B,159,11,6.432176788963788,9.249556381,not_preferentially_represent,YJL127C-B,36,9.009268284747934,57.020685346505914,not_preferentially_represent
YDR001C,2256,156,91.21996173439554,9.245083675,not_preferentially_represent,YDR001C,124,31.03192409190955,13.761385406611774,not_preferentially_represent
YLR228C,2445,169,98.82162521226184,9.241302455,not_preferentially_represent,YLR228C,74,18.519051474204087,7.57735330368416,not_preferentially_represent
YLR069C,2286,158,92.38944842329805,9.240728363,not_preferentially_represent,YLR069C,44,11.011327903580808,4.8189618834051675,not_preferentially_represent
YDL191W,854,59,34.49985732262395,9.236756271,not_preferentially_represent,YDL191W,7154,1790.3418141412978,2098.8766871527523,not_preferentially_represent
YBR157C,768,53,30.991397255916432,9.226563876,not_preferentially_represent,YBR157C,34,8.508753380039716,11.093550691055691,not_preferentially_represent
YOR249C,2058,142,83.03355491207799,9.225041257,not_preferentially_represent,YOR249C,21,5.255406499436296,2.554888915622895,not_preferentially_represent
YDR298C,639,44,25.72870715585515,9.206131234,not_preferentially_represent,YDR298C,606,151.65601612659023,237.70535443039222,not_preferentially_represent
YNR017W,669,46,26.898193844757657,9.192995702,not_preferentially_represent,YNR017W,324,81.08341456273142,121.38235712983744,not_preferentially_represent
YHR022C,771,53,30.991397255916432,9.190662849,not_preferentially_represent,YHR022C,7,1.7518021664787649,2.2750677486737207,not_preferentially_represent
YPL096W,1092,75,43.85575083384401,9.18256409,not_preferentially_represent,YPL096W,25,6.256436308852733,5.734588734053833,not_preferentially_represent
YKL062W,1893,130,76.01663477866296,9.18159393,not_preferentially_represent,YKL062W,96,24.02471542599449,12.698052550737046,not_preferentially_represent
YOR170W,306,21,12.279610233476323,9.175362079,not_preferentially_represent,YOR170W,15,3.7538617853116394,12.307743558398817,not_preferentially_represent
YIL129C,7131,489,285.9394954366629,9.168193396,not_preferentially_represent,YIL129C,110,27.528319758952023,3.8609144121952346,not_preferentially_represent
YDL228C,642,44,25.72870715585515,9.163111929,not_preferentially_represent,YDL228C,15530,3886.4982350593173,6063.17977388349,preferentially_represented
YPR110C,1008,69,40.347290767136485,9.151955543,not_preferentially_represent,YPR110C,1128,282.29040625543524,280.3281094890122,not_preferentially_represent
YPL221W,2382,163,95.31316514555431,9.148948658,not_preferentially_represent,YPL221W,729,182.43768276614568,76.62229431589486,not_preferentially_represent
YKL165C-A,234,16,9.355893511220057,9.141752694,not_preferentially_represent,YKL165C-A,2,0.5005149047082186,2.1481326382326977,not_preferentially_represent
YMR227C,1773,121,70.75394467860167,9.12435088,not_preferentially_represent,YMR227C,24,6.0061788564986225,3.389491454005995,not_preferentially_represent
YGR037C,264,18,10.525380200122562,9.115781805,not_preferentially_represent,YGR037C,641,160.41502695898404,609.9430682851105,not_preferentially_represent
YNL164C,1056,72,42.10152080049025,9.115781805,not_preferentially_represent,YNL164C,39,9.760040641810262,9.251223357166126,not_preferentially_represent
YNL119W,1482,101,59.0590777895766,9.111681139,not_preferentially_represent,YNL119W,147,36.78784549605407,24.83986866715332,not_preferentially_represent
YML117W,3405,232,135.6604559126908,9.109535063,not_preferentially_represent,YML117W,142,35.53655823428352,10.439646954842397,not_preferentially_represent
YCR020C,648,44,25.72870715585515,9.0782683,not_preferentially_represent,YCR020C,5,1.2512872617705466,1.9339834030456668,not_preferentially_represent
YOR071C,1797,122,71.33868802305292,9.076890509,not_preferentially_represent,YOR071C,155,38.78990511488694,21.597942714302306,not_preferentially_represent
YGL066W,1974,134,78.35560815646797,9.075759798,not_preferentially_represent,YGL066W,32,8.008238475331497,4.058914584557272,not_preferentially_represent
YPR056W,1017,69,40.347290767136485,9.070964786,not_preferentially_represent,YPR056W,68,17.01750676007943,16.749514527637235,not_preferentially_represent
YGR173W,1107,75,43.85575083384401,9.058139102,not_preferentially_represent,YGR173W,210,52.55406499436295,47.517237788754926,not_preferentially_represent
YDR223W,1404,95,55.55061772286908,9.046526103,not_preferentially_represent,YDR223W,75,18.769308926558196,13.377982128694367,not_preferentially_represent
YLR440C,2130,144,84.2030416009805,9.03874703,not_preferentially_represent,YLR440C,40,10.010298094164373,4.701877921166919,not_preferentially_represent
YDR140W,666,45,26.313450500306406,9.033657645,not_preferentially_represent,YDR140W,156,39.04016256724105,58.70701137930985,not_preferentially_represent
YGR231C,933,63,36.838830700428964,9.027848219,not_preferentially_represent,YGR231C,111,27.778577211306132,29.80534035547868,not_preferentially_represent
YOR160W,2919,197,115.19443885689694,9.023135399,not_preferentially_represent,YOR160W,70,17.51802166478765,6.0034344293309285,not_preferentially_represent
YOR098C,3231,218,127.47404909037327,9.020796356,not_preferentially_represent,YOR098C,411,102.85581291753893,31.843904928030625,not_preferentially_represent
YBL034C,4542,306,178.93146340208355,9.00740395,not_preferentially_represent,YBL034C,25,6.256436308852733,1.377766198822447,not_preferentially_represent
YDR198C,1440,97,56.72010441177159,9.006054802,not_preferentially_represent,YDR198C,31,7.757981022977387,5.391230731742452,not_preferentially_represent
YNR069C,1470,99,57.88959110067409,9.004159987,not_preferentially_represent,YNR069C,7,1.7518021664787649,1.1925133876642375,not_preferentially_represent
YML112W,891,60,35.08460066707521,9.003241289,not_preferentially_represent,YML112W,113,28.279092116014347,31.774260804510504,not_preferentially_represent
YFL046W,624,42,24.559220466952645,8.998912808,not_preferentially_represent,YFL046W,17,4.254376690019858,6.828855040160286,not_preferentially_represent
YLR347C,2586,174,101.74534193451811,8.995930072,not_preferentially_represent,YLR347C,580,145.1493223653834,56.150608265138644,not_preferentially_represent
YER077C,2067,139,81.27932487872422,8.990827531,not_preferentially_represent,YER077C,36,9.009268284747934,4.360730050700839,not_preferentially_represent
YHR040W,1101,74,43.27100748939276,8.986068894,not_preferentially_represent,YHR040W,76,19.019566378912305,17.290514889920278,not_preferentially_represent
YPR116W,834,56,32.745627289270196,8.977332681,not_preferentially_represent,YPR116W,3,0.7507723570623278,0.9012873434121583,not_preferentially_represent
YPL143W,849,57,33.33037063372145,8.976199752,not_preferentially_represent,YPL143W,5784,1447.4891044161682,1706.9446986039718,not_preferentially_represent
YBR085W,924,62,36.25408735597771,8.971086856,not_preferentially_represent,YBR085W,36,9.009268284747934,9.760854046314122,not_preferentially_represent
YER090W,1524,102,59.64382113402785,8.94830025,not_preferentially_represent,YER090W,486,121.62512184409711,79.8589112567939,not_preferentially_represent
YJL057C,2004,134,78.35560815646797,8.939895131,not_preferentially_represent,YJL057C,41,10.260555546518482,5.122593882435587,not_preferentially_represent
YNL212W,2349,157,91.8047050788468,8.935975693,not_preferentially_represent,YNL212W,81,20.270853640682855,8.633242606764417,not_preferentially_represent
YDR150W,8247,551,322.19358279264065,8.932662952,not_preferentially_represent,YDR150W,62,15.515962045954774,21.94619808480166,not_preferentially_represent
YCR052W,1452,97,56.72010441177159,8.931624597,not_preferentially_represent,YCR052W,351,87.84036577629236,60.53781238889894,not_preferentially_represent
YML104C,3384,226,132.1519958459833,8.929012438,not_preferentially_represent,YML104C,31,7.757981022977387,2.293225250658406,not_preferentially_represent
YMR168C,1827,122,71.33868802305292,8.927844687,not_preferentially_represent,YMR168C,24,6.0061788564986225,3.289254576395741,not_preferentially_represent
YDR540C,540,36,21.050760400245125,8.913208876,not_preferentially_represent,YDR540C,13,3.253346880603421,6.035894027093545,not_preferentially_represent
YOR027W,1770,118,68.9997146452479,8.913208876,not_preferentially_represent,YOR027W,170,42.543766900198584,24.049613849744816,not_preferentially_represent
YOR190W,1338,89,52.04215765616156,8.893224103,not_preferentially_represent,YOR190W,22,5.505663951790404,4.117923673740019,not_preferentially_represent
YGL175C,1038,69,40.347290767136485,8.887448157,not_preferentially_represent,YGL175C,10,2.502574523541093,2.413283050666435,not_preferentially_represent
YAR008W,828,55,32.16088394481894,8.880914641,not_preferentially_represent,YAR008W,45,11.261585355934917,13.617394626281643,not_preferentially_represent
YDL082W,965,64,37.423574044880226,8.867026447,not_preferentially_represent,YDL082W,668,167.171978172545,173.41491511674792,not_preferentially_represent
YPL177C,921,61,35.66934401152646,8.855142369,not_preferentially_represent,YPL177C,284,71.07311646856704,77.25338746583374,not_preferentially_represent
YMR298W,453,30,17.542300333537604,8.854181003,not_preferentially_represent,YMR298W,212,53.05457989907117,117.3773891572371,not_preferentially_represent
YDR422C,2448,162,94.72842180110305,8.847670576,not_preferentially_represent,YDR422C,119,29.780636830139006,12.170264335978343,not_preferentially_represent
YNL143C,393,26,15.20332695573259,8.845169114,not_preferentially_represent,YNL143C,5,1.2512872617705466,3.192059341251394,not_preferentially_represent
YFR032C-A,514,34,19.88127371134262,8.843845383,not_preferentially_represent,YFR032C-A,4495,1124.9072483317213,2192.8016536680725,not_preferentially_represent
YGR006W,756,50,29.23716722256267,8.842469123,not_preferentially_represent,YGR006W,23,5.755921404144513,7.623736959131806,not_preferentially_represent
YOR141C,2646,175,102.33008527896935,8.842469123,not_preferentially_represent,YOR141C,66,16.516991855371213,6.24460939711577,not_preferentially_represent
YJL046W,1230,81,47.36421090055153,8.804511207,not_preferentially_represent,YJL046W,20,5.005149047082186,4.072537873948076,not_preferentially_represent
YPL073C,486,32,18.711787022440113,8.803169261,not_preferentially_represent,YPL073C,4,1.0010298094164372,2.0639789884874995,not_preferentially_represent
YHR185C,714,47,27.482937189208915,8.800857504,not_preferentially_represent,YHR185C,1,0.2502574523541093,0.35099221929047586,not_preferentially_represent
YJR160C,1809,119,69.58445798969916,8.794957349,not_preferentially_represent,YJR160C,29,7.2574661182691695,4.014085242405514,not_preferentially_represent
YJL103C,1857,122,71.33868802305292,8.783614563,not_preferentially_represent,YJL103C,15,3.7538617853116394,2.022554841223944,not_preferentially_represent
YDR051C,1005,66,38.59306073378273,8.780175908,not_preferentially_represent,YDR051C,132,33.033983710742426,32.90237421388688,not_preferentially_represent
YJL138C,1188,78,45.60998086719777,8.778160257,not_preferentially_represent,YJL138C,8910,2229.793900475114,1878.5121318240217,not_preferentially_represent
YMR083W,1128,74,43.27100748939276,8.77097682,not_preferentially_represent,YMR083W,1794,448.96186952327207,398.369005788174,not_preferentially_represent
YPL038W,534,35,20.46601705579387,8.762986255,not_preferentially_represent,YPL038W,71,17.76827911714176,93.02763935676315,not_preferentially_represent
YLR078C,824,54,31.576140600367683,8.761770862,not_preferentially_represent,YLR078C,94,23.52420052128627,28.58347572452767,not_preferentially_represent
YIL128W,3099,203,118.70289892360445,8.757896427,not_preferentially_represent,YIL128W,42,10.510812998872591,3.392773724619945,not_preferentially_represent
YER122C,1482,97,56.72010441177159,8.75082248,not_preferentially_represent,YER122C,183,45.797113780802,30.92310181012964,not_preferentially_represent
YMR213W,1773,116,67.8302279563454,8.747311588,not_preferentially_represent,YMR213W,31,7.757981022977387,4.378093128091077,not_preferentially_represent
YPR162C,1590,104,60.81330782293036,8.745035124,not_preferentially_represent,YPR162C,64,16.016476950662994,10.079595311933918,not_preferentially_represent
YKL162C-A,153,10,5.847433444512535,8.738440075,not_preferentially_represent,YKL162C-A,6,1.5015447141246556,9.878583645556946,not_preferentially_represent
YLL053C,459,30,17.542300333537604,8.738440075,not_preferentially_represent,YLL053C,102,25.52626014011915,55.73419244567499,not_preferentially_represent
YDR410C,720,47,27.482937189208915,8.727517025,not_preferentially_represent,YDR410C,222,55.557154422612264,77.27003396747185,not_preferentially_represent
YEL011W,2115,138,80.69458153427297,8.723566134,not_preferentially_represent,YEL011W,58,14.514932236538339,6.866098503565913,not_preferentially_represent
YAL025C,921,60,35.08460066707521,8.709976101,not_preferentially_represent,YAL025C,109,27.278062306597914,29.65006772456295,not_preferentially_represent
YDL190C,2886,188,109.93174875683566,8.709372499,not_preferentially_represent,YDL190C,50,12.512872617705465,4.337217545131876,not_preferentially_represent
YOR310C,1536,100,58.47433444512534,8.704305543,not_preferentially_represent,YOR310C,311,77.83006768212799,50.70362715448078,not_preferentially_represent
YNL206C,1368,89,52.04215765616156,8.698197259,not_preferentially_represent,YNL206C,86,21.5221409024534,15.744067960829113,not_preferentially_represent
YGR292W,1755,114,66.6607412674429,8.684665059,not_preferentially_represent,YGR292W,6,1.5015447141246556,0.856068822191936,not_preferentially_represent
YPL279C,1128,73,42.6862641449415,8.652450106,not_preferentially_represent,YPL279C,107,26.777547401889695,23.760024314010376,not_preferentially_represent
YOL143C,510,33,19.296530366891364,8.651055674,not_preferentially_represent,YOL143C,416,104.10710017930947,204.5326133188791,not_preferentially_represent
YBR230W-A,201,13,7.601663477866295,8.64714294,not_preferentially_represent,YBR230W-A,15,3.7538617853116394,18.769308926558196,not_preferentially_represent
YPR172W,603,39,22.804990433598885,8.64714294,not_preferentially_represent,YPR172W,124,31.03192409190955,50.54059298356604,not_preferentially_represent
YGL122C,1578,102,59.64382113402785,8.642084652,not_preferentially_represent,YGL122C,404,101.10401075106016,64.11161112939769,not_preferentially_represent
YER140W,1671,108,63.152281200735366,8.641171981,not_preferentially_represent,YER140W,73,18.268794021849978,10.939397617874238,not_preferentially_represent
YJR104C,465,30,17.542300333537604,8.625686009,not_preferentially_represent,YJR104C,2172,543.5591865131254,1171.463764036908,not_preferentially_represent
YKR066C,1086,70,40.93203411158774,8.617743389,not_preferentially_represent,YKR066C,613,153.40781829306897,141.38969427932625,not_preferentially_represent
YHR143W,978,63,36.838830700428964,8.61245643,not_preferentially_represent,YHR143W,2506,627.1451755993978,641.9090845439077,not_preferentially_represent
YKL074C,1584,102,59.64382113402785,8.609349483,not_preferentially_represent,YKL074C,80,20.020596188328746,12.64724964518556,not_preferentially_represent
YPL139C,1383,89,52.04215765616156,8.603856725,not_preferentially_represent,YPL139C,129,32.283211353680095,23.359776666917583,not_preferentially_represent
YBL068W,981,63,36.838830700428964,8.586118642,not_preferentially_represent,YBL068W,383,95.84860425162385,406.1381536085757,not_preferentially_represent
YMR201C,1200,77,45.025237522746515,8.578963544,not_preferentially_represent,YMR201C,18,4.504634142373967,3.7569926124887134,not_preferentially_represent
YNL225C,1746,112,65.49125457854039,8.576283455,not_preferentially_represent,YNL225C,21,5.255406499436296,3.011694269017934,not_preferentially_represent
YDR236C,657,42,24.559220466952645,8.546912621,not_preferentially_represent,YDR236C,142,35.53655823428352,54.17158267421268,not_preferentially_represent
YPL084W,2535,162,94.72842180110305,8.54402271,not_preferentially_represent,YPL084W,79,19.770338735974633,7.802027914749264,not_preferentially_represent
YMR299C,939,60,35.08460066707521,8.543011703,not_preferentially_represent,YMR299C,49,12.262615165351356,13.073150496110188,not_preferentially_represent
YHR021C,799,51,29.821910567013926,8.533923392,not_preferentially_represent,YHR021C,7028,1758.8093751446802,2204.0217733642608,not_preferentially_represent
YPR128C,987,63,36.838830700428964,8.533923392,not_preferentially_represent,YPR128C,285,71.32337392092114,72.3360790273034,not_preferentially_represent
YOL067C,534,34,19.88127371134262,8.512615219,not_preferentially_represent,YOL067C,17,4.254376690019858,7.98194500941812,not_preferentially_represent
YER009W,378,24,14.033840266830083,8.488770358,not_preferentially_represent,YER009W,2090,523.0380754200885,1387.3689003185368,not_preferentially_represent
YHR044C,741,47,27.482937189208915,8.480178486,not_preferentially_represent,YHR044C,26,6.506693761206842,8.792829407036272,not_preferentially_represent
YBR241C,1467,93,54.38113103396657,8.475750772,not_preferentially_represent,YBR241C,103,25.776517592473258,17.582890581496084,not_preferentially_represent
YOR026W,1026,65,38.00831738933148,8.470154634,not_preferentially_represent,YOR026W,48,12.012357712997245,11.719373378533898,not_preferentially_represent
YFR010W,1500,95,55.55061772286908,8.467548433,not_preferentially_represent,YFR010W,88,22.022655807161616,14.691564914717556,not_preferentially_represent
YIL064W,774,49,28.65242387811142,8.4640937,not_preferentially_represent,YIL064W,437,109.36250667874576,141.4780164019997,not_preferentially_represent
YLR342W-A,174,11,6.432176788963788,8.452180831,not_preferentially_represent,YLR342W-A,1,0.2502574523541093,1.4465748690988975,not_preferentially_represent
YHL039W,1758,111,64.90651123408914,8.441691001,not_preferentially_represent,YHL039W,312,78.0803251344821,44.439570366808255,not_preferentially_represent
YGL171W,1695,107,62.56753785628411,8.439941148,not_preferentially_represent,YGL171W,58,14.514932236538339,8.568436975524403,not_preferentially_represent
YDR176W,2109,133,77.77086481201671,8.431413802,not_preferentially_represent,YDR176W,23,5.755921404144513,2.7305130000685547,not_preferentially_represent
YMR077C,666,42,24.559220466952645,8.431413802,not_preferentially_represent,YMR077C,10,2.502574523541093,3.76326996021217,not_preferentially_represent
YLR330W,2016,127,74.26240474530918,8.42245184,not_preferentially_represent,YLR330W,133,33.28424116309653,16.51823382783947,not_preferentially_represent
YIL050W,858,54,31.576140600367683,8.41456782,not_preferentially_represent,YIL050W,80,20.020596188328746,23.361255762343923,not_preferentially_represent
YDR115W,318,20,11.69486688902507,8.408687619,not_preferentially_represent,YDR115W,109,27.278062306597914,86.05066973690194,not_preferentially_represent
YML054C-A,159,10,5.847433444512535,8.408687619,not_preferentially_represent,YML054C-A,1,0.2502574523541093,1.583907926291831,not_preferentially_represent
YMR030W,1131,71,41.516777456038994,8.393074671,not_preferentially_represent,YMR030W,12,3.0030894282493112,2.657601263937444,not_preferentially_represent
YGL021W,2283,143,83.61829825652924,8.374434095,not_preferentially_represent,YGL021W,47,11.762100260643136,5.1542945927445825,not_preferentially_represent
YJL125C,1152,72,42.10152080049025,8.356133322,not_preferentially_represent,YJL125C,121,30.281151734847224,26.30855928309924,not_preferentially_represent
YMR104C,2034,127,74.26240474530918,8.347916868,not_preferentially_represent,YMR104C,197,49.30071811375953,24.25023025762889,not_preferentially_represent
YGL110C,1875,117,68.41497130079665,8.342763508,not_preferentially_represent,YGL110C,10,2.502574523541093,1.335418635827691,not_preferentially_represent
YOR177C,1395,87,50.872670967259054,8.338163142,not_preferentially_represent,YOR177C,5,1.2512872617705466,0.897623573723491,not_preferentially_represent
YGR207C,786,49,28.65242387811142,8.334870896,not_preferentially_represent,YGR207C,45,11.261585355934917,14.34596860628652,not_preferentially_represent
YPR087W,321,20,11.69486688902507,8.330101754,not_preferentially_represent,YPR087W,58,14.514932236538339,45.35916323918231,not_preferentially_represent
YCR098C,1557,97,56.72010441177159,8.329299239,not_preferentially_represent,YCR098C,164,41.04222218607393,26.37674947691126,not_preferentially_represent
YLR226W,1188,74,43.27100748939276,8.327998193,not_preferentially_represent,YLR226W,25,6.256436308852733,5.270797227340128,not_preferentially_represent
YPR068C,1413,88,51.4574143117103,8.326564555,not_preferentially_represent,YPR068C,17,4.254376690019858,3.0130146529885677,not_preferentially_represent
YGL154C,819,51,29.821910567013926,8.325524775,not_preferentially_represent,YGL154C,50,12.512872617705465,15.296910290593477,not_preferentially_represent
YBR180W,1719,107,62.56753785628411,8.322106019,not_preferentially_represent,YBR180W,12,3.0030894282493112,1.7480148010764327,not_preferentially_represent
YBR038W,2892,180,105.25380200122562,8.321460569,not_preferentially_represent,YBR038W,367,91.8444850139581,31.769105850556247,not_preferentially_represent
YBR073W,2877,179,104.66905865677437,8.318375333,not_preferentially_represent,YBR073W,125,31.28218154426366,10.876975502177908,not_preferentially_represent
YBR215W,1962,122,71.33868802305292,8.313543447,not_preferentially_represent,YBR215W,29,7.2574661182691695,3.700900621248939,not_preferentially_represent
YMR303C,1047,65,38.00831738933148,8.300266146,not_preferentially_represent,YMR303C,1174,293.80224906372433,280.8816912655108,not_preferentially_represent
YHR104W,984,61,35.66934401152646,8.288197278,not_preferentially_represent,YHR104W,147,36.78784549605407,37.42405442121471,not_preferentially_represent
YIL030W-A,339,21,12.279610233476323,8.282185239,not_preferentially_represent,YIL030W-A,1,0.2502574523541093,0.7404066637695541,not_preferentially_represent
YBR212W,2019,125,73.09291805640667,8.277497099,not_preferentially_represent,YBR212W,171,42.79402435255269,21.206156765387853,not_preferentially_represent
YOR156C,2181,135,78.94035150091922,8.275675367,not_preferentially_represent,YOR156C,35,8.759010832393825,4.017894877244874,not_preferentially_represent
YPL257W,582,36,21.050760400245125,8.269987617,not_preferentially_represent,YPL257W,6,1.5015447141246556,1.1358129456313584,not_preferentially_represent
YLR239C,987,61,35.66934401152646,8.263005189,not_preferentially_represent,YLR239C,64,16.016476950662994,16.243891430692692,not_preferentially_represent
YDR173C,1068,66,38.59306073378273,8.262244183,not_preferentially_represent,YDR173C,9,2.2523170711869835,2.110887601862215,not_preferentially_represent
YIL126W,4080,252,147.35532280171586,8.257825871,not_preferentially_represent,YIL126W,108,27.027804854243804,6.626086014769258,not_preferentially_represent
YLR376C,729,45,26.313450500306406,8.252971182,not_preferentially_represent,YLR376C,3,0.7507723570623278,1.0312807102504504,not_preferentially_represent
YDR311W,1929,119,69.58445798969916,8.247837141,not_preferentially_represent,YDR311W,24,6.0061788564986225,3.1152379961092445,not_preferentially_represent
YKL012W,1752,108,63.152281200735366,8.241665742,not_preferentially_represent,YKL012W,52,13.013387522413684,7.431974598751389,not_preferentially_represent
YKR016W,1623,100,58.47433444512534,8.237716152,not_preferentially_represent,YKR016W,43,10.7610704512267,6.634445407661343,not_preferentially_represent
YFL027C,1494,92,53.79638768951531,8.233084504,not_preferentially_represent,YFL027C,33,8.258495927685606,5.531477513520165,not_preferentially_represent
YER018C,666,41,23.97447712250139,8.230665854,not_preferentially_represent,YER018C,58,14.514932236538339,21.826965769230586,not_preferentially_represent
YGR094W,3315,204,119.2876422680557,8.227577424,not_preferentially_represent,YGR094W,1482,370.88154438878996,111.91356197609836,not_preferentially_represent
YHR146W,1398,86,50.2879276228078,8.2246348,not_preferentially_represent,YHR146W,158,39.540677471949266,28.303992463814794,not_preferentially_represent
YOR252W,537,33,19.296530366891364,8.216086394,not_preferentially_represent,YOR252W,82,20.521111093036964,38.28565502432269,not_preferentially_represent
YOR378W,1548,95,55.55061772286908,8.204988791,not_preferentially_represent,YOR378W,43,10.7610704512267,6.956089496591273,not_preferentially_represent
YJL121C,717,44,25.72870715585515,8.204627418,not_preferentially_represent,YJL121C,1124,281.2893764460188,392.86225760617157,not_preferentially_represent
YDR332W,2070,127,74.26240474530918,8.202735705,not_preferentially_represent,YDR332W,28,7.007208665915059,3.386761075841015,not_preferentially_represent
YBR203W,2775,170,99.40636855671309,8.190516265,not_preferentially_represent,YBR203W,87,21.772398354807507,7.84873769099045,not_preferentially_represent
YDL092W,441,27,15.788070300183842,8.185599989,not_preferentially_represent,YDL092W,210,52.55406499436295,119.44105680537034,not_preferentially_represent
YGR027C,654,40,23.38973377805014,8.17725585,not_preferentially_represent,YGR027C,2494,624.1420861711487,955.8071763723561,not_preferentially_represent
YOL090W,2895,177,103.49957196787186,8.174290006,not_preferentially_represent,YOL090W,30,7.507723570623279,2.5942375848732824,not_preferentially_represent
YGL080W,393,24,14.033840266830083,8.16477149,not_preferentially_represent,YGL080W,132,33.033983710742426,84.2703666090368,not_preferentially_represent
YBR193C,672,41,23.97447712250139,8.157177766,not_preferentially_represent,YBR193C,51,12.763130070059574,19.021058226616354,not_preferentially_represent
YOR191W,4860,296,173.08402995757103,8.142931566,not_preferentially_represent,YOR191W,39,9.760040641810262,2.008652118092254,not_preferentially_represent
YER063W,657,40,23.38973377805014,8.139916782,not_preferentially_represent,YER063W,240,60.06178856498623,91.55760451979609,not_preferentially_represent
YMR087W,855,52,30.40665391146518,8.131348449,not_preferentially_represent,YMR087W,33,8.258495927685606,9.670369938741928,not_preferentially_represent
YBR037C,888,54,31.576140600367683,8.130291881,not_preferentially_represent,YBR037C,56,14.014417331830119,15.799794060687846,not_preferentially_represent
YML026C,842,51,29.821910567013926,8.098105452,not_preferentially_represent,YML026C,7283,1822.625025494978,2167.211683109367,not_preferentially_represent
YBR169C,2082,126,73.67766140085793,8.091241487,not_preferentially_represent,YBR169C,32,8.008238475331497,3.8482645244264764,not_preferentially_represent
YPL001W,1125,68,39.76254742268524,8.081309381,not_preferentially_represent,YPL001W,57,14.264674784184228,12.690991800875649,not_preferentially_represent
YJR003C,1560,94,54.96587437841783,8.056169561,not_preferentially_represent,YJR003C,68,17.01750676007943,10.915655394534594,not_preferentially_represent
YBL071W-A,249,15,8.771150166768802,8.054104406,not_preferentially_represent,YBL071W-A,42,10.510812998872591,42.38231047932496,not_preferentially_represent
YER089C,1395,84,49.11844093390529,8.050640275,not_preferentially_represent,YER089C,528,132.1359348429697,409.08958155718176,not_preferentially_represent
YNL196C,897,54,31.576140600367683,8.048717046,not_preferentially_represent,YNL196C,37,9.259525737102043,10.334292117301388,not_preferentially_represent
YDR265W,1014,61,35.66934401152646,8.042984341,not_preferentially_represent,YDR265W,50,12.512872617705465,12.35229281116038,not_preferentially_represent
YER073W,1563,94,54.96587437841783,8.040706664,not_preferentially_represent,YER073W,254,63.56539289794376,40.694873814304586,not_preferentially_represent
YOR259C,1314,79,46.194724211649024,8.038167822,not_preferentially_represent,YOR259C,170,42.543766900198584,32.40195498872702,not_preferentially_represent
YLR375W,1032,62,36.25408735597771,8.032252185,not_preferentially_represent,YLR375W,764,191.1966935985395,491.508209764883,not_preferentially_represent
YLR418C,1182,71,41.516777456038994,8.030936932,not_preferentially_represent,YLR418C,115,28.779607020722565,24.36884591085738,not_preferentially_represent
YGR234W,1200,72,42.10152080049025,8.021887989,not_preferentially_represent,YGR234W,6091,1524.3181422888797,1271.3245557038197,not_preferentially_represent
YIL110W,1134,68,39.76254742268524,8.017172005,not_preferentially_represent,YIL110W,151,37.788875305470505,33.35293495628464,not_preferentially_represent
YIL065C,468,28,16.372813644635098,7.999033607,not_preferentially_represent,YIL065C,90,22.523170711869835,48.229487605717,not_preferentially_represent
YPL123C,1305,78,45.60998086719777,7.991152786,not_preferentially_represent,YPL123C,29,7.2574661182691695,5.56554150174016,not_preferentially_represent
YIL006W,1122,67,39.17780407823398,7.983756614,not_preferentially_represent,YIL006W,119,29.780636830139006,26.566134549633368,not_preferentially_represent
YPL103C,1407,84,49.11844093390529,7.981978098,not_preferentially_represent,YPL103C,47,11.762100260643136,8.365647411552729,not_preferentially_represent
YKL040C,771,46,26.898193844757657,7.976801718,not_preferentially_represent,YKL040C,239,59.81153111263212,77.67731313328846,not_preferentially_represent
YPR115W,3252,194,113.44020882354317,7.975841891,not_preferentially_represent,YPR115W,64,16.016476950662994,4.926630867629343,not_preferentially_represent
YJR010C-A,285,17,9.94063685567131,7.974976363,not_preferentially_represent,YJR010C-A,42,10.510812998872591,37.009904925607714,not_preferentially_represent
YER134C,537,32,18.711787022440113,7.967114079,not_preferentially_represent,YER134C,125,31.28218154426366,91.73660276910165,not_preferentially_represent
YPL129W,840,50,29.23716722256267,7.958222211,not_preferentially_represent,YPL129W,202,50.55200537553008,60.2526881710728,not_preferentially_represent
YHR177W,1362,81,47.36421090055153,7.951210562,not_preferentially_represent,YHR177W,9,2.2523170711869835,1.6548986562725816,not_preferentially_represent
YNL323W,1245,74,43.27100748939276,7.946716348,not_preferentially_represent,YNL323W,123,30.781666639555443,24.74410501571981,not_preferentially_represent
YDL090C,1296,77,45.025237522746515,7.943484763,not_preferentially_represent,YDL090C,132,33.033983710742426,25.50886773030303,not_preferentially_represent
YBR150C,3285,195,114.02495216799443,7.936418863,not_preferentially_represent,YBR150C,35,8.759010832393825,2.6671774763684,not_preferentially_represent
YJR012C,624,37,21.63550374469638,7.927613664,not_preferentially_represent,YJR012C,17,4.254376690019858,6.828855040160286,not_preferentially_represent
YDL091C,1368,81,47.36421090055153,7.916336831,not_preferentially_represent,YDL091C,24,6.0061788564986225,4.3936933844174275,not_preferentially_represent
YKL172W,1284,76,44.44049417829527,7.913596666,not_preferentially_represent,YKL172W,162,40.54170728136571,31.59914830971606,not_preferentially_represent
YJL147C,1149,68,39.76254742268524,7.912509185,not_preferentially_represent,YJL147C,23,5.755921404144513,5.013868818941214,not_preferentially_represent
YBR194W,372,22,12.864353577927576,7.906878842,not_preferentially_represent,YBR194W,30,7.507723570623279,20.236451672839028,not_preferentially_represent
YER096W,1539,91,53.211644345064066,7.905477658,not_preferentially_represent,YER096W,39,9.760040641810262,6.345930196235541,not_preferentially_represent
YGR144W,981,58,33.9151139781727,7.904680655,not_preferentially_represent,YGR144W,13,3.253346880603421,3.3197417149014496,not_preferentially_represent
YOL066C,1776,105,61.39805116738161,7.904450439,not_preferentially_represent,YOL066C,55,13.764159879476011,7.7544562701273305,not_preferentially_represent
YHR141C,762,45,26.313450500306406,7.895559044,not_preferentially_represent,YHR141C,6852,1714.764063530357,2253.3036314459355,not_preferentially_represent
YOR251C,915,54,31.576140600367683,7.890381628,not_preferentially_represent,YOR251C,318,79.58186984860676,87.06987948425247,not_preferentially_represent
YMR127C,1017,60,35.08460066707521,7.887795466,not_preferentially_represent,YMR127C,26,6.506693761206842,6.40422614292012,not_preferentially_represent
YJL102W,2460,145,84.78778494543175,7.880581019,not_preferentially_represent,YJL102W,22,5.505663951790404,2.2389849336276555,not_preferentially_represent
YGR042W,816,48,28.067680533660166,7.864596067,not_preferentially_represent,YGR042W,11,2.752831975895202,3.377707945883684,not_preferentially_represent
YOR167C,204,12,7.0169201334150415,7.864596067,not_preferentially_represent,YOR167C,4315,1079.8609069079816,5319.511856689564,preferentially_represented
YGL192W,1803,106,61.982794511832864,7.860234117,not_preferentially_represent,YGL192W,190,47.54891594728076,26.386745808701868,not_preferentially_represent
YML106W,681,40,23.38973377805014,7.853047468,not_preferentially_represent,YML106W,2354,589.1060428415732,866.3324159434901,not_preferentially_represent
YOR109W,3324,195,114.02495216799443,7.843302035,not_preferentially_represent,YOR109W,91,22.773428164223944,6.853273597419183,not_preferentially_represent
YOR038C,2628,154,90.05047504549303,7.834669903,not_preferentially_represent,YOR038C,43,10.7610704512267,4.096334393310506,not_preferentially_represent
YDR442W,393,23,13.449096922378828,7.824572678,not_preferentially_represent,YDR442W,7,1.7518021664787649,4.4688830777519515,not_preferentially_represent
YHR050W-A,171,10,5.847433444512535,7.818604278,not_preferentially_represent,YHR050W-A,45,11.261585355934917,66.24461974079364,not_preferentially_represent
YDL247W,1830,107,62.56753785628411,7.817322539,not_preferentially_represent,YDL247W,26,6.506693761206842,87.92829407036272,not_preferentially_represent
YNL301C,993,58,33.9151139781727,7.809155813,not_preferentially_represent,YNL301C,795,198.9546746215169,200.55914780394846,not_preferentially_represent
YGR265W,411,24,14.033840266830083,7.807190257,not_preferentially_represent,YGR265W,32,8.008238475331497,19.532288964223163,not_preferentially_represent
YBL066C,3447,201,117.53341223470194,7.796148756,not_preferentially_represent,YBL066C,61,15.265704593600665,4.429978117701877,not_preferentially_represent
YGL049C,2745,160,93.55893511220056,7.792969509,not_preferentially_represent,YGL049C,85,21.271883450099292,7.752144114467671,not_preferentially_represent
YOR371C,2694,157,91.8047050788468,7.79161355,not_preferentially_represent,YOR371C,28,7.007208665915059,2.6020084166041815,not_preferentially_represent
YOL069W,1356,79,46.194724211649024,7.789198023,not_preferentially_represent,YOL069W,13,3.253346880603421,2.400994007825403,not_preferentially_represent
YOR372C,1665,97,56.72010441177159,7.789020369,not_preferentially_represent,YOR372C,49,12.262615165351356,7.369360075331343,not_preferentially_represent
YDL097C,1305,76,44.44049417829527,7.786251432,not_preferentially_represent,YDL097C,341,85.33779125275127,65.44309145149637,not_preferentially_represent
YFR010W-A,189,11,6.432176788963788,7.781372829,not_preferentially_represent,YFR010W-A,12,3.0030894282493112,15.973879937496338,not_preferentially_represent
YPL194W,1839,107,62.56753785628411,7.779064843,not_preferentially_represent,YPL194W,10,2.502574523541093,1.3615748223836197,not_preferentially_represent
YBR044C,1719,100,58.47433444512534,7.777669177,not_preferentially_represent,YBR044C,59,14.765189688892448,8.59440610529246,not_preferentially_represent
YPL085W,6588,383,223.95670092483007,7.772675318,not_preferentially_represent,YPL085W,107,26.777547401889695,4.065211386350341,not_preferentially_represent
YHR066W,1362,79,46.194724211649024,7.754884375,not_preferentially_represent,YHR066W,115,28.779607020722565,21.145927274594097,not_preferentially_represent
YBR128C,1035,60,35.08460066707521,7.750616414,not_preferentially_represent,YBR128C,7,1.7518021664787649,1.6941993873102177,not_preferentially_represent
YBR160W,897,52,30.40665391146518,7.750616414,not_preferentially_represent,YBR160W,244,61.06281837440266,68.15046693571726,not_preferentially_represent
YDR384C,828,48,28.067680533660166,7.750616414,not_preferentially_represent,YDR384C,329,82.33470182450196,99.55828515659245,not_preferentially_represent
YPL229W,621,36,21.050760400245125,7.750616414,not_preferentially_represent,YPL229W,69,17.26776421243354,37.21500907852056,not_preferentially_represent
YPL189C-A,207,12,7.0169201334150415,7.750616414,not_preferentially_represent,YPL189C-A,69,17.26776421243354,83.82409811860943,not_preferentially_represent
YML091C,3609,209,122.21135899031198,7.742562989,not_preferentially_represent,YML091C,31,7.757981022977387,2.1502164697830897,not_preferentially_represent
YHR169W,1296,75,43.85575083384401,7.737160483,not_preferentially_represent,YHR169W,357,89.341910490417,68.98989227059229,not_preferentially_represent
YDR093W,4839,280,163.72813644635096,7.736201133,not_preferentially_represent,YDR093W,314,78.58084003919032,16.242422496732186,not_preferentially_represent
YHR069C-A,363,21,12.279610233476323,7.734602744,not_preferentially_represent,YHR069C-A,60,15.015447141246558,41.479135749299886,not_preferentially_represent
YPR173C,1314,76,44.44049417829527,7.732920943,not_preferentially_represent,YPR173C,138,34.53552842486708,26.30276346143723,not_preferentially_represent
YDR477W,1902,110,64.32176788963788,7.732278994,not_preferentially_represent,YDR477W,88,22.022655807161616,11.584774227859873,not_preferentially_represent
YJR097W,519,30,17.542300333537604,7.728215789,not_preferentially_represent,YJR097W,28,7.007208665915059,13.52742985697888,not_preferentially_represent
YAR003W,1281,74,43.27100748939276,7.723389425,not_preferentially_represent,YAR003W,96,24.02471542599449,18.769308926558196,not_preferentially_represent
YHR081W,555,32,18.711787022440113,7.70872119,not_preferentially_represent,YHR081W,27,6.756951213560951,12.196662840362727,not_preferentially_represent
YLR260W,2064,119,69.58445798969916,7.708371049,not_preferentially_represent,YLR260W,60,15.015447141246558,7.278452322465612,not_preferentially_represent
YLR293C,660,38,22.220247089147634,7.697771302,not_preferentially_represent,YLR293C,3057,765.037031846512,1160.9059663831747,not_preferentially_represent
YOL137W,1494,86,50.2879276228078,7.696144211,not_preferentially_represent,YOL137W,86,21.5221409024534,14.415365641294976,not_preferentially_represent
YMR071C,504,29,16.95755698908635,7.692948137,not_preferentially_represent,YMR071C,177,44.29556906667734,88.06276156397087,not_preferentially_represent
YIL109C,2781,160,93.55893511220056,7.692089645,not_preferentially_represent,YIL109C,1321,330.5900945597784,118.91730020135913,not_preferentially_represent
YGL123W,765,44,25.72870715585515,7.689827266,not_preferentially_represent,YGL123W,22067,5522.43120109813,7228.313090442578,preferentially_represented
YKR008W,1878,108,63.152281200735366,7.688710532,not_preferentially_represent,YKR008W,33,8.258495927685606,4.399838000898033,not_preferentially_represent
YPR190C,1965,113,66.07599792299165,7.688493153,not_preferentially_represent,YPR190C,94,23.52420052128627,11.977698839758794,not_preferentially_represent
YOR002W,1635,94,54.96587437841783,7.686620499,not_preferentially_represent,YOR002W,668,167.171978172545,102.30843217414015,not_preferentially_represent
YOR267C,2280,131,76.6013781231142,7.681778703,not_preferentially_represent,YOR267C,122,30.53140918720133,13.396844750856223,not_preferentially_represent
YGR116W,4356,250,146.18583611281335,7.673217008,not_preferentially_represent,YGR116W,142,35.53655823428352,8.15994448548416,not_preferentially_represent
YBR181C,1063,61,35.66934401152646,7.672235298,not_preferentially_represent,YBR181C,7813,1955.2614752426557,1841.1125002284896,not_preferentially_represent
YGR190C,366,21,12.279610233476323,7.671204361,not_preferentially_represent,YGR190C,252,63.06487799323555,172.78048765270012,not_preferentially_represent
YNL072W,924,53,30.991397255916432,7.668832313,not_preferentially_represent,YNL072W,83,20.771368545391073,22.504191273446448,not_preferentially_represent
YLL046C,750,43,25.1439638114039,7.665359634,not_preferentially_represent,YLL046C,1,0.2502574523541093,0.334122099271174,not_preferentially_represent
YBR142W,2322,133,77.77086481201671,7.657989539,not_preferentially_represent,YBR142W,84,21.021625997745183,9.057141748274528,not_preferentially_represent
YDR168W,1521,87,50.872670967259054,7.647427734,not_preferentially_represent,YDR168W,47,11.762100260643136,7.738223855686274,not_preferentially_represent
YHR174W,1314,75,43.85575083384401,7.631171983,not_preferentially_represent,YHR174W,99932,25008.72772865085,19047.01274078511,preferentially_represented
YNL045W,2016,115,67.24548461189416,7.626629619,not_preferentially_represent,YNL045W,552,138.14211369946833,68.5568802478751,not_preferentially_represent
YBR217W,561,32,18.711787022440113,7.626274974,not_preferentially_represent,YBR217W,10,2.502574523541093,4.4688830777519515,not_preferentially_represent
YMR304C-A,351,20,11.69486688902507,7.618127245,not_preferentially_represent,YMR304C-A,250,62.56436308852732,178.75532311007805,not_preferentially_represent
YLR314C,1563,89,52.04215765616156,7.613009501,not_preferentially_represent,YLR314C,75,18.769308926558196,12.016202897924583,not_preferentially_represent
YHR067W,843,48,28.067680533660166,7.61270509,not_preferentially_represent,YHR067W,51,12.763130070059574,15.158111722161014,not_preferentially_represent
YDR406W-A,246,14,8.186406822317549,7.608836846,not_preferentially_represent,YDR406W-A,1,0.2502574523541093,1.021458989200446,not_preferentially_represent
YKL058W,369,21,12.279610233476323,7.608836846,not_preferentially_represent,YKL058W,278,69.57157175444237,189.05318411533256,not_preferentially_represent
YLR088W,1845,105,61.39805116738161,7.608836846,not_preferentially_represent,YLR088W,83,20.771368545391073,11.264299645006004,not_preferentially_represent
YPR098C,582,33,19.296530366891364,7.580821983,not_preferentially_represent,YPR098C,136,34.03501352015886,58.580057693905104,not_preferentially_represent
YJL136C,724,41,23.97447712250139,7.57130312,not_preferentially_represent,YJL136C,2846,712.232709399795,985.1074818807676,not_preferentially_represent
YCR015C,954,54,31.576140600367683,7.567818857,not_preferentially_represent,YCR015C,24,6.0061788564986225,6.302391245014295,not_preferentially_represent
YKR105C,1749,99,57.88959110067409,7.567818857,not_preferentially_represent,YKR105C,12,3.0030894282493112,1.7180145470533819,not_preferentially_represent
YOR384W,2085,118,68.9997146452479,7.566608974,not_preferentially_represent,YOR384W,100,25.02574523541093,12.008514988201021,not_preferentially_represent
YPR194C,2634,149,87.12675832323677,7.563030311,not_preferentially_represent,YPR194C,138,34.53552842486708,13.11641793576418,not_preferentially_represent
YDL169C,672,38,22.220247089147634,7.560311101,not_preferentially_represent,YDL169C,5,1.2512872617705466,1.8648096300604269,not_preferentially_represent
YDL238C,1470,83,48.533697589454036,7.548942212,not_preferentially_represent,YDL238C,41,10.260555546518482,6.98472127060482,not_preferentially_represent
YER186C,921,52,30.40665391146518,7.548645954,not_preferentially_represent,YER186C,161,40.2914498290116,43.79505416196913,not_preferentially_represent
YEL022W,4380,247,144.4316060794596,7.539597919,not_preferentially_represent,YEL022W,67,16.767249307725322,3.8290133153060797,not_preferentially_represent
YDR345C,1704,96,56.13536106732033,7.532289191,not_preferentially_represent,YDR345C,5333,1334.6229934044648,783.6893678241132,not_preferentially_represent
YML057W,1815,102,59.64382113402785,7.513614094,not_preferentially_represent,YML057W,378,94.59731698985331,243.18076347005993,not_preferentially_represent
YHR206W,1869,105,61.39805116738161,7.511131076,not_preferentially_represent,YHR206W,231,57.80947149379924,30.947254547001737,not_preferentially_represent
YBR240C,1353,76,44.44049417829527,7.510020783,not_preferentially_represent,YBR240C,18,4.504634142373967,3.3318299869629935,not_preferentially_represent
YNL272C,2280,128,74.84714808976045,7.505860106,not_preferentially_represent,YNL272C,23,5.755921404144513,2.525634666145026,not_preferentially_represent
YDR002W,606,34,19.88127371134262,7.501215391,not_preferentially_represent,YDR002W,1073,268.5262463759593,443.84503533216406,not_preferentially_represent
YDR114C,303,17,9.94063685567131,7.501215391,not_preferentially_represent,YDR114C,1,0.2502574523541093,0.8286670607751964,not_preferentially_represent
YPL195W,2799,157,91.8047050788468,7.499323653,not_preferentially_represent,YPL195W,41,10.260555546518482,3.6671034833875913,not_preferentially_represent
YDR120C,1713,96,56.13536106732033,7.492714992,not_preferentially_represent,YDR120C,308,77.07929532506566,45.02295287679069,not_preferentially_represent
YBR043C,2070,116,67.8302279563454,7.492262534,not_preferentially_represent,YBR043C,51,12.763130070059574,6.168743388138991,not_preferentially_represent
YLR070C,1071,60,35.08460066707521,7.490091493,not_preferentially_represent,YLR070C,33,8.258495927685606,7.718220493164118,not_preferentially_represent
YPR029C,2499,140,81.86406822317548,7.490091493,not_preferentially_represent,YPR029C,49,12.262615165351356,4.908973244736331,not_preferentially_represent
YKL035W,1500,84,49.11844093390529,7.487095456,not_preferentially_represent,YKL035W,612,153.1575608407149,102.17315599780846,not_preferentially_represent
YER177W,804,45,26.313450500306406,7.483104467,not_preferentially_represent,YER177W,4260,1066.0967470285057,1327.6422752534315,not_preferentially_represent
YDR116C,858,48,28.067680533660166,7.47961584,not_preferentially_represent,YDR116C,117,29.280121925430787,34.16583655242799,not_preferentially_represent
YNL006W,912,51,29.821910567013926,7.47654034,not_preferentially_represent,YNL006W,156,39.04016256724105,42.854185035390834,not_preferentially_represent
YOR169C,465,26,15.20332695573259,7.475594542,not_preferentially_represent,YOR169C,113,28.279092116014347,60.946319215548165,not_preferentially_represent
YDR347W,966,54,31.576140600367683,7.473808685,not_preferentially_represent,YDR347W,214,53.55509480377939,55.497507568683304,not_preferentially_represent
YNL213C,645,36,21.050760400245125,7.462221385,not_preferentially_represent,YNL213C,20,5.005149047082186,7.771970570003394,not_preferentially_represent
YPR137W,1722,96,56.13536106732033,7.453554461,not_preferentially_represent,YPR137W,193,48.29968830434309,28.064897329658972,not_preferentially_represent
YOL081W,9240,515,301.1428223923955,7.451789889,not_preferentially_represent,YOL081W,129,32.283211353680095,3.494232206264758,not_preferentially_represent
YNR007C,933,52,30.40665391146518,7.45155726,not_preferentially_represent,YNR007C,22,5.505663951790404,5.907364755139919,not_preferentially_represent
YDR356W,2835,158,92.38944842329805,7.451253981,not_preferentially_represent,YDR356W,19,4.754891594728076,15.744674154728731,not_preferentially_represent
YDL231C,3378,188,109.93174875683566,7.44086709,not_preferentially_represent,YDL231C,91,22.773428164223944,6.743686160563798,not_preferentially_represent
YGR036C,720,40,23.38973377805014,7.427674064,not_preferentially_represent,YGR036C,73,18.268794021849978,25.408614773087592,not_preferentially_represent
YGR271C-A,702,39,22.804990433598885,7.427674064,not_preferentially_represent,YGR271C-A,63,15.766219498308887,22.49104065379299,not_preferentially_represent
YLL052C,450,25,14.618583611281336,7.427674064,not_preferentially_represent,YLL052C,96,24.02471542599449,53.50716130511022,not_preferentially_represent
YOR148C,558,31,18.127043677988855,7.427674064,not_preferentially_represent,YOR148C,34,8.508753380039716,15.27603838427238,not_preferentially_represent
YLR378C,1443,80,46.77946755610028,7.412231914,not_preferentially_represent,YLR378C,2564,641.6601078359362,444.9792703439225,not_preferentially_represent
YJL048C,1191,66,38.59306073378273,7.408964557,not_preferentially_represent,YJL048C,269,67.3192546832554,56.57080225483647,not_preferentially_represent
YOL096C,939,52,30.40665391146518,7.403943476,not_preferentially_represent,YOL096C,49,12.262615165351356,13.073150496110188,not_preferentially_represent
YKR104W,921,51,29.821910567013926,7.403479686,not_preferentially_represent,YKR104W,4,1.0010298094164372,0.2738046524662027,not_preferentially_represent
YHR039C-A,507,28,16.372813644635098,7.38372333,not_preferentially_represent,YHR039C-A,1084,271.2790783518545,536.1246607744159,not_preferentially_represent
YMR217W,1578,87,50.872670967259054,7.37118985,not_preferentially_represent,YMR217W,5082,1271.8083728635834,806.473286533661,not_preferentially_represent
YEL012W,780,43,25.1439638114039,7.370538109,not_preferentially_represent,YEL012W,22,5.505663951790404,7.067604559422856,not_preferentially_represent
YGL089C,363,20,11.69486688902507,7.366288328,not_preferentially_represent,YGL089C,1342,335.84550105921466,927.7500029260074,not_preferentially_represent
YMR301C,2073,114,66.6607412674429,7.352429898,not_preferentially_represent,YMR301C,138,34.53552842486708,16.667726073777548,not_preferentially_represent
YKL055C,837,46,26.898193844757657,7.347806601,not_preferentially_represent,YKL055C,15,3.7538617853116394,4.490265293434975,not_preferentially_represent
YKL042W,1092,60,35.08460066707521,7.346051272,not_preferentially_represent,YKL042W,31,7.757981022977387,7.110890030226753,not_preferentially_represent
YJL122W,528,29,16.95755698908635,7.343268677,not_preferentially_represent,YJL122W,259,64.8166801597143,122.99180295960969,not_preferentially_represent
YLL033W,693,38,22.220247089147634,7.331210764,not_preferentially_represent,YLL033W,15,3.7538617853116394,5.424655759120866,not_preferentially_represent
YDR334W,4545,249,145.60109276836212,7.324716205,not_preferentially_represent,YDR334W,43,10.7610704512267,2.3681933211326363,not_preferentially_represent
YIL022W,1296,71,41.516777456038994,7.324511924,not_preferentially_represent,YIL022W,308,77.07929532506566,59.52069137070708,not_preferentially_represent
YLR419W,4308,236,137.9994292904958,7.324224564,not_preferentially_represent,YLR419W,52,13.013387522413684,3.0214505508274168,not_preferentially_represent
YGL073W,2502,137,80.10983818982173,7.320801056,not_preferentially_represent,YGL073W,129,32.283211353680095,12.908121292954858,not_preferentially_represent
YJR011C,786,43,25.1439638114039,7.31427446,not_preferentially_represent,YJR011C,31,7.757981022977387,9.882778373219603,not_preferentially_represent
YJR145C,1042,57,33.33037063372145,7.313621487,not_preferentially_represent,YJR145C,12278,3072.661000003754,2951.6436119152295,not_preferentially_represent
YDR266C,1920,105,61.39805116738161,7.311616656,not_preferentially_represent,YDR266C,134,33.534498615450644,17.474986250886214,not_preferentially_represent
YER007W,1557,85,49.703184278356545,7.298870467,not_preferentially_represent,YER007W,16,4.004119237665749,12.631290970554412,not_preferentially_represent
YPL082C,5604,305,178.3467200576323,7.276575769,not_preferentially_represent,YPL082C,76,19.019566378912305,3.394532639463199,not_preferentially_represent
YCR089W,4830,262,153.2027562462284,7.252362502,not_preferentially_represent,YCR089W,113,28.279092116014347,5.8560969384995545,not_preferentially_represent
YPL203W,1143,62,36.25408735597771,7.252217196,not_preferentially_represent,YPL203W,82,20.521111093036964,17.969449293377373,not_preferentially_represent
YKL139W,1587,86,50.2879276228078,7.245141431,not_preferentially_represent,YKL139W,20,5.005149047082186,3.1558316816407226,not_preferentially_represent
YIL016W,480,26,15.20332695573259,7.241982212,not_preferentially_represent,YIL016W,261,65.31719506442252,136.36157633491132,not_preferentially_represent
YGR098C,4893,265,154.95698627958217,7.240957548,not_preferentially_represent,YGR098C,55,13.764159879476011,2.8136058625257587,not_preferentially_represent
YCR059C,777,42,24.559220466952645,7.226926116,not_preferentially_represent,YCR059C,297,74.32646334917045,95.78152493449801,not_preferentially_represent
YFR033C,444,24,14.033840266830083,7.226926116,not_preferentially_represent,YFR033C,182,45.54685632844789,102.81457410484852,not_preferentially_represent
YFL026W,1296,70,40.93203411158774,7.221349784,not_preferentially_represent,YFL026W,7,1.7518021664787649,1.352742985697888,not_preferentially_represent
YKL119C,648,35,20.46601705579387,7.221349784,not_preferentially_represent,YKL119C,75,18.769308926558196,29.009751045685004,not_preferentially_represent
YGR209C,315,17,9.94063685567131,7.215454805,not_preferentially_represent,YGR209C,326,81.58392946743963,259.821431424967,not_preferentially_represent
YLR258W,2118,114,66.6607412674429,7.196216798,not_preferentially_represent,YLR258W,135,33.78475606780475,15.958788884177967,not_preferentially_represent
YER091C,2304,124,72.50817471195542,7.195559249,not_preferentially_represent,YER091C,1198,299.8084279202229,130.1816881980994,not_preferentially_represent
YML067C,1152,62,36.25408735597771,7.195559249,not_preferentially_represent,YML067C,242,60.56230346969445,52.61711856619848,not_preferentially_represent
YPL188W,1245,67,39.17780407823398,7.194999936,not_preferentially_represent,YPL188W,132,33.033983710742426,26.55464928516272,not_preferentially_represent
YEL015W,1656,89,52.04215765616156,7.185467301,not_preferentially_represent,YEL015W,77,19.269823831266415,11.64339808535735,not_preferentially_represent
YJL207C,6045,324,189.4568436022061,7.165954531,not_preferentially_represent,YJL207C,44,11.011327903580808,1.8218610032397102,not_preferentially_represent
YOL038W,765,41,23.97447712250139,7.165520861,not_preferentially_represent,YOL038W,255,63.815650350297865,83.52833815484014,not_preferentially_represent
YOL068C,1512,81,47.36421090055153,7.16239999,not_preferentially_represent,YOL068C,129,32.283211353680095,21.365460856174785,not_preferentially_represent
YOL075C,3885,208,121.62661564586072,7.158098248,not_preferentially_represent,YOL075C,48,12.012357712997245,3.0927800496903313,not_preferentially_represent
YCR025C,411,22,12.864353577927576,7.156591069,not_preferentially_represent,YCR025C,5,1.2512872617705466,3.0519201506598694,not_preferentially_represent
YOL094C,972,52,30.40665391146518,7.152575024,not_preferentially_represent,YOL094C,81,20.270853640682855,20.876265335409734,not_preferentially_represent
YBR243C,1347,72,42.10152080049025,7.146448097,not_preferentially_represent,YBR243C,348,87.08959341923003,64.70252111384103,not_preferentially_represent
YOR066W,1890,101,59.0590777895766,7.144715052,not_preferentially_represent,YOR066W,125,31.28218154426366,16.56018080691565,not_preferentially_represent
YKL036C,393,21,12.279610233476323,7.144175054,not_preferentially_represent,YKL036C,6,1.5015447141246556,3.8304712095016726,not_preferentially_represent
YCR099C,468,25,14.618583611281336,7.141994292,not_preferentially_represent,YCR099C,11,2.752831975895202,5.894715151809855,not_preferentially_represent
YGR067C,2415,129,75.4318914342117,7.14163941,not_preferentially_represent,YGR067C,12,3.0030894282493112,1.2440304176674861,not_preferentially_represent
YNL125C,2022,108,63.152281200735366,7.141146578,not_preferentially_represent,YNL125C,281,70.3223441115047,34.79581598787962,not_preferentially_represent
YOR246C,993,53,30.991397255916432,7.135952726,not_preferentially_represent,YOR246C,610,152.65704593600668,153.88815114516802,not_preferentially_represent
YPL086C,1674,89,52.04215765616156,7.108204211,not_preferentially_represent,YPL086C,152,38.03913275782461,22.737078755424154,not_preferentially_represent
YKR021W,2748,146,85.372528289883,7.103321484,not_preferentially_represent,YKR021W,57,14.264674784184228,5.192819360824255,not_preferentially_represent
YDR383C,717,38,22.220247089147634,7.085814588,not_preferentially_represent,YDR383C,16,4.004119237665749,5.592345304002443,not_preferentially_represent
YDR407C,3870,205,119.87238561250695,7.082200851,not_preferentially_represent,YDR407C,39,9.760040641810262,2.5226261674360977,not_preferentially_represent
YGL084C,1683,89,52.04215765616156,7.070192424,not_preferentially_represent,YGL084C,207,51.80329263730062,30.79862820291357,not_preferentially_represent
YGL059W,1476,78,45.60998086719777,7.0653485,not_preferentially_represent,YGL059W,16,4.004119237665749,2.7146571102818635,not_preferentially_represent
YPL222C-A,246,13,7.601663477866295,7.0653485,not_preferentially_represent,YPL222C-A,4,1.0010298094164372,4.085835956801784,not_preferentially_represent
YMR189W,3105,164,95.89790849000556,7.061672733,not_preferentially_represent,YMR189W,403,100.85375329870604,32.491544232830556,not_preferentially_represent
YLR198C,360,19,11.110123544573817,7.05629036,not_preferentially_represent,YLR198C,141,35.286300781929405,98.29053142598721,not_preferentially_represent
YJR137C,4329,228,133.3214825348858,7.041620318,not_preferentially_represent,YJR137C,113,28.279092116014347,6.533986163589267,not_preferentially_represent
YDL177C,513,27,15.788070300183842,7.03674385,not_preferentially_represent,YDL177C,18,4.504634142373967,8.798113559324154,not_preferentially_represent
YPL164C,2148,113,66.07599792299165,7.033467898,not_preferentially_represent,YPL164C,20,5.005149047082186,2.3312291788924946,not_preferentially_represent
YHR142W,951,50,29.23716722256267,7.02934454,not_preferentially_represent,YHR142W,538,134.6385093665108,141.7247467015903,not_preferentially_represent
YBL097W,2265,119,69.58445798969916,7.024316929,not_preferentially_represent,YBL097W,14,3.5036043329575297,1.5475284156172835,not_preferentially_represent
YPL208W,1752,92,53.79638768951531,7.020678225,not_preferentially_represent,YPL208W,115,28.779607020722565,16.436097670315572,not_preferentially_represent
YCR020C-A,267,14,8.186406822317549,7.010389004,not_preferentially_represent,YCR020C-A,85,21.271883450099292,79.96948665450861,not_preferentially_represent
YNL266W,420,22,12.864353577927576,7.003235546,not_preferentially_represent,YNL266W,20,5.005149047082186,11.94546311952789,not_preferentially_represent
YPL217C,3552,186,108.76226206793314,7.001084675,not_preferentially_represent,YPL217C,157,39.29042001959516,11.06460715843288,not_preferentially_represent
YJL200C,2370,124,72.50817471195542,6.995176587,not_preferentially_represent,YJL200C,233,58.30998639850746,24.613755339175796,not_preferentially_represent
YGR264C,2256,118,68.9997146452479,6.993076113,not_preferentially_represent,YGR264C,510,127.63130070059573,56.5992464304194,not_preferentially_represent
YDL027C,1263,66,38.59306073378273,6.986600782,not_preferentially_represent,YDL027C,22,5.505663951790404,4.362649724081145,not_preferentially_represent
YBL101C,3354,175,102.33008527896935,6.975901401,not_preferentially_represent,YBL101C,68,17.01750676007943,5.075307712519962,not_preferentially_represent
YHR138C,345,18,10.525380200122562,6.975554773,not_preferentially_represent,YHR138C,47,11.762100260643136,34.19215192047423,not_preferentially_represent
YNL094W,1764,92,53.79638768951531,6.972918509,not_preferentially_represent,YNL094W,93,23.273943068932162,13.20132902378455,not_preferentially_represent
YOR140W,2301,120,70.16920133415042,6.972523241,not_preferentially_represent,YOR140W,60,15.015447141246558,38.304712095016725,not_preferentially_represent
YKL057C,3114,162,94.72842180110305,6.95539421,not_preferentially_represent,YKL057C,91,22.773428164223944,7.315588873827159,not_preferentially_represent
YAL059C-A,423,22,12.864353577927576,6.953567209,not_preferentially_represent,YAL059C-A,205,51.3027777325924,121.57056334737537,not_preferentially_represent
YGL060W,1926,100,58.47433444512534,6.941751461,not_preferentially_represent,YGL060W,42,10.510812998872591,5.46016259681693,not_preferentially_represent
YKL173W,3027,157,91.8047050788468,6.934458838,not_preferentially_represent,YKL173W,72,18.01853656949587,5.954572560970214,not_preferentially_represent
YBR139W,1527,79,46.194724211649024,6.916930268,not_preferentially_represent,YBR139W,258,64.56642270736019,42.31089299302765,not_preferentially_represent
YER088C,2013,104,60.81330782293036,6.907404792,not_preferentially_represent,YER088C,359,89.84242539512523,44.65329293992308,not_preferentially_represent
YHR143W-A,213,11,6.432176788963788,6.904598425,not_preferentially_represent,YHR143W-A,241,60.312046017340336,284.490783100662,not_preferentially_represent
YER019W,1434,74,43.27100748939276,6.899345783,not_preferentially_represent,YER019W,426,106.60967470285055,74.39614424483639,not_preferentially_represent
YKR022C,969,50,29.23716722256267,6.89876848,not_preferentially_represent,YKR022C,7,1.7518021664787649,1.8097129818995505,not_preferentially_represent
YNL165W,1221,63,36.838830700428964,6.898429474,not_preferentially_represent,YNL165W,72,18.01853656949587,14.769292270078582,not_preferentially_represent
YJL091C,1473,76,44.44049417829527,6.898206462,not_preferentially_represent,YJL091C,299,74.82697825387868,50.83354500942845,not_preferentially_represent
YDR107C,2019,104,60.81330782293036,6.886877587,not_preferentially_represent,YDR107C,69,17.26776421243354,8.556870273752994,not_preferentially_represent
YLR383W,3345,172,100.5758552456156,6.874762003,not_preferentially_represent,YLR383W,13,3.253346880603421,0.972890813577578,not_preferentially_represent
YLR342W,5631,289,168.99082654641225,6.861793727,not_preferentially_represent,YLR342W,5049,1263.5498769358978,224.4315944823975,not_preferentially_represent
YDL184C,78,4,2.338973377805014,6.85631452,not_preferentially_represent,YDL184C,1949,487.75177463815896,6334.438631664402,preferentially_represented
YDR118W-A,117,6,3.5084600667075208,6.85631452,not_preferentially_represent,YDR118W-A,1,0.2502574523541093,2.1573918306388733,not_preferentially_represent
YJL127W-A,117,6,3.5084600667075208,6.85631452,not_preferentially_represent,YJL127W-A,2,0.5005149047082186,4.314783661277747,not_preferentially_represent
YNL274C,1053,54,31.576140600367683,6.85631452,not_preferentially_represent,YNL274C,72,18.01853656949587,17.12788647290482,not_preferentially_represent
YBR041W,2010,103,60.2285644784791,6.851197868,not_preferentially_represent,YBR041W,266,66.56848232619306,33.135133064307155,not_preferentially_represent
YIL014W,1893,97,56.72010441177159,6.850881625,not_preferentially_represent,YIL014W,77,19.269823831266415,10.184896316737007,not_preferentially_represent
YCR069W,957,49,28.65242387811142,6.845567946,not_preferentially_represent,YCR069W,248,62.0638481838191,64.9203432885137,not_preferentially_represent
YGL222C,528,27,15.788070300183842,6.836836354,not_preferentially_represent,YGL222C,53,13.263644974767793,25.168206783240592,not_preferentially_represent
YHR048W,1545,79,46.194724211649024,6.836344672,not_preferentially_represent,YHR048W,157,39.29042001959516,25.4471632251264,not_preferentially_represent
YIL029W-A,372,19,11.110123544573817,6.828668091,not_preferentially_represent,YIL029W-A,15,3.7538617853116394,10.118225836419514,not_preferentially_represent
YJL142C,393,20,11.69486688902507,6.803976242,not_preferentially_represent,YJL142C,31,7.757981022977387,19.790767915758643,not_preferentially_represent
YDR339C,570,29,16.95755698908635,6.802185721,not_preferentially_represent,YDR339C,205,51.3027777325924,90.16305401158594,not_preferentially_represent
YOL037C,354,18,10.525380200122562,6.79821016,not_preferentially_represent,YOL037C,13,3.253346880603421,9.216280115023855,not_preferentially_represent
YFL047W,2145,109,63.737024545186635,6.793984388,not_preferentially_represent,YFL047W,74,18.519051474204087,8.637617292072802,not_preferentially_represent
YKL078W,2208,112,65.49125457854039,6.781789362,not_preferentially_represent,YKL078W,183,45.797113780802,20.75084448609062,not_preferentially_represent
YPL133C,1341,68,39.76254742268524,6.779621964,not_preferentially_represent,YPL133C,41,10.260555546518482,7.657131004864538,not_preferentially_represent
YBR076W,1065,54,31.576140600367683,6.779060272,not_preferentially_represent,YBR076W,32,8.008238475331497,7.52653992042434,not_preferentially_represent
YBR178W,375,19,11.110123544573817,6.774038746,not_preferentially_represent,YBR178W,3,0.7507723570623278,2.007412719417989,not_preferentially_represent
YDR463W,1560,79,46.194724211649024,6.770610589,not_preferentially_represent,YDR463W,54,13.513902427121902,8.668314578012765,not_preferentially_represent
YDR169C,1542,78,45.60998086719777,6.762940587,not_preferentially_represent,YDR169C,43,10.7610704512267,6.983173556928422,not_preferentially_represent
YJL033W,2313,117,68.41497130079665,6.762940587,not_preferentially_represent,YJL033W,119,29.780636830139006,12.880898282932096,not_preferentially_represent
YOR152C,771,39,22.804990433598885,6.762940587,not_preferentially_represent,YOR152C,30,7.507723570623279,9.750290351458803,not_preferentially_represent
YER143W,1287,65,38.00831738933148,6.752430967,not_preferentially_represent,YER143W,95,23.77445797364038,18.487136837978525,not_preferentially_represent
YLR104W,396,20,11.69486688902507,6.752430967,not_preferentially_represent,YLR104W,89,22.272913259515725,56.387122175989184,not_preferentially_represent
YJR075W,1191,60,35.08460066707521,6.735422325,not_preferentially_represent,YJR075W,472,118.12151751113959,99.2617794211257,not_preferentially_represent
YHR164C,4569,230,134.4909692237883,6.730262776,not_preferentially_represent,YHR164C,29,7.2574661182691695,1.5887622850851948,not_preferentially_represent
YPR117W,7470,376,219.86349751367132,6.729651682,not_preferentially_represent,YPR117W,29,7.2574661182691695,0.9716784199048292,not_preferentially_represent
YJL135W,318,16,9.355893511220057,6.726950095,not_preferentially_represent,YJL135W,4,1.0010298094164372,3.157822742638603,not_preferentially_represent
YOR328W,4695,236,137.9994292904958,6.720502539,not_preferentially_represent,YOR328W,118,29.530379377784897,6.291090621598827,not_preferentially_represent
YNL151C,756,38,22.220247089147634,6.720276534,not_preferentially_represent,YNL151C,115,28.779607020722565,38.11868479565903,not_preferentially_represent
YNL162W-A,219,11,6.432176788963788,6.715431345,not_preferentially_represent,YNL162W-A,5,1.2512872617705466,5.7398498246355345,not_preferentially_represent
YML034C-A,399,20,11.69486688902507,6.701660809,not_preferentially_represent,YML034C-A,2,0.5005149047082186,1.2575751374578357,not_preferentially_represent
YLR027C,1257,63,36.838830700428964,6.700861088,not_preferentially_represent,YLR027C,1900,475.4891594728076,378.57417155478316,not_preferentially_represent
YGR180C,1038,52,30.40665391146518,6.697787017,not_preferentially_represent,YGR180C,2418,605.1225197922363,583.531841651144,not_preferentially_represent
YML027W,1158,58,33.9151139781727,6.696452265,not_preferentially_represent,YML027W,49,12.262615165351356,10.598630220701258,not_preferentially_represent
YDL236W,939,47,27.482937189208915,6.692025834,not_preferentially_represent,YDL236W,549,137.391341342406,146.4726453543774,not_preferentially_represent
YDR015C,240,12,7.0169201334150415,6.684906657,not_preferentially_represent,YDR015C,1,0.2502574523541093,1.0471023111050597,not_preferentially_represent
YKL043W,1101,55,32.16088394481894,6.678834989,not_preferentially_represent,YKL043W,112,28.028834663660238,25.480758785145674,not_preferentially_represent
YIL023C,1041,52,30.40665391146518,6.678485037,not_preferentially_represent,YIL023C,420,105.1081299887259,101.06550960454413,not_preferentially_represent
YLR263W,2484,124,72.50817471195542,6.674141912,not_preferentially_represent,YLR263W,18,4.504634142373967,1.8141901499693787,not_preferentially_represent
YMR282C,1743,87,50.872670967259054,6.673400794,not_preferentially_represent,YMR282C,36,9.009268284747934,5.171795800658975,not_preferentially_represent
YML105C,822,41,23.97447712250139,6.668641678,not_preferentially_represent,YML105C,125,31.28218154426366,38.10253537669143,not_preferentially_represent
YJR061W,2808,140,81.86406822317548,6.665861339,not_preferentially_represent,YJR061W,43,10.7610704512267,3.8336553085951905,not_preferentially_represent
YJR033C,4074,203,118.70289892360445,6.661934469,not_preferentially_represent,YJR033C,33,8.258495927685606,2.027619918410412,not_preferentially_represent
YGR125W,3111,155,90.63521838994428,6.661269893,not_preferentially_represent,YGR125W,111,27.778577211306132,8.93201839591837,not_preferentially_represent
YER056C-A,763,38,22.220247089147634,6.658622621,not_preferentially_represent,YER056C-A,2307,577.34394258093,757.6692159854726,not_preferentially_represent
YBR230C,502,25,14.618583611281336,6.658273563,not_preferentially_represent,YBR230C,157,39.29042001959516,78.42399205508016,not_preferentially_represent
YDR119W-A,201,10,5.847433444512535,6.651648415,not_preferentially_represent,YDR119W-A,26,6.506693761206842,32.53346880603421,not_preferentially_represent
YGR223C,1347,67,39.17780407823398,6.650166979,not_preferentially_represent,YGR223C,42,10.510812998872591,7.808924962015297,not_preferentially_represent
YBR284W,2394,119,69.58445798969916,6.645813636,not_preferentially_represent,YBR284W,7,1.7518021664787649,0.7320527231419829,not_preferentially_represent
YFL045C,765,38,22.220247089147634,6.641214457,not_preferentially_represent,YFL045C,4061,1016.2955140100378,1330.2297303796306,not_preferentially_represent
YJL134W,1230,61,35.66934401152646,6.630557823,not_preferentially_represent,YJL134W,221,55.30689697025816,174.46970653078282,not_preferentially_represent
YBR161W,1131,56,32.745627289270196,6.619889882,not_preferentially_represent,YBR161W,37,9.259525737102043,8.194270563807118,not_preferentially_represent
YJR092W,4344,215,125.71981905701949,6.617195816,not_preferentially_represent,YJR092W,37,9.259525737102043,2.1320575033622022,not_preferentially_represent
YPR074C,2043,101,59.0590777895766,6.609648286,not_preferentially_represent,YPR074C,9832,2460.5312715456025,1204.9614454190023,not_preferentially_represent
YDR461C-A,243,12,7.0169201334150415,6.602376945,not_preferentially_represent,YDR461C-A,9,2.2523170711869835,9.307095335483403,not_preferentially_represent
YKL213C,2148,106,61.982794511832864,6.597766347,not_preferentially_represent,YKL213C,142,35.53655823428352,16.55172717013671,not_preferentially_represent
YNL236W,2925,144,84.2030416009805,6.58206194,not_preferentially_represent,YNL236W,160,40.04119237665749,13.693978240990932,not_preferentially_represent
YGL218W,651,32,18.711787022440113,6.571951245,not_preferentially_represent,YGL218W,18,4.504634142373967,6.930206372883027,not_preferentially_represent
YNL073W,1731,85,49.703184278356545,6.565188514,not_preferentially_represent,YNL073W,146,36.537588043699955,21.119993088843906,not_preferentially_represent
YDL234C,2241,110,64.32176788963788,6.56260359,not_preferentially_represent,YDL234C,105,26.277032497181477,11.730818079098873,not_preferentially_represent
YBR040W,897,44,25.72870715585515,6.558213889,not_preferentially_represent,YBR040W,1,0.2502574523541093,0.27930519235949697,not_preferentially_represent
YGL052W,306,15,8.771150166768802,6.553830056,not_preferentially_represent,YGL052W,23,5.755921404144513,18.87187345621152,not_preferentially_represent
YMR211W,1428,70,40.93203411158774,6.553830056,not_preferentially_represent,YMR211W,47,11.762100260643136,8.242536973120629,not_preferentially_represent
YAL011W,1878,92,53.79638768951531,6.549642305,not_preferentially_represent,YAL011W,19,4.754891594728076,2.5332400611231094,not_preferentially_represent
YPL070W,1839,90,52.62690100061281,6.543138653,not_preferentially_represent,YPL070W,24,6.0061788564986225,3.267779573720687,not_preferentially_represent
YGL135W,654,32,18.711787022440113,6.54180468,not_preferentially_represent,YGL135W,8801,2202.515838168516,3372.918588313194,not_preferentially_represent
YDR139C,307,15,8.771150166768802,6.532482076,not_preferentially_represent,YDR139C,187,46.79814359021844,152.93510977195567,not_preferentially_represent
YNL303W,348,17,9.94063685567131,6.531230642,not_preferentially_represent,YNL303W,104,26.026775044827367,75.00511540296071,not_preferentially_represent
YNL122C,348,17,9.94063685567131,6.531230642,not_preferentially_represent,YNL122C,43,10.7610704512267,31.01173040699337,not_preferentially_represent
YMR131C,1536,75,43.85575083384401,6.528229158,not_preferentially_represent,YMR131C,1177,294.5530214207866,191.89121916663623,not_preferentially_represent
YEL018W,840,41,23.97447712250139,6.525742213,not_preferentially_represent,YEL018W,22,5.505663951790404,10.329575894541096,not_preferentially_represent
YJR035W,3258,159,92.9741917677493,6.524862852,not_preferentially_represent,YJR035W,13,3.253346880603421,0.9988783790615354,not_preferentially_represent
YDL028C,2295,112,65.49125457854039,6.524701923,not_preferentially_represent,YDL028C,41,10.260555546518482,4.472779226904307,not_preferentially_represent
YHR180W,492,24,14.033840266830083,6.521860153,not_preferentially_represent,YHR180W,21,5.255406499436296,10.703475558933391,not_preferentially_represent
YIL047C-A,369,18,10.525380200122562,6.521860153,not_preferentially_represent,YIL047C-A,5,1.2512872617705466,3.400237124376485,not_preferentially_represent
YBR204C,1128,55,32.16088394481894,6.518969258,not_preferentially_represent,YBR204C,21,5.255406499436296,4.663182342002036,not_preferentially_represent
YPL113C,1191,58,33.9151139781727,6.510908247,not_preferentially_represent,YPL113C,29,7.2574661182691695,17.32092152331544,not_preferentially_represent
YBR031W,1089,53,30.991397255916432,6.506888023,not_preferentially_represent,YBR031W,18809,4707.092421328442,4326.3717107798175,preferentially_represented
YPL072W,1500,73,42.6862641449415,6.50664248,not_preferentially_represent,YPL072W,9,2.2523170711869835,4.643952724096874,not_preferentially_represent
YOR241W,1647,80,46.77946755610028,6.494141258,not_preferentially_represent,YOR241W,201,50.30174792317597,30.55999266292586,not_preferentially_represent
YHL024W,2142,104,60.81330782293036,6.491412627,not_preferentially_represent,YHL024W,86,21.5221409024534,10.052377815251472,not_preferentially_represent
YBL055C,1257,61,35.66934401152646,6.48813534,not_preferentially_represent,YBL055C,270,67.5695121356095,53.79738227357445,not_preferentially_represent
YDR257C,1485,72,42.10152080049025,6.482333728,not_preferentially_represent,YDR257C,40,10.010298094164373,6.745483890946342,not_preferentially_represent
YBR007C,2211,107,62.56753785628411,6.470239822,not_preferentially_represent,YBR007C,59,14.765189688892448,6.681081307191153,not_preferentially_represent
YDR132C,1488,72,42.10152080049025,6.469264507,not_preferentially_represent,YDR132C,37,9.259525737102043,6.226984355818455,not_preferentially_represent
YER119C-A,372,18,10.525380200122562,6.469264507,not_preferentially_represent,YER119C-A,21,5.255406499436296,14.165516170987319,not_preferentially_represent
YIL164C,600,29,16.95755698908635,6.462076435,not_preferentially_represent,YIL164C,35,8.759010832393825,24.398358864606756,not_preferentially_represent
YDL025C,1863,90,52.62690100061281,6.458847012,not_preferentially_represent,YDL025C,63,15.766219498308887,8.467357410477382,not_preferentially_represent
YKL065C,621,30,17.542300333537604,6.458847012,not_preferentially_represent,YKL065C,269,67.3192546832554,108.57944303750871,not_preferentially_represent
YDL086C-A,435,21,12.279610233476323,6.454392635,not_preferentially_represent,YDL086C-A,493,123.37692401057589,284.278626752479,not_preferentially_represent
YGR162W,2859,138,80.69458153427297,6.453425105,not_preferentially_represent,YGR162W,446,111.61482374993274,39.05347227079522,not_preferentially_represent
YPR053C,456,22,12.864353577927576,6.450348529,not_preferentially_represent,YPR053C,174,43.544796709615014,95.7028499112418,not_preferentially_represent
YNL224C,2304,111,64.90651123408914,6.441186102,not_preferentially_represent,YNL224C,36,9.009268284747934,3.9119705969378784,not_preferentially_represent
YPR086W,1038,50,29.23716722256267,6.440179824,not_preferentially_represent,YPR086W,163,40.791964733719816,39.336513725862886,not_preferentially_represent
YDR108W,2097,101,59.0590777895766,6.43944275,not_preferentially_represent,YDR108W,35,8.759010832393825,4.178917381867283,not_preferentially_represent
YFL011W,1641,79,46.194724211649024,6.43641226,not_preferentially_represent,YFL011W,4,1.0010298094164372,0.6103840301319738,not_preferentially_represent
YML020W,1995,96,56.13536106732033,6.433594377,not_preferentially_represent,YML020W,32,8.008238475331497,4.016167740888414,not_preferentially_represent
YDR119W,2307,111,64.90651123408914,6.432810047,not_preferentially_represent,YDR119W,793,198.45415971680868,86.05991314692483,not_preferentially_represent
YBL073W,312,15,8.771150166768802,6.427794863,not_preferentially_represent,YBL073W,2,0.5005149047082186,1.609372683949256,not_preferentially_represent
YDL026W,312,15,8.771150166768802,6.427794863,not_preferentially_represent,YDL026W,1,0.2502574523541093,0.804686341974628,not_preferentially_represent
YHR139C-A,312,15,8.771150166768802,6.427794863,not_preferentially_represent,YHR139C-A,1,0.2502574523541093,0.804686341974628,not_preferentially_represent
YHR171W,1893,91,53.211644345064066,6.427115751,not_preferentially_represent,YHR171W,19,4.754891594728076,2.5131562340000406,not_preferentially_represent
YIL135C,1311,63,36.838830700428964,6.42485308,not_preferentially_represent,YIL135C,104,26.026775044827367,19.867767209791882,not_preferentially_represent
YER118C,1104,53,30.991397255916432,6.418479218,not_preferentially_represent,YER118C,133,33.28424116309653,30.176102595735752,not_preferentially_represent
YKL138C,396,19,11.110123544573817,6.414809419,not_preferentially_represent,YKL138C,78,19.520081283620524,93.39751810344748,not_preferentially_represent
YNL324W,396,19,11.110123544573817,6.414809419,not_preferentially_represent,YNL324W,7,1.7518021664787649,4.434942193617126,not_preferentially_represent
YOR342C,960,46,26.898193844757657,6.40636888,not_preferentially_represent,YOR342C,90,22.523170711869835,28.048780463100666,not_preferentially_represent
YGR070W,3468,166,97.06739517890807,6.39962229,not_preferentially_represent,YGR070W,29,7.2574661182691695,2.093298563100424,not_preferentially_represent
YDR162C,711,34,19.88127371134262,6.393440966,not_preferentially_represent,YDR162C,42,10.510812998872591,14.803961970243085,not_preferentially_represent
YHL030W,5607,268,156.71121631293593,6.390422629,not_preferentially_represent,YHL030W,41,10.260555546518482,22.25717038290343,not_preferentially_represent
YJL062W,2493,119,69.58445798969916,6.381900459,not_preferentially_represent,YJL062W,255,63.815650350297865,248.30992354201504,not_preferentially_represent
YAL058W,1509,72,42.10152080049025,6.379234981,not_preferentially_represent,YAL058W,158,39.540677471949266,26.22060840314938,not_preferentially_represent
YCL021W-A,378,18,10.525380200122562,6.366577769,not_preferentially_represent,YCL021W-A,22,5.505663951790404,14.603883161247756,not_preferentially_represent
YLL042C,504,24,14.033840266830083,6.366577769,not_preferentially_represent,YLL042C,16,4.004119237665749,7.960475621601886,not_preferentially_represent
YOL061W,1491,71,41.516777456038994,6.366577769,not_preferentially_represent,YOL061W,1991,498.2625876370316,334.4044212329071,not_preferentially_represent
YBL080C,1626,77,45.025237522746515,6.331338409,not_preferentially_represent,YBL080C,11,2.752831975895202,1.6940504467047397,not_preferentially_represent
YOR097C,528,25,14.618583611281336,6.330404032,not_preferentially_represent,YOR097C,37,9.259525737102043,17.570257565658526,not_preferentially_represent
YDR348C,1500,71,41.516777456038994,6.328378302,not_preferentially_represent,YDR348C,80,20.020596188328746,13.355968104288689,not_preferentially_represent
YDR492W,951,45,26.313450500306406,6.326410086,not_preferentially_represent,YDR492W,819,204.9608534780155,215.74826681896369,not_preferentially_represent
YIL166C,1629,77,45.025237522746515,6.319678485,not_preferentially_represent,YIL166C,23,5.755921404144513,3.535578258074026,not_preferentially_represent
YER087C-A,552,26,15.20332695573259,6.297375837,not_preferentially_represent,YER087C-A,12,3.0030894282493112,5.450253045824522,not_preferentially_represent
YDR014W-A,489,23,13.449096922378828,6.28846025,not_preferentially_represent,YDR014W-A,2,0.5005149047082186,1.0256452965332348,not_preferentially_represent
YOR172W,2361,111,64.90651123408914,6.285680974,not_preferentially_represent,YOR172W,46,11.511842808289027,4.877899495037723,not_preferentially_represent
YKR052C,915,43,25.1439638114039,6.283081667,not_preferentially_represent,YKR052C,120,30.030894282493115,32.856558295944325,not_preferentially_represent
YDL029W,1299,61,35.66934401152646,6.278357292,not_preferentially_represent,YDL029W,339,84.83727634804306,65.35999718647385,not_preferentially_represent
YPR055W,3198,150,87.71150166768803,6.271019378,not_preferentially_represent,YPR055W,21,5.255406499436296,1.643855645741725,not_preferentially_represent
YPR021C,2709,127,74.26240474530918,6.267871137,not_preferentially_represent,YPR021C,27,6.756951213560951,2.4951813934863187,not_preferentially_represent
YHR205W,2475,116,67.8302279563454,6.266255937,not_preferentially_represent,YHR205W,405,101.35426820341426,40.96777211132347,not_preferentially_represent
YGR028W,1089,51,29.821910567013926,6.261345078,not_preferentially_represent,YGR028W,69,17.26776421243354,15.871106812898475,not_preferentially_represent
YDR130C,876,41,23.97447712250139,6.257561026,not_preferentially_represent,YDR130C,24,6.0061788564986225,6.864204407426998,not_preferentially_represent
YHR209W,876,41,23.97447712250139,6.257561026,not_preferentially_represent,YHR209W,84,21.021625997745183,24.024715425994494,not_preferentially_represent
YFL021C-A,855,40,23.38973377805014,6.254883422,not_preferentially_represent,YFL021C-A,285,71.32337392092114,83.51683128913483,not_preferentially_represent
YBR291C,900,42,24.559220466952645,6.239246213,not_preferentially_represent,YBR291C,165,41.292479638428034,45.931568007150204,not_preferentially_represent
YNL029C,1569,73,42.6862641449415,6.220499503,not_preferentially_represent,YNL029C,106,26.527289949535586,16.91791450863239,not_preferentially_represent
YML073C,946,44,25.72870715585515,6.218517821,not_preferentially_represent,YML073C,5497,1375.6652155905388,1455.730386868295,not_preferentially_represent
YLR320W,4365,203,118.70289892360445,6.217805505,not_preferentially_represent,YLR320W,27,6.756951213560951,1.548338958194535,not_preferentially_represent
YGL083W,2415,112,65.49125457854039,6.200493131,not_preferentially_represent,YGL083W,101,25.27600268776504,10.470589348701342,not_preferentially_represent
YMR032W,2010,93,54.38113103396657,6.186033026,not_preferentially_represent,YMR032W,37,9.259525737102043,4.609022268343476,not_preferentially_represent
YPL178W,627,29,16.95755698908635,6.183805201,not_preferentially_represent,YPL178W,216,54.05560970848761,86.35081423081087,not_preferentially_represent
YKR024C,2229,103,60.2285644784791,6.178065372,not_preferentially_represent,YKR024C,107,26.777547401889695,12.018647846449593,not_preferentially_represent
YGR126W,693,32,18.711787022440113,6.17365117,not_preferentially_represent,YGR126W,12,3.0030894282493112,4.339724607296693,not_preferentially_represent
YFR041C,888,41,23.97447712250139,6.172999391,not_preferentially_represent,YFR041C,25,6.256436308852733,7.0534794913785035,not_preferentially_represent
YLR297W,390,18,10.525380200122562,6.170683068,not_preferentially_represent,YLR297W,47,11.762100260643136,30.236761595483642,not_preferentially_represent
YGL085W,825,38,22.220247089147634,6.158217042,not_preferentially_represent,YGL085W,80,20.020596188328746,24.296840034379542,not_preferentially_represent
YIL150C,1716,79,46.194724211649024,6.155100535,not_preferentially_represent,YIL150C,15,3.7538617853116394,2.188840691143813,not_preferentially_represent
YOR128C,1716,79,46.194724211649024,6.155100535,not_preferentially_represent,YOR128C,197,49.30071811375953,28.74677441035541,not_preferentially_represent
YMR054W,2673,123,71.92343136750416,6.152214881,not_preferentially_represent,YMR054W,172,43.0442818049068,16.109386903033982,not_preferentially_represent
YGR253C,783,36,21.050760400245125,6.147040604,not_preferentially_represent,YGR253C,160,40.04119237665749,51.20357081414001,not_preferentially_represent
YNL062C,1437,66,38.59306073378273,6.140624069,not_preferentially_represent,YNL062C,219,54.80638206554994,38.16600422392057,not_preferentially_represent
YMR167W,2310,106,61.982794511832864,6.13506585,not_preferentially_represent,YMR167W,31,7.757981022977387,3.3598878401807655,not_preferentially_represent
YNL144C,2223,102,59.64382113402785,6.134597202,not_preferentially_represent,YNL144C,23,5.755921404144513,2.2554550956679127,not_preferentially_represent
YGR269W,327,15,8.771150166768802,6.132941887,not_preferentially_represent,YGR269W,4,1.0010298094164372,3.0706435871669853,not_preferentially_represent
YLR167W,459,21,12.279610233476323,6.116908052,not_preferentially_represent,YLR167W,25649,6418.8533954305485,14014.96374548155,preferentially_represented
YBR177C,1356,62,36.25408735597771,6.113041486,not_preferentially_represent,YBR177C,697,174.4294442908142,128.73021718879275,not_preferentially_represent
YPL262W,1467,67,39.17780407823398,6.10618604,not_preferentially_represent,YPL262W,1022,255.7631163058997,174.46324441057277,not_preferentially_represent
YDR420W,5409,247,144.4316060794596,6.105276185,not_preferentially_represent,YDR420W,178,44.54582651903145,8.23702413443629,not_preferentially_represent
YDR346C,1446,66,38.59306073378273,6.102404417,not_preferentially_represent,YDR346C,390,97.60040641810262,67.54353385335821,not_preferentially_represent
YKL175W,1512,69,40.347290767136485,6.101303695,not_preferentially_represent,YKL175W,988,247.25436292585997,163.63624283643944,not_preferentially_represent
YMR055C,921,42,24.559220466952645,6.096983271,not_preferentially_represent,YMR055C,84,21.021625997745183,22.84959347580998,not_preferentially_represent
YJR120W,351,16,9.355893511220057,6.094501796,not_preferentially_represent,YJR120W,80,20.020596188328746,57.20170339522498,not_preferentially_represent
YJR109C,3357,153,89.46573170104178,6.093480599,not_preferentially_represent,YJR109C,234,58.560243850861575,17.449417118850292,not_preferentially_represent
YKL155C,1887,86,50.2879276228078,6.093290647,not_preferentially_represent,YKL155C,16,4.004119237665749,2.1230748874155614,not_preferentially_represent
YGR187C,1185,54,31.576140600367683,6.092573156,not_preferentially_represent,YGR187C,96,24.02471542599449,20.291144785468322,not_preferentially_represent
YJL187C,2460,112,65.49125457854039,6.087069477,not_preferentially_represent,YJL187C,54,13.513902427121902,5.495690291631518,not_preferentially_represent
YMR121C,615,28,16.372813644635098,6.087069477,not_preferentially_represent,YMR121C,167,41.79299454313625,68.06676635689944,not_preferentially_represent
YIL068C,2418,110,64.32176788963788,6.082214494,not_preferentially_represent,YIL068C,31,7.757981022977387,20.255825125267332,not_preferentially_represent
YLR451W,2661,121,70.75394467860167,6.079471669,not_preferentially_represent,YLR451W,54,13.513902427121902,5.080414446286429,not_preferentially_represent
YFR032C-B,264,12,7.0169201334150415,6.07718787,not_preferentially_represent,YFR032C-B,38,9.509783189456153,36.15887144279906,not_preferentially_represent
YJL077C,396,18,10.525380200122562,6.07718787,not_preferentially_represent,YJL077C,27,6.756951213560951,17.106205603951775,not_preferentially_represent
YNL269W,396,18,10.525380200122562,6.07718787,not_preferentially_represent,YNL269W,5,1.2512872617705466,3.167815852583662,not_preferentially_represent
YOL138C,4026,183,107.00803203457937,6.07718787,not_preferentially_represent,YOL138C,46,11.511842808289027,2.860085169761249,not_preferentially_represent
YPR083W,1740,79,46.194724211649024,6.070202597,not_preferentially_represent,YPR083W,33,8.258495927685606,4.748991332769181,not_preferentially_represent
YAL059W,639,29,16.95755698908635,6.067677404,not_preferentially_represent,YAL059W,470,117.62100260643136,278.7227549915435,not_preferentially_represent
YMR305C,1170,53,30.991397255916432,6.05641116,not_preferentially_represent,YMR305C,5693,1424.7156762519442,4070.616217862698,preferentially_represented
YGR007W,972,44,25.72870715585515,6.052178867,not_preferentially_represent,YGR007W,209,52.30380754200884,53.86591919877327,not_preferentially_represent
YNL169C,1503,68,39.76254742268524,6.048884267,not_preferentially_represent,YNL169C,425,106.35941725049645,70.81186235053026,not_preferentially_represent
YLL032C,2478,112,65.49125457854039,6.042853476,not_preferentially_represent,YLL032C,29,7.2574661182691695,2.929941912906407,not_preferentially_represent
YJL165C,2568,116,67.8302279563454,6.039323771,not_preferentially_represent,YJL165C,129,32.283211353680095,12.576241275294157,not_preferentially_represent
YKL120W,975,44,25.72870715585515,6.033556778,not_preferentially_represent,YKL120W,618,154.65910555483956,158.78758270517406,not_preferentially_represent
YDL209C,1020,46,26.898193844757657,6.029523652,not_preferentially_represent,YDL209C,23,5.755921404144513,5.6485980413586985,not_preferentially_represent
YJR073C,621,28,16.372813644635098,6.028257211,not_preferentially_represent,YJR073C,909,227.48402418988536,366.90971643529895,not_preferentially_represent
YNL295W,1575,71,41.516777456038994,6.027026955,not_preferentially_represent,YNL295W,17,4.254376690019858,2.7029076810799606,not_preferentially_represent
YDR102C,333,15,8.771150166768802,6.02243843,not_preferentially_represent,YDR102C,1,0.2502574523541093,0.7537875070906906,not_preferentially_represent
YER092W,378,17,9.94063685567131,6.012879004,not_preferentially_represent,YER092W,94,23.52420052128627,62.39840987078587,not_preferentially_represent
YGL174W,801,36,21.050760400245125,6.008904861,not_preferentially_represent,YGL174W,29,7.2574661182691695,9.071832647836462,not_preferentially_represent
YNL273W,3717,167,97.65213852335933,6.00688411,not_preferentially_represent,YNL273W,35,8.759010832393825,2.357107328415992,not_preferentially_represent
YGR071C,2583,116,67.8302279563454,6.004252205,not_preferentially_represent,YGR071C,28,7.007208665915059,2.71386857703914,not_preferentially_represent
YML056C,1983,89,52.04215765616156,6.000571785,not_preferentially_represent,YML056C,3104,776.7991321071552,391.92690822762626,not_preferentially_represent
YDR411C,1026,46,26.898193844757657,5.994263279,not_preferentially_represent,YDR411C,276,69.07105684973416,67.38639692656992,not_preferentially_represent
YNR002C,849,38,22.220247089147634,5.984133168,not_preferentially_represent,YNR002C,42,10.510812998872591,12.394826649613904,not_preferentially_represent
YML128C,1542,69,40.347290767136485,5.982601289,not_preferentially_represent,YML128C,57,14.264674784184228,9.256764947556281,not_preferentially_represent
YNR050C,1341,60,35.08460066707521,5.98201938,not_preferentially_represent,YNR050C,536,134.13799446180258,100.10298094164372,not_preferentially_represent
YIR009W,336,15,8.771150166768802,5.968666658,not_preferentially_represent,YIR009W,15,3.7538617853116394,11.205557568094445,not_preferentially_represent
YMR176W,4236,189,110.51649210128691,5.965284977,not_preferentially_represent,YMR176W,27,6.756951213560951,1.5955020575114405,not_preferentially_represent
YBR036C,1233,55,32.16088394481894,5.963825891,not_preferentially_represent,YBR036C,1275,319.07825175148935,258.9920874606245,not_preferentially_represent
YLR031W,561,25,14.618583611281336,5.958027324,not_preferentially_represent,YLR031W,7,1.7518021664787649,2.2146677199478697,not_preferentially_represent
YGR285C,1302,58,33.9151139781727,5.955830816,not_preferentially_represent,YGR285C,3085,772.0442405124272,593.4237052363006,not_preferentially_represent
YNL042W,1191,53,30.991397255916432,5.949623054,not_preferentially_represent,YNL042W,76,19.019566378912305,74.00609485958095,not_preferentially_represent
YOR149C,1551,69,40.347290767136485,5.947886001,not_preferentially_represent,YOR149C,79,19.770338735974633,12.755057249015893,not_preferentially_represent
YHR095W,495,22,12.864353577927576,5.942139251,not_preferentially_represent,YHR095W,1,0.2502574523541093,0.5065940331054843,not_preferentially_represent
YOL083W,1239,55,32.16088394481894,5.934945378,not_preferentially_represent,YOL083W,17,4.254376690019858,3.4364916720677368,not_preferentially_represent
YML130C,1692,75,43.85575083384401,5.926335689,not_preferentially_represent,YML130C,177,44.29556906667734,26.194895959004935,not_preferentially_represent
YJL093C,2076,92,53.79638768951531,5.924965438,not_preferentially_represent,YJL093C,335,83.83624653862661,40.40301038006102,not_preferentially_represent
YDL213C,678,30,17.542300333537604,5.915846599,not_preferentially_represent,YDL213C,112,28.028834663660238,41.401528306735955,not_preferentially_represent
YIL036W,1764,78,45.60998086719777,5.911822214,not_preferentially_represent,YIL036W,67,16.767249307725322,9.51063488810285,not_preferentially_represent
YML031W,1968,87,50.872670967259054,5.910435764,not_preferentially_represent,YML031W,353,88.34088068100057,263.70412143582263,not_preferentially_represent
YPR179C,1968,87,50.872670967259054,5.910435764,not_preferentially_represent,YPR179C,11,2.752831975895202,1.3995078677657358,not_preferentially_represent
YBR227C,1563,69,40.347290767136485,5.902220849,not_preferentially_represent,YBR227C,20,5.005149047082186,3.2043207727798886,not_preferentially_represent
YJL141C,2424,107,62.56753785628411,5.901691521,not_preferentially_represent,YJL141C,150,37.53861785311639,95.76178023754181,not_preferentially_represent
YGR246C,1791,79,46.194724211649024,5.897349257,not_preferentially_represent,YGR246C,15,3.7538617853116394,2.097129489000916,not_preferentially_represent
YLR425W,3924,173,101.16059859006685,5.894438592,not_preferentially_represent,YLR425W,12,3.0030894282493112,0.7655083936398959,not_preferentially_represent
YOL033W,1611,71,41.516777456038994,5.892344788,not_preferentially_represent,YOL033W,41,10.260555546518482,6.373015867402783,not_preferentially_represent
YER117W,885,39,22.804990433598885,5.891782139,not_preferentially_represent,YER117W,6644,1662.710513440702,1880.894245973645,not_preferentially_represent
YNL235C,432,19,11.110123544573817,5.880241967,not_preferentially_represent,YNL235C,41,10.260555546518482,23.806393379393228,not_preferentially_represent
YGL237C,798,35,20.46601705579387,5.863953208,not_preferentially_represent,YGL237C,30,7.507723570623279,9.41997938597651,not_preferentially_represent
YLR163W-A,114,5,2.9237167222562674,5.863953208,not_preferentially_represent,YLR163W-A,3,0.7507723570623278,6.644003159843609,not_preferentially_represent
YML092C,753,33,19.296530366891364,5.859280735,not_preferentially_represent,YML092C,720,180.18536569495868,239.60819906244507,not_preferentially_represent
YDR285W,2628,115,67.24548461189416,5.850565187,not_preferentially_represent,YDR285W,10,2.502574523541093,0.9526359054210479,not_preferentially_represent
YDR199W,366,16,9.355893511220057,5.844727132,not_preferentially_represent,YDR199W,8,2.0020596188328743,5.485094846117464,not_preferentially_represent
YIL106W,1030,45,26.313450500306406,5.841180574,not_preferentially_represent,YIL106W,171,42.79402435255269,41.58797313173245,not_preferentially_represent
YBR213W,825,36,21.050760400245125,5.834100355,not_preferentially_represent,YBR213W,23,5.755921404144513,6.985341509884119,not_preferentially_represent
YNL317W,1398,61,35.66934401152646,5.833752591,not_preferentially_represent,YNL317W,67,16.767249307725322,12.002325918199945,not_preferentially_represent
YCR086W,573,25,14.618583611281336,5.833251882,not_preferentially_represent,YCR086W,43,10.7610704512267,18.813060229417307,not_preferentially_represent
YDL183C,963,42,24.559220466952645,5.831071228,not_preferentially_represent,YDL183C,11,2.752831975895202,2.861571700514763,not_preferentially_represent
YIL039W,1422,62,36.25408735597771,5.829313822,not_preferentially_represent,YIL039W,475,118.8722898682019,83.65396894313999,not_preferentially_represent
YGR257C,1101,48,28.067680533660166,5.828801445,not_preferentially_represent,YGR257C,131,32.78372625838831,29.803387507625743,not_preferentially_represent
YHR149C,2205,96,56.13536106732033,5.820871103,not_preferentially_represent,YHR149C,108,27.027804854243804,12.263069353105173,not_preferentially_represent
YGL244W,1677,73,42.6862641449415,5.819894884,not_preferentially_represent,YGL244W,50,12.512872617705465,7.465914449704931,not_preferentially_represent
YMR024W,1173,51,29.821910567013926,5.812962311,not_preferentially_represent,YMR024W,200,50.05149047082186,42.70604988977974,not_preferentially_represent
YMR072W,552,24,14.033840266830083,5.812962311,not_preferentially_represent,YMR072W,376,94.09680208514509,170.774595435835,not_preferentially_represent
YFL050C,2577,112,65.49125457854039,5.810706602,not_preferentially_represent,YFL050C,17,4.254376690019858,1.6515437461257212,not_preferentially_represent
YLR303W,1335,58,33.9151139781727,5.808608032,not_preferentially_represent,YLR303W,919,229.98659871342645,172.4037471614891,not_preferentially_represent
YIL048W,3456,150,87.71150166768803,5.802870362,not_preferentially_represent,YIL048W,131,32.78372625838831,9.488777498809933,not_preferentially_represent
YPR066W,900,39,22.804990433598885,5.79358577,not_preferentially_represent,YPR066W,48,12.012357712997245,13.36191069298915,not_preferentially_represent
YOR227W,3741,162,94.72842180110305,5.789654523,not_preferentially_represent,YOR227W,71,17.76827911714176,4.75087676928924,not_preferentially_represent
YGL109W,324,14,8.186406822317549,5.777079827,not_preferentially_represent,YGL109W,20,5.005149047082186,15.495817483226581,not_preferentially_represent
YMR215W,1575,68,39.76254742268524,5.772363844,not_preferentially_represent,YMR215W,813,203.45930876389085,129.26258498341224,not_preferentially_represent
YGL205W,2247,97,56.72010441177159,5.771570501,not_preferentially_represent,YGL205W,45,11.261585355934917,5.014062936747515,not_preferentially_represent
YOL088C,834,36,21.050760400245125,5.771142438,not_preferentially_represent,YOL088C,88,22.022655807161616,26.43776207342331,not_preferentially_represent
YJR051W,1506,65,38.00831738933148,5.770503755,not_preferentially_represent,YJR051W,63,15.766219498308887,10.475893354358064,not_preferentially_represent
YOL093W,882,38,22.220247089147634,5.760237029,not_preferentially_represent,YOL093W,115,28.779607020722565,32.66697732204605,not_preferentially_represent
YHR178W,2232,96,56.13536106732033,5.75045734,not_preferentially_represent,YHR178W,35,8.759010832393825,3.9260469889707865,not_preferentially_represent
YGR233C,3537,152,88.88098835659054,5.745579937,not_preferentially_represent,YGR233C,188,47.04840104257254,13.305543281270516,not_preferentially_represent
YMR130W,909,39,22.804990433598885,5.736223534,not_preferentially_represent,YMR130W,100,25.02574523541093,27.561393431069305,not_preferentially_represent
YMR263W,606,26,15.20332695573259,5.736223534,not_preferentially_represent,YMR263W,108,27.027804854243804,44.67405761032034,not_preferentially_represent
YBR023C,3498,150,87.71150166768803,5.733196104,not_preferentially_represent,YBR023C,633,158.41296734015117,45.29967610527629,not_preferentially_represent
YDR135C,4548,195,114.02495216799443,5.732439746,not_preferentially_represent,YDR135C,266,66.56848232619306,14.640088481678704,not_preferentially_represent
YIL026C,3453,148,86.54201497878552,5.730473126,not_preferentially_represent,YIL026C,29,7.2574661182691695,2.102394588142865,not_preferentially_represent
YDR212W,1680,72,42.10152080049025,5.729919992,not_preferentially_represent,YDR212W,937,234.4912328558004,139.66124648945825,not_preferentially_represent
YCL017C,1494,64,37.423574044880226,5.727363133,not_preferentially_represent,YCL017C,392,98.10092132281085,65.70724803939105,not_preferentially_represent
YDL096C,327,14,8.186406822317549,5.724079095,not_preferentially_represent,YDL096C,58,14.514932236538339,44.52433201392128,not_preferentially_represent
YAL056C-A,351,15,8.771150166768802,5.713595434,not_preferentially_represent,YAL056C-A,36,9.009268284747934,25.740766527851243,not_preferentially_represent
YDR510C-A,117,5,2.9237167222562674,5.713595434,not_preferentially_represent,YDR510C-A,179,44.79608397138556,386.1731376843583,not_preferentially_represent
YLR264C-A,117,5,2.9237167222562674,5.713595434,not_preferentially_represent,YLR264C-A,336,84.08650399098073,724.8836550946614,not_preferentially_represent
YOR345C,351,15,8.771150166768802,5.713595434,not_preferentially_represent,YOR345C,2,0.5005149047082186,1.4300425848806244,not_preferentially_represent
YLR019W,1194,51,29.821910567013926,5.71072428,not_preferentially_represent,YLR019W,244,61.06281837440266,51.18425681006091,not_preferentially_represent
YLR354C,1008,43,25.1439638114039,5.703392585,not_preferentially_represent,YLR354C,1989,497.7620727323234,494.30195901918904,not_preferentially_represent
YMR031C,2532,108,63.152281200735366,5.702763973,not_preferentially_represent,YMR031C,48,12.012357712997245,4.746091549979157,not_preferentially_represent
YBR137W,540,23,13.449096922378828,5.694550115,not_preferentially_represent,YBR137W,149,37.288360400762286,69.18063154130294,not_preferentially_represent
YML021C,1080,46,26.898193844757657,5.694550115,not_preferentially_represent,YML021C,115,28.779607020722565,26.67248102013213,not_preferentially_represent
YPL162C,822,35,20.46601705579387,5.692742896,not_preferentially_represent,YPL162C,84,21.021625997745183,25.604903773136638,not_preferentially_represent
YGL108C,423,18,10.525380200122562,5.689282262,not_preferentially_represent,YGL108C,36,9.009268284747934,27.892471469807848,not_preferentially_represent
YAL035W,3009,128,74.84714808976045,5.687391506,not_preferentially_represent,YAL035W,523,130.88464758119918,43.51218337140929,not_preferentially_represent
YOR226C,471,20,11.69486688902507,5.677203106,not_preferentially_represent,YOR226C,173,43.29453925726091,92.11604097289555,not_preferentially_represent
YKR020W,495,21,12.279610233476323,5.672042012,not_preferentially_represent,YKR020W,41,10.260555546518482,20.77035535732486,not_preferentially_represent
YOR199W,330,14,8.186406822317549,5.672042012,not_preferentially_represent,YOR199W,2,0.5005149047082186,1.521321898809175,not_preferentially_represent
YER065C,1674,71,41.516777456038994,5.670589877,not_preferentially_represent,YER065C,80,20.020596188328746,11.966883555486397,not_preferentially_represent
YGR267C,732,31,18.127043677988855,5.662079409,not_preferentially_represent,YGR267C,414,103.60658527460124,141.73267479425616,not_preferentially_represent
YPR104C,2811,119,69.58445798969916,5.659935199,not_preferentially_represent,YPR104C,27,6.756951213560951,2.4046089727974915,not_preferentially_represent
YNL013C,378,16,9.355893511220057,5.659180239,not_preferentially_represent,YNL013C,5,1.2512872617705466,3.3190643548290355,not_preferentially_represent
YLL022C,1158,49,28.65242387811142,5.657347603,not_preferentially_represent,YLL022C,192,48.04943085198898,41.529326579074315,not_preferentially_represent
YJL030W,591,25,14.618583611281336,5.655589389,not_preferentially_represent,YJL030W,43,10.7610704512267,18.23910245970627,not_preferentially_represent
YIR008C,1230,52,30.40665391146518,5.6522788,not_preferentially_represent,YIR008C,134,33.534498615450644,27.28600375545211,not_preferentially_represent
YOR346W,2958,125,73.09291805640667,5.649853497,not_preferentially_represent,YOR346W,47,11.762100260643136,3.977713987366634,not_preferentially_represent
YBL083C,426,18,10.525380200122562,5.649216894,not_preferentially_represent,YBL083C,10,2.502574523541093,5.888410643626101,not_preferentially_represent
YPR114W,948,40,23.38973377805014,5.641271441,not_preferentially_represent,YPR114W,672,168.17300798196146,177.5850137085126,not_preferentially_represent
YMR212C,2349,99,57.88959110067409,5.634787221,not_preferentially_represent,YMR212C,106,26.527289949535586,11.297823658234917,not_preferentially_represent
YIR039C,1614,68,39.76254742268524,5.632882933,not_preferentially_represent,YIR039C,33,8.258495927685606,5.119960277548423,not_preferentially_represent
YDR386W,1899,80,46.77946755610028,5.63235948,not_preferentially_represent,YDR386W,10,2.502574523541093,1.3185324149320827,not_preferentially_represent
YBL029C-A,285,12,7.0169201334150415,5.62939508,not_preferentially_represent,YBL029C-A,34,8.508753380039716,29.960399225491958,not_preferentially_represent
YOR096W,974,41,23.97447712250139,5.627950163,not_preferentially_represent,YOR096W,7951,1989.797003667523,2045.0123367600443,not_preferentially_represent
YGR066C,879,37,21.63550374469638,5.627794,not_preferentially_represent,YGR066C,8,2.0020596188328743,2.2802501353449594,not_preferentially_represent
YJR002W,1782,75,43.85575083384401,5.627025806,not_preferentially_represent,YJR002W,132,33.033983710742426,18.547997591657737,not_preferentially_represent
YPL249C,2685,113,66.07599792299165,5.626774319,not_preferentially_represent,YPL249C,63,15.766219498308887,29.196702774646084,not_preferentially_represent
YJR013W,1212,51,29.821910567013926,5.625911543,not_preferentially_represent,YJR013W,111,27.778577211306132,44.58840643869363,not_preferentially_represent
YLR377C,1047,44,25.72870715585515,5.618641699,not_preferentially_represent,YLR377C,7,1.7518021664787649,1.6747630654672705,not_preferentially_represent
YAL064C-A,381,16,9.355893511220057,5.614619765,not_preferentially_represent,YAL064C-A,2,0.5005149047082186,1.3171444860742594,not_preferentially_represent
YAL010C,1482,62,36.25408735597771,5.593309214,not_preferentially_represent,YAL010C,21,5.255406499436296,3.5485526667361884,not_preferentially_represent
YGR227W,1578,66,38.59306073378273,5.591937128,not_preferentially_represent,YGR227W,271,67.81976958796362,43.00556093085835,not_preferentially_represent
YKL089W,1650,69,40.347290767136485,5.591012841,not_preferentially_represent,YKL089W,5,1.2512872617705466,0.7588158045909924,not_preferentially_represent
YIL005W,2106,88,51.4574143117103,5.586626646,not_preferentially_represent,YIL005W,61,15.265704593600665,7.252116196484877,not_preferentially_represent
YHR076W,1125,47,27.482937189208915,5.585610896,not_preferentially_represent,YHR076W,143,35.78681568663763,31.83880399167049,not_preferentially_represent
YPL204W,1485,62,36.25408735597771,5.582009599,not_preferentially_represent,YPL204W,146,36.537588043699955,24.62101620195415,not_preferentially_represent
YHR032C-A,120,5,2.9237167222562674,5.570755548,not_preferentially_represent,YHR032C-A,37,9.259525737102043,51.72919406202259,not_preferentially_represent
YIL165C,360,15,8.771150166768802,5.570755548,not_preferentially_represent,YIL165C,24,6.0061788564986225,16.730303221444633,not_preferentially_represent
YJR010W,1536,64,37.423574044880226,5.570755548,not_preferentially_represent,YJR010W,87,21.772398354807507,14.183972869581439,not_preferentially_represent
YJR076C,1248,52,30.40665391146518,5.570755548,not_preferentially_represent,YJR076C,185,46.29762868551022,37.127208248203864,not_preferentially_represent
YMR172C-A,384,16,9.355893511220057,5.570755548,not_preferentially_represent,YMR172C-A,8,2.0020596188328743,5.227309709746408,not_preferentially_represent
YOL038C-A,96,4,2.338973377805014,5.570755548,not_preferentially_represent,YOL038C-A,3,0.7507723570623278,7.902866916445556,not_preferentially_represent
YGR056W,2787,116,67.8302279563454,5.56475904,not_preferentially_represent,YGR056W,65,16.266734403017104,5.8387417096256655,not_preferentially_represent
YDR419W,1899,79,46.194724211649024,5.561954986,not_preferentially_represent,YDR419W,41,10.260555546518482,5.405982901221539,not_preferentially_represent
YDL170W,1587,66,38.59306073378273,5.560224819,not_preferentially_represent,YDL170W,63,15.766219498308887,9.940869797168276,not_preferentially_represent
YPR084W,1371,57,33.33037063372145,5.558565711,not_preferentially_represent,YPR084W,58,14.514932236538339,10.59484104856813,not_preferentially_represent
YFL030W,1158,48,28.067680533660166,5.541891529,not_preferentially_represent,YFL030W,27,6.756951213560951,5.840061550182326,not_preferentially_represent
YDL137W,917,38,22.220247089147634,5.540380654,not_preferentially_represent,YDL137W,653,163.41811638723337,178.4040571913028,not_preferentially_represent
YPL138C,1062,44,25.72870715585515,5.539282353,not_preferentially_represent,YPL138C,29,7.2574661182691695,6.840213118067077,not_preferentially_represent
YIL066C,2610,108,63.152281200735366,5.532336544,not_preferentially_represent,YIL066C,9,2.2523170711869835,0.8632874937474065,not_preferentially_represent
YBR226C,411,17,9.94063685567131,5.530093099,not_preferentially_represent,YBR226C,24,6.0061788564986225,14.649216723167372,not_preferentially_represent
YNR051C,1548,64,37.423574044880226,5.527571396,not_preferentially_represent,YNR051C,69,17.26776421243354,11.162097099181345,not_preferentially_represent
YPR112C,2664,110,64.32176788963788,5.520568561,not_preferentially_represent,YPR112C,138,34.53552842486708,12.9686550600327,not_preferentially_represent
YBL079W,4509,186,108.76226206793314,5.515159185,not_preferentially_represent,YBL079W,122,30.53140918720133,6.772717211002957,not_preferentially_represent
YIL067C,2037,84,49.11844093390529,5.513325078,not_preferentially_represent,YIL067C,152,38.03913275782461,18.683267562782227,not_preferentially_represent
YNL027W,2037,84,49.11844093390529,5.513325078,not_preferentially_represent,YNL027W,49,12.262615165351356,6.022895464317955,not_preferentially_represent
YNL074C,1359,56,32.745627289270196,5.50926818,not_preferentially_represent,YNL074C,350,87.59010832393824,64.49934339023436,not_preferentially_represent
YHR006W,1626,67,39.17780407823398,5.509086667,not_preferentially_represent,YHR006W,116,29.029864473076678,17.864531983431803,not_preferentially_represent
YBL074C,1068,44,25.72870715585515,5.508162789,not_preferentially_represent,YBL074C,2,0.5005149047082186,0.4690861337471589,not_preferentially_represent
YOR039W,777,32,18.711787022440113,5.506229422,not_preferentially_represent,YOR039W,211,52.80432244671706,68.04680727669724,not_preferentially_represent
YKL070W,510,21,12.279610233476323,5.505217247,not_preferentially_represent,YKL070W,33,8.258495927685606,16.224942883468774,not_preferentially_represent
YKR082W,3474,143,83.61829825652924,5.503406172,not_preferentially_represent,YKR082W,76,19.019566378912305,5.476408401644775,not_preferentially_represent
YGR271W,5904,243,142.0926327016546,5.502819504,not_preferentially_represent,YGR271W,54,13.513902427121902,2.2893278717807726,not_preferentially_represent
YJL126W,924,38,22.220247089147634,5.498408073,not_preferentially_represent,YJL126W,78,19.520081283620524,21.148517100347263,not_preferentially_represent
YLR018C,900,37,21.63550374469638,5.496478807,not_preferentially_represent,YLR018C,221,55.30689697025816,61.52046381563755,not_preferentially_represent
YJR074W,657,27,15.788070300183842,5.494443828,not_preferentially_represent,YJR074W,203,50.802262827884185,77.44247382299419,not_preferentially_represent
YOR269W,1485,61,35.66934401152646,5.491977186,not_preferentially_represent,YOR269W,73,18.268794021849978,12.310508100977074,not_preferentially_represent
YKL222C,2118,87,50.872670967259054,5.491849662,not_preferentially_represent,YKL222C,22,5.505663951790404,2.6006915218660387,not_preferentially_represent
YMR186W,2118,87,50.872670967259054,5.491849662,not_preferentially_represent,YMR186W,1746,436.9495118102748,206.40033623536837,not_preferentially_represent
YLR262C-A,195,8,4.677946755610028,5.485051616,not_preferentially_represent,YLR262C-A,600,150.15447141246557,773.9921206828122,not_preferentially_represent
YMR175W-A,195,8,4.677946755610028,5.485051616,not_preferentially_represent,YMR175W-A,1,0.2502574523541093,1.289986867804687,not_preferentially_represent
YPL165C,1122,46,26.898193844757657,5.481385138,not_preferentially_represent,YPL165C,29,7.2574661182691695,6.474100016297207,not_preferentially_represent
YOR284W,732,30,17.542300333537604,5.479431686,not_preferentially_represent,YOR284W,17,4.254376690019858,5.819940752421147,not_preferentially_represent
YBL019W,1563,64,37.423574044880226,5.474523686,not_preferentially_represent,YBL019W,31,7.757981022977387,4.966697197808827,not_preferentially_represent
YPL160W,3273,134,78.35560815646797,5.47373964,not_preferentially_represent,YPL160W,587,146.90112453186217,44.89643170289185,not_preferentially_represent
YNL265C,1002,41,23.97447712250139,5.470682095,not_preferentially_represent,YNL265C,31,7.757981022977387,18.51546783526823,not_preferentially_represent
YLL013C,2640,108,63.152281200735366,5.469469083,not_preferentially_represent,YLL013C,36,9.009268284747934,3.413894764967008,not_preferentially_represent
YGL114W,2178,89,52.04215765616156,5.46333051,not_preferentially_represent,YGL114W,349,87.33985087158413,40.11936190702074,not_preferentially_represent
YOR144C,2376,97,56.72010441177159,5.458215032,not_preferentially_represent,YOR144C,16,4.004119237665749,1.685944942175052,not_preferentially_represent
YOR270C,2523,103,60.2285644784791,5.458148123,not_preferentially_represent,YOR270C,2478,620.1379669334829,245.89134295538574,not_preferentially_represent
YOR151C,3675,150,87.71150166768803,5.457066659,not_preferentially_represent,YOR151C,277,69.32131430208827,18.868076837803013,not_preferentially_represent
YKR023W,1593,65,38.00831738933148,5.455353832,not_preferentially_represent,YKR023W,20,5.005149047082186,3.143937843644589,not_preferentially_represent
YHR139C,981,40,23.38973377805014,5.4515039,not_preferentially_represent,YHR139C,3,0.7507723570623278,0.7660942419003346,not_preferentially_represent
YBR055C,2700,110,64.32176788963788,5.44696098,not_preferentially_represent,YBR055C,87,21.772398354807507,8.066838960654875,not_preferentially_represent
YAL030W,467,19,11.110123544573817,5.439538608,not_preferentially_represent,YAL030W,143,35.78681568663763,76.79574181681895,not_preferentially_represent
YDR111C,1524,62,36.25408735597771,5.439162897,not_preferentially_represent,YDR111C,90,22.523170711869835,14.788687269776648,not_preferentially_represent
YGL105W,1131,46,26.898193844757657,5.437766689,not_preferentially_represent,YGL105W,2471,618.3861647670041,547.2443935991187,not_preferentially_represent
YPL136W,369,15,8.771150166768802,5.434883461,not_preferentially_represent,YPL136W,7,1.7518021664787649,4.760331974127079,not_preferentially_represent
YER121W,345,14,8.186406822317549,5.42543149,not_preferentially_represent,YER121W,5,1.2512872617705466,3.6374629702632166,not_preferentially_represent
YLR200W,345,14,8.186406822317549,5.42543149,not_preferentially_represent,YLR200W,48,12.012357712997245,34.91964451452688,not_preferentially_represent
YGR178C,2169,88,51.4574143117103,5.424359482,not_preferentially_represent,YGR178C,371,92.84551482337454,42.825421966501175,not_preferentially_represent
YNL302C,986,40,23.38973377805014,5.423859357,not_preferentially_represent,YNL302C,5616,1405.4458524206777,1426.8485811377438,not_preferentially_represent
YOR171C,1875,76,44.44049417829527,5.419230997,not_preferentially_represent,YOR171C,129,32.283211353680095,17.226900402177215,not_preferentially_represent
YDR170C,6030,244,142.67737604610585,5.410007378,not_preferentially_represent,YDR170C,98,24.525230330702712,4.067876983032462,not_preferentially_represent
YKL022C,2523,102,59.64382113402785,5.405156394,not_preferentially_represent,YKL022C,46,11.511842808289027,4.564568916847354,not_preferentially_represent
YNL229C,1065,43,25.1439638114039,5.398140587,not_preferentially_represent,YNL229C,75,18.769308926558196,17.640327938494547,not_preferentially_represent
YMR057C,372,15,8.771150166768802,5.391053756,not_preferentially_represent,YMR057C,3,0.7507723570623278,2.0236451672839024,not_preferentially_represent
YDR441C,546,22,12.864353577927576,5.387104266,not_preferentially_represent,YDR441C,466,116.61997279701492,213.98160146241273,not_preferentially_represent
YBR255W,2085,84,49.11844093390529,5.386399609,not_preferentially_represent,YBR255W,28,7.007208665915059,3.362384196696286,not_preferentially_represent
YLL008W,2259,91,53.211644345064066,5.385803504,not_preferentially_represent,YLL008W,125,31.28218154426366,13.853933367698698,not_preferentially_represent
YGL156W,3252,131,76.6013781231142,5.385748906,not_preferentially_represent,YGL156W,47,11.762100260643136,3.617994543415299,not_preferentially_represent
YHR120W,2880,116,67.8302279563454,5.385063696,not_preferentially_represent,YHR120W,24,6.0061788564986225,2.086203145709838,not_preferentially_represent
YLL031C,3054,123,71.92343136750416,5.384698879,not_preferentially_represent,YLL031C,396,99.10195113222728,32.46051461913766,not_preferentially_represent
YER082C,1665,67,39.17780407823398,5.380044997,not_preferentially_represent,YER082C,93,23.273943068932162,13.986744632771734,not_preferentially_represent
YOL149W,696,28,16.372813644635098,5.378660529,not_preferentially_represent,YOL149W,56,14.014417331830119,20.164629254431826,not_preferentially_represent
YPR020W,348,14,8.186406822317549,5.378660529,not_preferentially_represent,YPR020W,198,49.55097556611364,142.79820047871365,not_preferentially_represent
YDR005C,1268,51,29.821910567013926,5.377448573,not_preferentially_represent,YDR005C,85,21.271883450099292,16.789173993764237,not_preferentially_represent
YIL035C,1119,45,26.313450500306406,5.376600529,not_preferentially_represent,YIL035C,45,11.261585355934917,10.072974379190445,not_preferentially_represent
YJR129C,1020,41,23.97447712250139,5.374140646,not_preferentially_represent,YJR129C,119,29.780636830139006,29.225355083551527,not_preferentially_represent
YML068W,1395,56,32.745627289270196,5.367093517,not_preferentially_represent,YML068W,18,4.504634142373967,3.2314448654045678,not_preferentially_represent
YER058W,324,13,7.601663477866295,5.364431268,not_preferentially_represent,YER058W,8,2.0020596188328743,6.198326993290633,not_preferentially_represent
YMR187C,1296,52,30.40665391146518,5.364431268,not_preferentially_represent,YMR187C,29,7.2574661182691695,5.604220940748394,not_preferentially_represent
YOR161C,1620,65,38.00831738933148,5.364431268,not_preferentially_represent,YOR161C,318,79.58186984860676,49.154953581597745,not_preferentially_represent
YBL067C,2244,90,52.62690100061281,5.362224591,not_preferentially_represent,YBL067C,79,19.770338735974633,8.814239293791633,not_preferentially_represent
YDR113C,1122,45,26.313450500306406,5.362224591,not_preferentially_represent,YDR113C,44,11.011327903580808,9.8227724385199,not_preferentially_represent
YHR182C-A,474,19,11.110123544573817,5.359207869,not_preferentially_represent,YHR182C-A,1241,310.56949837144964,656.5951339776948,not_preferentially_represent
YMR274C,948,38,22.220247089147634,5.359207869,not_preferentially_represent,YMR274C,97,24.2749728783486,25.633551085901374,not_preferentially_represent
YMR152W,1098,44,25.72870715585515,5.357666538,not_preferentially_represent,YMR152W,65,16.266734403017104,14.828381406578947,not_preferentially_represent
YDR391C,699,28,16.372813644635098,5.355576149,not_preferentially_represent,YDR391C,126,31.532438996617774,45.175414035269014,not_preferentially_represent
YKR106W,1848,74,43.27100748939276,5.353713124,not_preferentially_represent,YKR106W,2,0.5005149047082186,0.2709880371999018,not_preferentially_represent
YPR097W,3222,129,75.4318914342117,5.352904772,not_preferentially_represent,YPR097W,39,9.760040641810262,3.0301274889196717,not_preferentially_represent
YBR062C,625,25,14.618583611281336,5.347925326,not_preferentially_represent,YBR062C,56,14.014417331830119,22.45900213434314,not_preferentially_represent
YBR109W-A,225,9,5.262690100061281,5.347925326,not_preferentially_represent,YBR109W-A,6,1.5015447141246556,6.703324616627928,not_preferentially_represent
YDR468C,675,27,15.788070300183842,5.347925326,not_preferentially_represent,YDR468C,33,8.258495927685606,12.25296131704096,not_preferentially_represent
YHR163W,750,30,17.542300333537604,5.347925326,not_preferentially_represent,YHR163W,1258,314.8238750614695,420.3256008831368,not_preferentially_represent
YPL047W,300,12,7.0169201334150415,5.347925326,not_preferentially_represent,YPL047W,61,15.265704593600665,51.055868206022296,not_preferentially_represent
YJR125C,1227,49,28.65242387811142,5.339208251,not_preferentially_represent,YJR125C,183,45.797113780802,37.354905204569334,not_preferentially_represent
YBR053C,1077,43,25.1439638114039,5.337994174,not_preferentially_represent,YBR053C,134,33.534498615450644,31.165890906552644,not_preferentially_represent
YAL038W,1503,60,35.08460066707521,5.337250824,not_preferentially_represent,YAL038W,70946,17754.765214714636,11820.749144284046,preferentially_represented
YDR006C,2706,108,63.152281200735366,5.336067398,not_preferentially_represent,YDR006C,249,62.31410563617322,23.036637943132426,not_preferentially_represent
YDR483W,1329,53,30.991397255916432,5.331829238,not_preferentially_represent,YDR483W,1596,399.4108939571584,300.7612153291856,not_preferentially_represent
YOR032C,1305,52,30.40665391146518,5.327435191,not_preferentially_represent,YOR032C,74,18.519051474204087,14.201726590647306,not_preferentially_represent
YOL070C,1506,60,35.08460066707521,5.32661885,not_preferentially_represent,YOL070C,97,24.2749728783486,16.129550085281462,not_preferentially_represent
YOR341W,4995,199,116.36392554579943,5.326512211,not_preferentially_represent,YOR341W,646,161.6663142207546,32.3721093754014,not_preferentially_represent
YGR208W,930,37,21.63550374469638,5.319173039,not_preferentially_represent,YGR208W,205,51.3027777325924,55.22365740860323,not_preferentially_represent
YGL065C,1512,60,35.08460066707521,5.305481474,not_preferentially_represent,YGL065C,108,27.027804854243804,17.88736257726261,not_preferentially_represent
YJL185C,882,35,20.46601705579387,5.305481474,not_preferentially_represent,YJL185C,18,4.504634142373967,5.1130921025811205,not_preferentially_represent
YKL122C,504,20,11.69486688902507,5.305481474,not_preferentially_represent,YKL122C,69,17.26776421243354,34.329551118158136,not_preferentially_represent
YKL056C,504,20,11.69486688902507,5.305481474,not_preferentially_represent,YKL056C,15550,3891.5033841063996,7736.587244744333,preferentially_represented
YLR105C,1134,45,26.313450500306406,5.305481474,not_preferentially_represent,YLR105C,68,17.01750676007943,15.019864748525535,not_preferentially_represent
YAL036C,1110,44,25.72870715585515,5.299745818,not_preferentially_represent,YAL036C,534,133.63747955709437,120.50268670612657,not_preferentially_represent
YBR278W,606,24,14.033840266830083,5.29497557,not_preferentially_represent,YBR278W,83,20.771368545391073,51.798924053344315,not_preferentially_represent
YDL172C,480,19,11.110123544573817,5.29221777,not_preferentially_represent,YDL172C,52,13.013387522413684,27.167823637606855,not_preferentially_represent
YLR118C,684,27,15.788070300183842,5.277557887,not_preferentially_represent,YLR118C,188,47.04840104257254,68.88492099937416,not_preferentially_represent
YML054C,1776,70,40.93203411158774,5.269633626,not_preferentially_represent,YML054C,26,6.506693761206842,3.6657429640601924,not_preferentially_represent
YPR088C,1626,64,37.423574044880226,5.262411145,not_preferentially_represent,YPR088C,261,65.31719506442252,40.19519696272155,not_preferentially_represent
YJL089W,2490,98,57.30484775622284,5.262014879,not_preferentially_represent,YJL089W,6,1.5015447141246556,0.6032722836981341,not_preferentially_represent
YOR369C,432,17,9.94063685567131,5.261269128,not_preferentially_represent,YOR369C,10679,2672.499333689533,6200.694509720494,preferentially_represented
YOL054W,1221,48,28.067680533660166,5.255946266,not_preferentially_represent,YOL054W,68,17.01750676007943,13.948776032851994,not_preferentially_represent
YDR211W,2139,84,49.11844093390529,5.250417571,not_preferentially_represent,YDR211W,103,25.776517592473258,12.056369313598342,not_preferentially_represent
YLL026W,2727,107,62.56753785628411,5.245948019,not_preferentially_represent,YLL026W,230,57.55921404144513,21.11489876795493,not_preferentially_represent
YDR127W,4767,187,109.3470054123844,5.244713845,not_preferentially_represent,YDR127W,568,142.14623293713407,29.825059365743616,not_preferentially_represent
YGR008C,255,10,5.847433444512535,5.243064045,not_preferentially_represent,YGR008C,122,30.53140918720133,120.2023983748084,not_preferentially_represent
YIL069C,817,32,18.711787022440113,5.236646586,not_preferentially_represent,YIL069C,2815,704.4747283768177,863.3268730108059,not_preferentially_represent
YGR117C,1431,56,32.745627289270196,5.232072296,not_preferentially_represent,YGR117C,38,9.509783189456153,6.650198034584722,not_preferentially_represent
YNL237W,1380,54,31.576140600367683,5.23166608,not_preferentially_represent,YNL237W,50,12.512872617705465,9.07387426954711,not_preferentially_represent
YER157W,2406,94,54.96587437841783,5.223451586,not_preferentially_represent,YER157W,77,19.269823831266415,8.012400761441336,not_preferentially_represent
YCR083W,384,15,8.771150166768802,5.222583326,not_preferentially_represent,YCR083W,104,26.026775044827367,67.95502622670331,not_preferentially_represent
YPR085C,1332,52,30.40665391146518,5.219446639,not_preferentially_represent,YPR085C,46,11.511842808289027,8.64901788751993,not_preferentially_represent
YER146W,282,11,6.432176788963788,5.215175406,not_preferentially_represent,YER146W,205,51.3027777325924,117.39766071531443,not_preferentially_represent
YAL037C-B,975,38,22.220247089147634,5.210799035,not_preferentially_represent,YAL037C-B,46452,11624.959176753086,11935.276362169492,preferentially_represented
YGR293C,462,18,10.525380200122562,5.209018175,not_preferentially_represent,YGR293C,2,0.5005149047082186,1.0857156284343137,not_preferentially_represent
YOR283W,693,27,15.788070300183842,5.209018175,not_preferentially_represent,YOR283W,165,41.292479638428034,59.67121335032953,not_preferentially_represent
YBL020W,1725,67,39.17780407823398,5.192912998,not_preferentially_represent,YBL020W,321,80.33264220566909,46.596660212105036,not_preferentially_represent
YLR214W,2061,80,46.77946755610028,5.189641267,not_preferentially_represent,YLR214W,87,21.772398354807507,10.569125414955101,not_preferentially_represent
YPR135W,2784,108,63.152281200735366,5.18656551,not_preferentially_represent,YPR135W,33,8.258495927685606,2.967479672183114,not_preferentially_represent
YER084W,387,15,8.771150166768802,5.182098184,not_preferentially_represent,YER084W,6,1.5015447141246556,3.8900122127581755,not_preferentially_represent
YGR122C-A,129,5,2.9237167222562674,5.182098184,not_preferentially_represent,YGR122C-A,2,0.5005149047082186,3.9102726930329577,not_preferentially_represent
YLR086W,4257,165,96.48265183445682,5.182098184,not_preferentially_represent,YLR086W,30,7.507723570623279,1.7640327938494547,not_preferentially_represent
YMR080C,2916,113,66.07599792299165,5.181031909,not_preferentially_represent,YMR080C,286,71.57363137327526,24.553561363044686,not_preferentially_represent
YNL076W,1755,68,39.76254742268524,5.180326526,not_preferentially_represent,YNL076W,66,16.516991855371213,9.416757044111296,not_preferentially_represent
YER114C,3123,121,70.75394467860167,5.180106984,not_preferentially_represent,YER114C,122,30.53140918720133,9.779439201537903,not_preferentially_represent
YKL218C,981,38,22.220247089147634,5.178928705,not_preferentially_represent,YKL218C,110,27.528319758952023,28.090122203012267,not_preferentially_represent
YOR106W,852,33,19.296530366891364,5.178448819,not_preferentially_represent,YOR106W,44,11.011327903580808,12.939280732762407,not_preferentially_represent
YKR069W,1782,69,40.347290767136485,5.176863741,not_preferentially_represent,YKR069W,32,8.008238475331497,4.496484264644299,not_preferentially_represent
YMR056C,930,36,21.050760400245125,5.175411606,not_preferentially_represent,YMR056C,39,9.760040641810262,10.505964092368421,not_preferentially_represent
YBR054W,1035,40,23.38973377805014,5.16707761,not_preferentially_represent,YBR054W,94,23.52420052128627,22.750677486737207,not_preferentially_represent
YMR174C,207,8,4.677946755610028,5.16707761,not_preferentially_represent,YMR174C,6,1.5015447141246556,7.2890520103138625,not_preferentially_represent
YIL018W,1165,45,26.313450500306406,5.164305572,not_preferentially_represent,YIL018W,23468,5873.0418918462365,5045.568635606733,preferentially_represented
YOR150W,492,19,11.110123544573817,5.163139288,not_preferentially_represent,YOR150W,145,36.28733059134585,73.90495028787342,not_preferentially_represent
YPR144C,1659,64,37.423574044880226,5.157733889,not_preferentially_represent,YPR144C,462,115.61894298759849,69.73398250156724,not_preferentially_represent
YJR098C,1971,76,44.44049417829527,5.155280629,not_preferentially_represent,YJR098C,27,6.756951213560951,3.4299244738888075,not_preferentially_represent
YCR071C,441,17,9.94063685567131,5.153896289,not_preferentially_represent,YCR071C,57,14.264674784184228,32.419715418600525,not_preferentially_represent
YJL094C,2622,101,59.0590777895766,5.150080644,not_preferentially_represent,YJL094C,244,61.06281837440266,23.297527040977744,not_preferentially_represent
YJR107W,987,38,22.220247089147634,5.147445856,not_preferentially_represent,YJR107W,50,12.512872617705465,12.690540180228666,not_preferentially_represent
YBL082C,1377,53,30.991397255916432,5.145970266,not_preferentially_represent,YBL082C,445,111.36456629757863,80.93355108835657,not_preferentially_represent
YDR270W,3015,116,67.8302279563454,5.143941441,not_preferentially_represent,YDR270W,45,11.261585355934917,3.736425134683118,not_preferentially_represent
YDR040C,3276,126,73.67766140085793,5.14223589,not_preferentially_represent,YDR040C,649,162.41708657781692,49.593003535211274,not_preferentially_represent
YGL193C,312,12,7.0169201334150415,5.14223589,not_preferentially_represent,YGL193C,36,9.009268284747934,28.968708311086605,not_preferentially_represent
YOR125C,702,27,15.788070300183842,5.14223589,not_preferentially_represent,YOR125C,67,16.767249307725322,23.919043234986194,not_preferentially_represent
YNL182C,1668,64,37.423574044880226,5.129904389,not_preferentially_represent,YNL182C,113,28.279092116014347,16.964062457117187,not_preferentially_represent
YPL206C,966,37,21.63550374469638,5.120942988,not_preferentially_represent,YPL206C,206,51.553035184946516,53.42283438854561,not_preferentially_represent
YBR238C,2196,84,49.11844093390529,5.114136241,not_preferentially_represent,YBR238C,261,65.31719506442252,29.75726426625172,not_preferentially_represent
YPL099C,549,21,12.279610233476323,5.114136241,not_preferentially_represent,YPL099C,74,18.519051474204087,33.793889551467316,not_preferentially_represent
YDR459C,1125,43,25.1439638114039,5.110239756,not_preferentially_represent,YDR459C,94,23.52420052128627,20.929004022496684,not_preferentially_represent
YDR390C,1911,73,42.6862641449415,5.107254694,not_preferentially_represent,YDR390C,71,17.76827911714176,9.302763935676314,not_preferentially_represent
YPR006C,1728,66,38.59306073378273,5.106525919,not_preferentially_represent,YPR006C,117,29.280121925430787,16.95432653470225,not_preferentially_represent
YLR199C,917,35,20.46601705579387,5.102982181,not_preferentially_represent,YLR199C,171,42.79402435255269,46.71836719710992,not_preferentially_represent
YOR351C,1494,57,33.33037063372145,5.100932791,not_preferentially_represent,YOR351C,12,3.0030894282493112,2.0114463685527872,not_preferentially_represent
YFL048C,1338,51,29.821910567013926,5.096117183,not_preferentially_represent,YFL048C,238,59.56127366027801,44.54844701591474,not_preferentially_represent
YBR060C,1863,71,41.516777456038994,5.095312643,not_preferentially_represent,YBR060C,101,25.27600268776504,13.574652356479612,not_preferentially_represent
YDL025W-A,105,4,2.338973377805014,5.093262215,not_preferentially_represent,YDL025W-A,5,1.2512872617705466,12.031608286255254,not_preferentially_represent
YEL033W,420,16,9.355893511220057,5.093262215,not_preferentially_represent,YEL033W,1099,275.0329401371661,656.4031984180575,not_preferentially_represent
YJL170C,630,24,14.033840266830083,5.093262215,not_preferentially_represent,YJL170C,4,1.0010298094164372,1.5914623361151625,not_preferentially_represent
YJR005W,2103,80,46.77946755610028,5.085996506,not_preferentially_represent,YJR005W,65,16.266734403017104,7.73869381684924,not_preferentially_represent
YML019W,999,38,22.220247089147634,5.085614674,not_preferentially_represent,YML019W,272,68.07002704031773,68.20643992015805,not_preferentially_represent
YIR005W,447,17,9.94063685567131,5.084716473,not_preferentially_represent,YIR005W,17,4.254376690019858,9.538961188385331,not_preferentially_represent
YMR154C,2184,83,48.533697589454036,5.081018796,not_preferentially_represent,YMR154C,24,6.0061788564986225,2.751341665826213,not_preferentially_represent
YJL178C,816,31,18.127043677988855,5.079218294,not_preferentially_represent,YJL178C,306,76.57878042035745,93.96169376730974,not_preferentially_represent
YCR081C-A,237,9,5.262690100061281,5.077144297,not_preferentially_represent,YCR081C-A,1,0.2502574523541093,1.060412933703853,not_preferentially_represent
YPL112C,1185,45,26.313450500306406,5.077144297,not_preferentially_represent,YPL112C,157,39.29042001959516,33.18447636790132,not_preferentially_represent
YHR069C,1080,41,23.97447712250139,5.075577277,not_preferentially_represent,YHR069C,461,115.36868553524438,106.92185869809488,not_preferentially_represent
YOR025W,1344,51,29.821910567013926,5.07336666,not_preferentially_represent,YOR025W,67,16.767249307725322,12.484921301359138,not_preferentially_represent
YDR357C,369,14,8.186406822317549,5.072557897,not_preferentially_represent,YDR357C,64,16.016476950662994,43.52303519201901,not_preferentially_represent
YDR363W,1371,52,30.40665391146518,5.070972227,not_preferentially_represent,YDR363W,15,3.7538617853116394,2.74004509876762,not_preferentially_represent
YOL053W,1188,45,26.313450500306406,5.064323225,not_preferentially_represent,YOL053W,25,6.256436308852733,5.270797227340128,not_preferentially_represent
YBR056W,1506,57,33.33037063372145,5.060287908,not_preferentially_represent,YBR056W,90,22.523170711869835,14.965561934797233,not_preferentially_represent
YER168C,1641,62,36.25408735597771,5.05136152,not_preferentially_represent,YER168C,248,62.0638481838191,37.84380986818238,not_preferentially_represent
YDL135C,609,23,13.449096922378828,5.049354782,not_preferentially_represent,YDL135C,111,27.778577211306132,45.68844936070087,not_preferentially_represent
YOR166C,1377,52,30.40665391146518,5.048876488,not_preferentially_represent,YOR166C,15,3.7538617853116394,2.7280972276974125,not_preferentially_represent
YGL050W,822,31,18.127043677988855,5.042143707,not_preferentially_represent,YGL050W,69,17.26776421243354,21.032599527933666,not_preferentially_represent
YLR150W,822,31,18.127043677988855,5.042143707,not_preferentially_represent,YLR150W,7312,1829.882491613247,2228.845909394942,not_preferentially_represent
YPL205C,345,13,7.601663477866295,5.037900669,not_preferentially_represent,YPL205C,9,2.2523170711869835,6.54743334647379,not_preferentially_represent
YJL063C,717,27,15.788070300183842,5.034657734,not_preferentially_represent,YJL063C,136,34.03501352015886,47.53493508402076,not_preferentially_represent
YMR156C,717,27,15.788070300183842,5.034657734,not_preferentially_represent,YMR156C,22,5.505663951790404,7.689474793003358,not_preferentially_represent
YAL016C-B,186,7,4.0932034111587745,5.031650172,not_preferentially_represent,YAL016C-B,1,0.2502574523541093,1.352742985697888,not_preferentially_represent
YDR481C,1701,64,37.423574044880226,5.030382435,not_preferentially_represent,YDR481C,754,188.6941190749984,110.99654063235201,not_preferentially_represent
YNL326C,1011,38,22.220247089147634,5.025251295,not_preferentially_represent,YNL326C,48,12.012357712997245,11.893423478215094,not_preferentially_represent
YFL044C,906,34,19.88127371134262,5.017369235,not_preferentially_represent,YFL044C,74,18.519051474204087,20.46304030298794,not_preferentially_represent
YBR061C,933,35,20.46601705579387,5.015471233,not_preferentially_represent,YBR061C,224,56.057669327320475,60.14771387051554,not_preferentially_represent
YMR175W,240,9,5.262690100061281,5.013679993,not_preferentially_represent,YMR175W,1,0.2502574523541093,1.0471023111050597,not_preferentially_represent
YPL223C,507,19,11.110123544573817,5.010383688,not_preferentially_represent,YPL223C,12,3.0030894282493112,5.934959344366228,not_preferentially_represent
YJR154W,1041,39,22.804990433598885,5.008863778,not_preferentially_represent,YJR154W,16,4.004119237665749,3.8501146516016815,not_preferentially_represent
YMR246W,2085,78,45.60998086719777,5.00165678,not_preferentially_represent,YMR246W,2295,574.3408531526808,275.59541897921343,not_preferentially_represent
YML043C,1524,57,33.33037063372145,5.000520728,not_preferentially_represent,YML043C,24,6.0061788564986225,3.9436499386071064,not_preferentially_represent
YDL023C,321,12,7.0169201334150415,4.998061052,not_preferentially_represent,YDL023C,58,14.514932236538339,45.35916323918231,not_preferentially_represent
YLR119W,642,24,14.033840266830083,4.998061052,not_preferentially_represent,YLR119W,29,7.2574661182691695,11.322100028501044,not_preferentially_represent
YLL025W,375,14,8.186406822317549,4.991396971,not_preferentially_represent,YLL025W,6,1.5015447141246556,4.014825438835978,not_preferentially_represent
YMR122C,375,14,8.186406822317549,4.991396971,not_preferentially_represent,YMR122C,6,1.5015447141246556,4.014825438835978,not_preferentially_represent
YPR063C,509,19,11.110123544573817,4.990696522,not_preferentially_represent,YPR063C,688,172.1771272196272,338.93135279454174,not_preferentially_represent
YOR095C,777,29,16.95755698908635,4.990020413,not_preferentially_represent,YOR095C,387,96.84963406104029,124.80622946010347,not_preferentially_represent
YHL029C,2040,76,44.44049417829527,4.980910843,not_preferentially_represent,YHL029C,272,68.07002704031773,33.384025032034195,not_preferentially_represent
YHR084W,2067,77,45.025237522746515,4.980530359,not_preferentially_represent,YHR084W,59,14.765189688892448,7.146752027537487,not_preferentially_represent
YDR447C,725,27,15.788070300183842,4.97910289,not_preferentially_represent,YDR447C,4689,1173.4571940884184,1620.797229403893,not_preferentially_represent
YLR455W,915,34,19.88127371134262,4.968018062,not_preferentially_represent,YLR455W,44,11.011327903580808,12.04740470851292,not_preferentially_represent
YLR151C,1023,38,22.220247089147634,4.966304066,not_preferentially_represent,YLR151C,11,2.752831975895202,2.693573361932683,not_preferentially_represent
YER119C,1347,50,29.23716722256267,4.962811178,not_preferentially_represent,YER119C,141,35.286300781929405,26.215676658194212,not_preferentially_represent
YJR121W,1536,57,33.33037063372145,4.96145416,not_preferentially_represent,YJR121W,4356,1090.1214624545,710.1768485045603,not_preferentially_represent
YGR065C,1782,66,38.59306073378273,4.951782709,not_preferentially_represent,YGR065C,161,40.2914498290116,22.622936456491633,not_preferentially_represent
YGR192C,999,37,21.63550374469638,4.951782709,not_preferentially_represent,YGR192C,147301,36863.17298921265,36937.04708337941,preferentially_represented
YNR018W,675,25,14.618583611281336,4.951782709,not_preferentially_represent,YNR018W,455,113.86714082111972,168.94234543192837,not_preferentially_represent
YNR034W-A,297,11,6.432176788963788,4.951782709,not_preferentially_represent,YNR034W-A,8,2.0020596188328743,8.819645897942177,not_preferentially_represent
YPL163C,783,29,16.95755698908635,4.951782709,not_preferentially_represent,YPL163C,580,145.1493223653834,185.61294420125753,not_preferentially_represent
YNL275W,1731,64,37.423574044880226,4.943200763,not_preferentially_represent,YNL275W,214,53.55509480377939,30.95670219871641,not_preferentially_represent
YPL179W,1650,61,35.66934401152646,4.942779468,not_preferentially_represent,YPL179W,529,132.3861922953238,80.28271212572699,not_preferentially_represent
YGL219C,1380,51,29.821910567013926,4.941017964,not_preferentially_represent,YGL219C,75,18.769308926558196,13.610811404320664,not_preferentially_represent
YPR075C,1083,40,23.38973377805014,4.93806586,not_preferentially_represent,YPR075C,203,50.802262827884185,46.95218375959721,not_preferentially_represent
YNL195C,786,29,16.95755698908635,4.932882775,not_preferentially_represent,YNL195C,35,8.759010832393825,2.789493895666823,not_preferentially_represent
YBR074W,2931,108,63.152281200735366,4.926440935,not_preferentially_represent,YBR074W,209,52.30380754200884,17.851128853927932,not_preferentially_represent
YEL013W,1737,64,37.423574044880226,4.926125804,not_preferentially_represent,YEL013W,204,51.0525202802383,29.408133801980586,not_preferentially_represent
YFR046C,1086,40,23.38973377805014,4.924424794,not_preferentially_represent,YFR046C,10,2.502574523541093,2.3065202981945556,not_preferentially_represent
YKL067W,462,17,9.94063685567131,4.919628276,not_preferentially_represent,YKL067W,265,66.31822487383896,143.85732076754655,not_preferentially_represent
YBR285W,435,16,9.355893511220057,4.917632484,not_preferentially_represent,YBR285W,10,2.502574523541093,5.766300745486389,not_preferentially_represent
YHR056W-A,435,16,9.355893511220057,4.917632484,not_preferentially_represent,YHR056W-A,9,2.2523170711869835,5.18967067093775,not_preferentially_represent
YDR342C,1713,63,36.838830700428964,4.917094214,not_preferentially_represent,YDR342C,593,148.4026692459868,86.6838021296652,not_preferentially_represent
YEL025C,3567,131,76.6013781231142,4.910136093,not_preferentially_represent,YEL025C,79,19.770338735974633,5.544121911378192,not_preferentially_represent
YAL056W,2643,97,56.72010441177159,4.906817599,not_preferentially_represent,YAL056W,141,35.286300781929405,13.355904913675023,not_preferentially_represent
YML051W,1308,48,28.067680533660166,4.90635351,not_preferentially_represent,YML051W,446,111.61482374993274,85.39772283851013,not_preferentially_represent
YNL075W,873,32,18.711787022440113,4.900733403,not_preferentially_represent,YNL075W,273,68.32028449267183,78.34895010627504,not_preferentially_represent
YLR106C,14733,540,315.7614060036769,4.900359187,not_preferentially_represent,YLR106C,240,60.06178856498623,4.076960939789997,not_preferentially_represent
YKR103W,3657,134,78.35560815646797,4.898974526,not_preferentially_represent,YKR103W,8,2.0020596188328743,0.5476093049324054,not_preferentially_represent
YGL058W,519,19,11.110123544573817,4.894536666,not_preferentially_represent,YGL058W,112,28.028834663660238,54.10971942791552,not_preferentially_represent
YLR373C,2706,99,57.88959110067409,4.891395115,not_preferentially_represent,YLR373C,55,13.764159879476011,5.088414003503146,not_preferentially_represent
YDL086W,822,30,17.542300333537604,4.87949391,not_preferentially_represent,YDL086W,892,223.22964749986548,271.89969244807,not_preferentially_represent
YKL196C,603,22,12.864353577927576,4.877875505,not_preferentially_represent,YKL196C,500,125.12872617705465,207.8550268721838,not_preferentially_represent
YDL136W,768,28,16.372813644635098,4.874411104,not_preferentially_represent,YDL136W,4690,1173.7074515407726,1530.2574335603292,not_preferentially_represent
YKR091W,741,27,15.788070300183842,4.871591896,not_preferentially_represent,YKR091W,248,62.0638481838191,83.87006511326906,not_preferentially_represent
YDL144C,1071,39,22.804990433598885,4.86855947,not_preferentially_represent,YDL144C,276,69.07105684973416,64.5523895791908,not_preferentially_represent
YLR313C,1593,58,33.9151139781727,4.867854189,not_preferentially_represent,YLR313C,23,5.755921404144513,3.6155285201912775,not_preferentially_represent
YOR064C,660,24,14.033840266830083,4.861750296,not_preferentially_represent,YOR064C,39,9.760040641810262,14.810380336586134,not_preferentially_represent
YPR060C,771,28,16.372813644635098,4.855444524,not_preferentially_represent,YPR060C,160,40.04119237665749,52.00154854111362,not_preferentially_represent
YGR119C,1626,59,34.49985732262395,4.851285274,not_preferentially_represent,YGR119C,97,24.2749728783486,14.938444848214523,not_preferentially_represent
YBL029W,1131,41,23.97447712250139,4.846705092,not_preferentially_represent,YBL029W,39,9.760040641810262,8.637204107796693,not_preferentially_represent
YOR094W,552,20,11.69486688902507,4.844135259,not_preferentially_represent,YOR094W,67,16.767249307725322,30.43057950585358,not_preferentially_represent
YOL101C,939,34,19.88127371134262,4.841039965,not_preferentially_represent,YOL101C,160,40.04119237665749,42.68783835464551,not_preferentially_represent
YKL010C,4452,161,94.1436784566518,4.834995381,not_preferentially_represent,YKL010C,126,31.532438996617774,7.08434935893457,not_preferentially_represent
YPR065W,1107,40,23.38973377805014,4.831007521,not_preferentially_represent,YPR065W,167,41.79299454313625,37.78751767010511,not_preferentially_represent
YDL232W,111,4,2.338973377805014,4.817950744,not_preferentially_represent,YDL232W,60,15.015447141246558,136.50406492042325,not_preferentially_represent
YGR179C,1221,44,25.72870715585515,4.817950744,not_preferentially_represent,YGR179C,16,4.004119237665749,3.2820649489063514,not_preferentially_represent
YBR269C,417,15,8.771150166768802,4.809285365,not_preferentially_represent,YBR269C,99,24.77548778305682,59.55646101696351,not_preferentially_represent
YKL219W,1224,44,25.72870715585515,4.806142041,not_preferentially_represent,YKL219W,151,37.788875305470505,30.898508017555603,not_preferentially_represent
YML057C-A,390,14,8.186406822317549,4.799420164,not_preferentially_represent,YML057C-A,41,10.260555546518482,26.37674947691126,not_preferentially_represent
YMR105W-A,195,7,4.0932034111587745,4.799420164,not_preferentially_represent,YMR105W-A,2,0.5005149047082186,2.579973735609374,not_preferentially_represent
YNL146C-A,195,7,4.0932034111587745,4.799420164,not_preferentially_represent,YNL146C-A,1,0.2502574523541093,1.289986867804687,not_preferentially_represent
YHR064C,1617,58,33.9151139781727,4.795604034,not_preferentially_represent,YHR064C,3773,944.2213677320543,2818.5712469613563,not_preferentially_represent
YBR005W,642,23,13.449096922378828,4.789808508,not_preferentially_represent,YBR005W,602,150.65498631717378,235.0311799019872,not_preferentially_represent
YBR287W,1284,46,26.898193844757657,4.789808508,not_preferentially_represent,YBR287W,2231,558.3243762020178,435.17098690726255,not_preferentially_represent
YNR016C,6702,240,140.33840266830083,4.787757678,not_preferentially_represent,YNR016C,1003,251.00822471117158,37.458323341467185,not_preferentially_represent
YHR197W,2292,82,47.94895424500278,4.783266544,not_preferentially_represent,YHR197W,136,34.03501352015886,14.85596399832338,not_preferentially_represent
YCR100C,951,34,19.88127371134262,4.779954287,not_preferentially_represent,YCR100C,25,6.256436308852733,6.585722430371297,not_preferentially_represent
YGR062C,951,34,19.88127371134262,4.779954287,not_preferentially_represent,YGR062C,85,21.271883450099292,22.39145626326241,not_preferentially_represent
YDL176W,2127,76,44.44049417829527,4.777178241,not_preferentially_represent,YDL176W,13,3.253346880603421,1.5302666418642619,not_preferentially_represent
YCL002C,868,31,18.127043677988855,4.774933327,not_preferentially_represent,YCL002C,344,86.0885636098136,99.29476771604797,not_preferentially_represent
YDR539W,1512,54,31.576140600367683,4.774933327,not_preferentially_represent,YDR539W,197,49.30071811375953,32.62787433074754,not_preferentially_represent
YKL137W,336,12,7.0169201334150415,4.774933327,not_preferentially_represent,YKL137W,37,9.259525737102043,27.640375334632967,not_preferentially_represent
YKL111C,336,12,7.0169201334150415,4.774933327,not_preferentially_represent,YKL111C,14,3.5036043329575297,10.458520396888149,not_preferentially_represent
YFL003C,2637,94,54.96587437841783,4.765879604,not_preferentially_represent,YFL003C,11,2.752831975895202,1.0443216904003043,not_preferentially_represent
YLR197W,1515,54,31.576140600367683,4.765478013,not_preferentially_represent,YLR197W,481,120.37383458232657,79.50715626309548,not_preferentially_represent
YKL039W,1572,56,32.745627289270196,4.762783369,not_preferentially_represent,YKL039W,259,64.8166801597143,41.258230528144054,not_preferentially_represent
YLR007W,1011,36,21.050760400245125,4.760764385,not_preferentially_represent,YLR007W,177,44.29556906667734,43.85699907591816,not_preferentially_represent
YML116W,1629,58,33.9151139781727,4.7602773,not_preferentially_represent,YML116W,122,30.53140918720133,101.09738141457395,not_preferentially_represent
YKL121W,2559,91,53.211644345064066,4.754408017,not_preferentially_represent,YKL121W,60,15.015447141246558,5.869994973122188,not_preferentially_represent
YGR258C,3096,110,64.32176788963788,4.750256669,not_preferentially_represent,YGR258C,15,3.7538617853116394,1.212879413670966,not_preferentially_represent
YDR392W,1014,36,21.050760400245125,4.746679283,not_preferentially_represent,YDR392W,40,10.010298094164373,9.881834248928303,not_preferentially_represent
YHR158C,3495,124,72.50817471195542,4.743510303,not_preferentially_represent,YHR158C,38,9.509783189456153,2.7217467628666725,not_preferentially_represent
YDR437W,423,15,8.771150166768802,4.741068551,not_preferentially_represent,YDR437W,18,4.504634142373967,10.674488489037836,not_preferentially_represent
YER007C-A,649,23,13.449096922378828,4.738146475,not_preferentially_represent,YER007C-A,400,100.10298094164372,154.4799088605613,not_preferentially_represent
YJL050W,3222,114,66.6607412674429,4.730473985,not_preferentially_represent,YJL050W,218,54.55612461319583,16.937635707294575,not_preferentially_represent
YGL134W,1302,46,26.898193844757657,4.723589958,not_preferentially_represent,YGL134W,22,5.505663951790404,4.2318708315068445,not_preferentially_represent
YLR189C,3597,127,74.26240474530918,4.720506786,not_preferentially_represent,YLR189C,38,9.509783189456153,2.6445448246541026,not_preferentially_represent
YPL145C,1305,46,26.898193844757657,4.71273113,not_preferentially_represent,YPL145C,1023,256.0133737582538,196.32927435448912,not_preferentially_represent
YMR300C,1533,54,31.576140600367683,4.709523281,not_preferentially_represent,YMR300C,363,90.84345520454167,59.29729451993582,not_preferentially_represent
YJL186W,1761,62,36.25408735597771,4.707146085,not_preferentially_represent,YJL186W,620,155.15962045954777,88.15887526110669,not_preferentially_represent
YOR067C,1734,61,35.66934401152646,4.703336864,not_preferentially_represent,YOR067C,415,103.85684272695536,59.92893406056281,not_preferentially_represent
YGL203C,2190,77,45.025237522746515,4.700801942,not_preferentially_represent,YGL203C,55,13.764159879476011,6.287875687289178,not_preferentially_represent
YNL124W,1479,52,30.40665391146518,4.700678109,not_preferentially_represent,YNL124W,232,58.059728946153356,39.28263122202527,not_preferentially_represent
YMR129W,4014,141,82.44881156762673,4.696421717,not_preferentially_represent,YMR129W,134,33.534498615450644,8.3564661389112,not_preferentially_represent
YDR389W,1965,69,40.347290767136485,4.694743607,not_preferentially_represent,YDR389W,48,12.012357712997245,6.116271747961938,not_preferentially_represent
YGR204C-A,114,4,2.338973377805014,4.691162567,not_preferentially_represent,YGR204C-A,1,0.2502574523541093,2.2146677199478697,not_preferentially_represent
YIL024C,570,20,11.69486688902507,4.691162567,not_preferentially_represent,YIL024C,23,5.755921404144513,10.115854840324277,not_preferentially_represent
YKL112W,2196,77,45.025237522746515,4.687958221,not_preferentially_represent,YKL112W,68,17.01750676007943,7.752850460172862,not_preferentially_represent
YCR026C,2229,78,45.60998086719777,4.678534942,not_preferentially_represent,YCR026C,113,28.279092116014347,12.692590716343963,not_preferentially_represent
YPL189W,1830,64,37.423574044880226,4.675781706,not_preferentially_represent,YPL189W,12,3.0030894282493112,1.6419297037995142,not_preferentially_represent
YMR185W,2946,103,60.2285644784791,4.674442537,not_preferentially_represent,YMR185W,32,8.008238475331497,2.719266035766213,not_preferentially_represent
YJR108W,372,13,7.601663477866295,4.672246588,not_preferentially_represent,YJR108W,4,1.0010298094164372,2.698193556378537,not_preferentially_represent
YJR133W,630,22,12.864353577927576,4.668823697,not_preferentially_represent,YJR133W,171,42.79402435255269,68.0350148689232,not_preferentially_represent
YML058W,315,11,6.432176788963788,4.668823697,not_preferentially_represent,YML058W,1602,400.91243867128304,1946.1768867538015,not_preferentially_represent
YNR038W,1890,66,38.59306073378273,4.668823697,not_preferentially_represent,YNR038W,72,18.01853656949587,9.538664144783414,not_preferentially_represent
YGR229C,1518,53,30.991397255916432,4.667984886,not_preferentially_represent,YGR229C,95,23.77445797364038,69.11179643500111,not_preferentially_represent
YGL104C,1461,51,29.821910567013926,4.667080623,not_preferentially_represent,YGL104C,110,27.528319758952023,18.855013533528783,not_preferentially_represent
YDR136C,573,20,11.69486688902507,4.666601506,not_preferentially_represent,YDR136C,2,0.5005149047082186,0.8750260571822003,not_preferentially_represent
YIL123W,1920,67,39.17780407823398,4.665507771,not_preferentially_represent,YIL123W,1359,340.0998777492345,177.2276590668236,not_preferentially_represent
YNL099C,717,25,14.618583611281336,4.661720124,not_preferentially_represent,YNL099C,103,25.776517592473258,36.000722894515725,not_preferentially_represent
YDR511W,402,14,8.186406822317549,4.656153891,not_preferentially_represent,YDR511W,52,13.013387522413684,32.45233796113138,not_preferentially_represent
YML113W,747,26,15.20332695573259,4.653482546,not_preferentially_represent,YML113W,82,20.521111093036964,27.50819181372247,not_preferentially_represent
YGR055W,1725,60,35.08460066707521,4.650369849,not_preferentially_represent,YGR055W,424,106.10915979814234,61.5482365418459,not_preferentially_represent
YDR003W,633,22,12.864353577927576,4.646696571,not_preferentially_represent,YDR003W,121,30.281151734847224,47.91321477032788,not_preferentially_represent
YMR205C,2880,100,58.47433444512534,4.64229629,not_preferentially_represent,YMR205C,8365,2093.4035889421243,727.1287214109497,not_preferentially_represent
YDR004W,1383,48,28.067680533660166,4.640282278,not_preferentially_represent,YDR004W,48,12.012357712997245,8.692009922573984,not_preferentially_represent
YNL054W,3498,121,70.75394467860167,4.624778191,not_preferentially_represent,YNL054W,31,7.757981022977387,5.868366885762018,not_preferentially_represent
YGR263C,1275,44,25.72870715585515,4.61389636,not_preferentially_represent,YGR263C,62,15.515962045954774,12.178934102005318,not_preferentially_represent
YBL021C,435,15,8.771150166768802,4.610280453,not_preferentially_represent,YBL021C,34,8.508753380039716,19.605422534653723,not_preferentially_represent
YCL023C,348,12,7.0169201334150415,4.610280453,not_preferentially_represent,YCL023C,2,0.5005149047082186,1.442406065441552,not_preferentially_represent
YDR360W,435,15,8.771150166768802,4.610280453,not_preferentially_represent,YDR360W,2,0.5005149047082186,1.1532601490972778,not_preferentially_represent
YPL266W,957,33,19.296530366891364,4.610280453,not_preferentially_represent,YPL266W,581,145.3995798177375,152.09161068800992,not_preferentially_represent
YBR017C,2757,95,55.55061772286908,4.606936035,not_preferentially_represent,YBR017C,297,74.32646334917045,26.968963479379703,not_preferentially_represent
YIL071C,1335,46,26.898193844757657,4.60682706,not_preferentially_represent,YIL071C,21,5.255406499436296,11.04076995679894,not_preferentially_represent
YJL171C,1191,41,23.97447712250139,4.602538589,not_preferentially_represent,YJL171C,1300,325.3346880603421,237.99172498927732,not_preferentially_represent
YOR178C,2382,82,47.94895424500278,4.602538589,not_preferentially_represent,YOR178C,47,11.762100260643136,4.939983309803921,not_preferentially_represent
YGR123C,1542,53,30.991397255916432,4.595331425,not_preferentially_represent,YGR123C,394,98.60143622751906,63.985357707669735,not_preferentially_represent
YOR385W,873,30,17.542300333537604,4.594437565,not_preferentially_represent,YOR385W,238,59.56127366027801,68.30421291316286,not_preferentially_represent
YBR042C,1194,41,23.97447712250139,4.590974421,not_preferentially_represent,YBR042C,313,78.33058258683621,65.65849336700437,not_preferentially_represent
YIL134C-A,204,7,4.0932034111587745,4.587681039,not_preferentially_represent,YIL134C-A,1,0.2502574523541093,1.2327953317936418,not_preferentially_represent
YPL134C,933,32,18.711787022440113,4.585573698,not_preferentially_represent,YPL134C,51,12.763130070059574,13.694345568733448,not_preferentially_represent
YDR214W,1053,36,21.050760400245125,4.570876347,not_preferentially_represent,YDR214W,370,92.59525737102044,88.01830548576088,not_preferentially_represent
YHR105W,645,22,12.864353577927576,4.560246402,not_preferentially_represent,YHR105W,9,2.2523170711869835,3.4973867565015273,not_preferentially_represent
YDR469W,528,18,10.525380200122562,4.557890903,not_preferentially_represent,YDR469W,45,11.261585355934917,21.36923217444956,not_preferentially_represent
YHR012W,968,33,19.296530366891364,4.557890903,not_preferentially_represent,YHR012W,114,28.529349568368456,29.502946813204197,not_preferentially_represent
YGL006W,3522,120,70.16920133415042,4.555302663,not_preferentially_represent,YGL006W,98,24.525230330702712,222.95663937002465,not_preferentially_represent
YNL328C,441,15,8.771150166768802,4.547555549,not_preferentially_represent,YNL328C,8,2.0020596188328743,4.5501354973474415,not_preferentially_represent
YMR206W,942,32,18.711787022440113,4.541762485,not_preferentially_represent,YMR206W,13,3.253346880603421,3.457329309886738,not_preferentially_represent
YOR129C,2682,91,53.211644345064066,4.536364697,not_preferentially_represent,YOR129C,62,15.515962045954774,5.787378607219238,not_preferentially_represent
YJR015W,1533,52,30.40665391146518,4.535096493,not_preferentially_represent,YJR015W,1197,299.5581704678688,182.32390168464323,not_preferentially_represent
YCR085W,354,12,7.0169201334150415,4.532140107,not_preferentially_represent,YCR085W,4,1.0010298094164372,2.8357784969304167,not_preferentially_represent
YBR182C,1359,46,26.898193844757657,4.52547029,not_preferentially_represent,YBR182C,100,25.02574523541093,18.428383825781243,not_preferentially_represent
YDL020C,1596,54,31.576140600367683,4.523621046,not_preferentially_represent,YDL020C,78,19.520081283620524,12.238295475624154,not_preferentially_represent
YKL028W,1449,49,28.65242387811142,4.521192908,not_preferentially_represent,YKL028W,46,11.511842808289027,7.950167685282477,not_preferentially_represent
YLL040C,9435,319,186.53312687994986,4.520371433,not_preferentially_represent,YLL040C,58,14.514932236538339,1.5385766627664128,not_preferentially_represent
YER164W,4407,149,87.12675832323677,4.520313555,not_preferentially_represent,YER164W,143,35.78681568663763,8.122291349668096,not_preferentially_represent
YIL066W-A,444,15,8.771150166768802,4.516828823,not_preferentially_represent,YIL066W-A,17,4.254376690019858,9.603559119683652,not_preferentially_represent
YKL066W,444,15,8.771150166768802,4.516828823,not_preferentially_represent,YKL066W,44,11.011327903580808,24.856270662710628,not_preferentially_represent
YKL063C,504,17,9.94063685567131,4.509659253,not_preferentially_represent,YKL063C,33,8.258495927685606,16.41848096955389,not_preferentially_represent
YNL299W,1929,65,38.00831738933148,4.505121127,not_preferentially_represent,YNL299W,54,13.513902427121902,7.0092854912458,not_preferentially_represent
YER158C,1722,58,33.9151139781727,4.503189154,not_preferentially_represent,YER158C,203,50.802262827884185,27.283707211538232,not_preferentially_represent
YGR191W,1812,61,35.66934401152646,4.500875343,not_preferentially_represent,YGR191W,1353,338.5983330351099,927.666665849616,not_preferentially_represent
YMR059W,387,13,7.601663477866295,4.491151759,not_preferentially_represent,YMR059W,41,10.260555546518482,26.5817501205142,not_preferentially_represent
YPL144W,447,15,8.771150166768802,4.486514535,not_preferentially_represent,YPL144W,55,13.764159879476011,30.86134502124666,not_preferentially_represent
YPR062W,477,16,9.355893511220057,4.484633397,not_preferentially_represent,YPR062W,683,170.92583995785665,359.0878990711274,not_preferentially_represent
YOR271C,984,33,19.296530366891364,4.483778856,not_preferentially_represent,YOR271C,833,208.46445781097302,212.06964172021674,not_preferentially_represent
YPL051W,597,20,11.69486688902507,4.478999435,not_preferentially_represent,YPL051W,41,10.260555546518482,17.21569722570215,not_preferentially_represent
YDR169C-A,150,5,2.9237167222562674,4.456604438,not_preferentially_represent,YDR169C-A,1,0.2502574523541093,1.6795802171416732,not_preferentially_represent
YNR022C,420,14,8.186406822317549,4.456604438,not_preferentially_represent,YNR022C,53,13.263644974767793,31.655477266748907,not_preferentially_represent
YNR060W,2160,72,42.10152080049025,4.456604438,not_preferentially_represent,YNR060W,285,71.32337392092114,33.03537467388659,not_preferentially_represent
YGL099W,1923,64,37.423574044880226,4.449651857,not_preferentially_represent,YGL099W,169,42.29350944784447,22.004947683581932,not_preferentially_represent
YMR224C,2079,69,40.347290767136485,4.437311778,not_preferentially_represent,YMR224C,27,6.756951213560951,3.2516608342449236,not_preferentially_represent
YER136W,1356,45,26.313450500306406,4.43688495,not_preferentially_represent,YER136W,148,37.038102948408174,27.33439331985843,not_preferentially_represent
YKR067W,2232,74,43.27100748939276,4.432644199,not_preferentially_represent,YKR067W,58,14.514932236538339,6.506020724580161,not_preferentially_represent
YFR011C,513,17,9.94063685567131,4.430542424,not_preferentially_represent,YFR011C,30,7.507723570623279,39.934699843740844,not_preferentially_represent
YNL071W,1449,48,28.067680533660166,4.428923665,not_preferentially_represent,YNL071W,1008,252.2595119729422,174.21237014705952,not_preferentially_represent
YOL077C,876,29,16.95755698908635,4.42607975,not_preferentially_represent,YOL077C,505,126.38001343882519,144.43430107294307,not_preferentially_represent
YGR262C,786,26,15.20332695573259,4.422584557,not_preferentially_represent,YGR262C,271,67.81976958796362,86.39461094008104,not_preferentially_represent
YHR208W,1182,39,22.804990433598885,4.411359723,not_preferentially_represent,YHR208W,4907,1228.0133187016145,1039.8080598658885,not_preferentially_represent
YDR237W,879,29,16.95755698908635,4.410973676,not_preferentially_represent,YDR237W,200,50.05149047082186,57.006253383623985,not_preferentially_represent
YMR153W,1428,47,27.482937189208915,4.400428752,not_preferentially_represent,YMR153W,115,28.779607020722565,20.16790961508239,not_preferentially_represent
YDR361C,852,28,16.372813644635098,4.393835362,not_preferentially_represent,YDR361C,448,112.11533865464095,131.74540382448996,not_preferentially_represent
YNL160W,1065,35,20.46601705579387,4.393835362,not_preferentially_represent,YNL160W,135,33.78475606780475,31.752590289290183,not_preferentially_represent
YPR001W,1461,48,28.067680533660166,4.392546469,not_preferentially_represent,YPR001W,50,12.512872617705465,8.570460697058538,not_preferentially_represent
YOL082W,1248,41,23.97447712250139,4.39232649,not_preferentially_represent,YOL082W,51,12.763130070059574,10.235068219775119,not_preferentially_represent
YOR174W,855,28,16.372813644635098,4.378418395,not_preferentially_represent,YOR174W,83,20.771368545391073,24.322445603502427,not_preferentially_represent
YMR147W,672,22,12.864353577927576,4.377022216,not_preferentially_represent,YMR147W,32,8.008238475331497,11.934781632386732,not_preferentially_represent
YDR510W,306,10,5.847433444512535,4.369220037,not_preferentially_represent,YDR510W,584,146.15035217479982,479.1814825403273,not_preferentially_represent
YNL096C,918,30,17.542300333537604,4.369220037,not_preferentially_represent,YNL096C,1178,294.80327887314075,321.4866727078961,not_preferentially_represent
YKL128C,888,29,16.95755698908635,4.366267862,not_preferentially_represent,YKL128C,534,133.63747955709437,150.66232193584483,not_preferentially_represent
YDR523C,1473,48,28.067680533660166,4.356761976,not_preferentially_represent,YDR523C,5,1.2512872617705466,0.8500592810941212,not_preferentially_represent
YBL003C,399,13,7.601663477866295,4.356079526,not_preferentially_represent,YBL003C,1154,288.79710001664216,725.6208543131712,not_preferentially_represent
YBR072W,645,21,12.279610233476323,4.352962475,not_preferentially_represent,YBR072W,17,4.254376690019858,6.606174984502885,not_preferentially_represent
YBR030W,1659,54,31.576140600367683,4.351837969,not_preferentially_represent,YBR030W,122,30.53140918720133,18.4146014398078,not_preferentially_represent
YJL045W,1905,62,36.25408735597771,4.351330318,not_preferentially_represent,YJL045W,19,4.754891594728076,2.497317014037855,not_preferentially_represent
YDR491C,492,16,9.355893511220057,4.347906769,not_preferentially_represent,YDR491C,91,22.773428164223944,46.3817274220447,not_preferentially_represent
YKR035W-A,615,20,11.69486688902507,4.347906769,not_preferentially_represent,YKR035W-A,70,17.51802166478765,27.32920696534735,not_preferentially_represent
YOR261C,1017,33,19.296530366891364,4.338287506,not_preferentially_represent,YOR261C,299,74.82697825387868,73.64860064358137,not_preferentially_represent
YGR193C,1233,40,23.38973377805014,4.33732792,not_preferentially_represent,YGR193C,172,43.0442818049068,34.93854042606071,not_preferentially_represent
YPR010C,3612,117,68.41497130079665,4.330753482,not_preferentially_represent,YPR010C,2144,536.5519778472103,148.5881965791222,not_preferentially_represent
YGL090W,1266,41,23.97447712250139,4.32987635,not_preferentially_represent,YGL090W,50,12.512872617705465,9.891598907277046,not_preferentially_represent
YDL227C,1761,57,33.33037063372145,4.327537529,not_preferentially_represent,YDL227C,126,31.532438996617774,17.916158520805553,not_preferentially_represent
YIL086C,309,10,5.847433444512535,4.326800425,not_preferentially_represent,YIL086C,1,0.2502574523541093,0.8125241959549003,not_preferentially_represent
YOR277C,309,10,5.847433444512535,4.326800425,not_preferentially_represent,YOR277C,1197,299.5581704678688,972.5914625580157,not_preferentially_represent
YJR155W,867,28,16.372813644635098,4.317817449,not_preferentially_represent,YJR155W,33,8.258495927685606,9.536369431507628,not_preferentially_represent
YLR270W,1053,34,19.88127371134262,4.316938772,not_preferentially_represent,YLR270W,55,13.764159879476011,13.083802166802291,not_preferentially_represent
YGR026W,837,27,15.788070300183842,4.312843005,not_preferentially_represent,YGR026W,111,27.778577211306132,33.227963171418814,not_preferentially_represent
YIL062C,465,15,8.771150166768802,4.312843005,not_preferentially_represent,YIL062C,388,97.0998915133944,209.2670075719707,not_preferentially_represent
YLR430W,6696,216,126.30456240147073,4.312843005,not_preferentially_represent,YLR430W,153,38.28939021017872,5.719102346553954,not_preferentially_represent
YOL052C-A,186,6,3.5084600667075208,4.312843005,not_preferentially_represent,YOL052C-A,16,4.004119237665749,21.64388777116621,not_preferentially_represent
YPR067W,558,18,10.525380200122562,4.312843005,not_preferentially_represent,YPR067W,83,20.771368545391073,37.291505467488456,not_preferentially_represent
YMR155W,1644,53,30.991397255916432,4.310219621,not_preferentially_represent,YMR155W,126,31.532438996617774,19.191989651015078,not_preferentially_represent
YKR002W,1707,55,32.16088394481894,4.307789879,not_preferentially_represent,YKR002W,110,27.528319758952023,16.136178053313024,not_preferentially_represent
YMR188C,714,23,13.449096922378828,4.306802608,not_preferentially_represent,YMR188C,37,9.259525737102043,12.986712113747608,not_preferentially_represent
YDR163W,528,17,9.94063685567131,4.304674741,not_preferentially_represent,YDR163W,11,2.752831975895202,5.22359008708767,not_preferentially_represent
YGL081W,963,31,18.127043677988855,4.303885906,not_preferentially_represent,YGL081W,5,1.2512872617705466,1.3007144093248924,not_preferentially_represent
YKL140W,1647,53,30.991397255916432,4.302368583,not_preferentially_represent,YKL140W,66,16.516991855371213,10.034624456483119,not_preferentially_represent
YOR250C,1338,43,25.1439638114039,4.296726252,not_preferentially_represent,YOR250C,157,39.29042001959516,29.38700076259922,not_preferentially_represent
YBR006W,1494,48,28.067680533660166,4.29552235,not_preferentially_represent,YBR006W,70,17.51802166478765,11.733437149891259,not_preferentially_represent
YDL198C,903,29,16.95755698908635,4.293738495,not_preferentially_represent,YDL198C,442,110.61379394051632,122.63170059924202,not_preferentially_represent
YDR343C,1713,55,32.16088394481894,4.292701298,not_preferentially_represent,YDR343C,564,141.14520312771762,82.44462799516218,not_preferentially_represent
YIL095W,2433,78,45.60998086719777,4.286253344,not_preferentially_represent,YIL095W,35,8.759010832393825,3.601566954109303,not_preferentially_represent
YOR376W-A,156,5,2.9237167222562674,4.285196575,not_preferentially_represent,YOR376W-A,5,1.2512872617705466,8.072821043680944,not_preferentially_represent
YMR218C,3309,106,61.982794511832864,4.282865553,not_preferentially_represent,YMR218C,33,8.258495927685606,2.4965223481516343,not_preferentially_represent
YGL048C,1218,39,22.804990433598885,4.280974707,not_preferentially_represent,YGL048C,445,111.36456629757863,91.50744971041794,not_preferentially_represent
YHR121W,564,18,10.525380200122562,4.266961696,not_preferentially_represent,YHR121W,105,26.277032497181477,46.673237117551466,not_preferentially_represent
YJL006C,972,31,18.127043677988855,4.264035111,not_preferentially_represent,YJL006C,23,5.755921404144513,5.927828428573134,not_preferentially_represent
YGR228W,345,11,6.432176788963788,4.262839028,not_preferentially_represent,YGR228W,28,7.007208665915059,20.369792633474013,not_preferentially_represent
YMR311C,690,22,12.864353577927576,4.262839028,not_preferentially_represent,YMR311C,56,14.014417331830119,20.340228348084356,not_preferentially_represent
YNL150W,408,13,7.601663477866295,4.259989537,not_preferentially_represent,YNL150W,491,122.87640910586765,301.9076390807559,not_preferentially_represent
YPR007C,2043,65,38.00831738933148,4.253734045,not_preferentially_represent,YPR007C,4,1.0010298094164372,0.49022027885231984,not_preferentially_represent
YOR386W,1698,54,31.576140600367683,4.251884093,not_preferentially_represent,YOR386W,25,6.256436308852733,3.6867627040970725,not_preferentially_represent
YKR094C,755,24,14.033840266830083,4.250006881,not_preferentially_represent,YKR094C,6641,1661.9597410836398,2204.1906380419628,not_preferentially_represent
YER087W,1731,55,32.16088394481894,4.248063156,not_preferentially_represent,YER087W,21,5.255406499436296,3.037807225107685,not_preferentially_represent
YHR061C,945,30,17.542300333537604,4.244385179,not_preferentially_represent,YHR061C,45,11.261585355934917,11.929645504168345,not_preferentially_represent
YHR062C,882,28,16.372813644635098,4.244385179,not_preferentially_represent,YHR062C,209,52.30380754200884,59.368680524414124,not_preferentially_represent
YLR168C,693,22,12.864353577927576,4.244385179,not_preferentially_represent,YLR168C,90,22.523170711869835,32.547934554725195,not_preferentially_represent
YLR153C,2052,65,38.00831738933148,4.235077317,not_preferentially_represent,YLR153C,3696,924.9515439007879,450.9758868360741,not_preferentially_represent
YMR236W,474,15,8.771150166768802,4.230953581,not_preferentially_represent,YMR236W,288,72.07414627798347,152.37663060884455,not_preferentially_represent
YDR230W,348,11,6.432176788963788,4.226090416,not_preferentially_represent,YDR230W,32,8.008238475331497,23.078497047064833,not_preferentially_represent
YLR311C,348,11,6.432176788963788,4.226090416,not_preferentially_represent,YLR311C,1,0.2502574523541093,0.721203032720776,not_preferentially_represent
YMR169C,1521,48,28.067680533660166,4.219270474,not_preferentially_represent,YMR169C,44,11.011327903580808,7.244294673408427,not_preferentially_represent
YKL210W,3075,97,56.72010441177159,4.217469566,not_preferentially_represent,YKL210W,427,106.85993215520467,34.76250232765279,not_preferentially_represent
YIL104C,1524,48,28.067680533660166,4.210964824,not_preferentially_represent,YIL104C,53,13.263644974767793,8.708893614424026,not_preferentially_represent
YGR211W,1461,46,26.898193844757657,4.209523699,not_preferentially_represent,YGR211W,747,186.94231690851964,128.04268281405456,not_preferentially_represent
YLR057W,2550,80,46.77946755610028,4.194451236,not_preferentially_represent,YLR057W,49,12.262615165351356,4.810755262986016,not_preferentially_represent
YNL287W,2808,88,51.4574143117103,4.189969985,not_preferentially_represent,YNL287W,224,56.057669327320475,19.970669514542386,not_preferentially_represent
YER120W,735,23,13.449096922378828,4.183751105,not_preferentially_represent,YER120W,1776,444.4572353808981,605.5275686388258,not_preferentially_represent
YIL122W,1056,33,19.296530366891364,4.178066661,not_preferentially_represent,YIL122W,61,15.265704593600665,14.469862174029068,not_preferentially_represent
YNL314W,768,24,14.033840266830083,4.178066661,not_preferentially_represent,YNL314W,73,18.268794021849978,23.81850589550193,not_preferentially_represent
YER010C,705,22,12.864353577927576,4.172140325,not_preferentially_represent,YER010C,159,39.79093492430338,56.52121438111275,not_preferentially_represent
YGR059W,1539,48,28.067680533660166,4.169922281,not_preferentially_represent,YGR059W,4,1.0010298094164372,0.6508646355113376,not_preferentially_represent
YKR035C,642,20,11.69486688902507,4.165050877,not_preferentially_represent,YKR035C,63,15.766219498308887,24.596286268812612,not_preferentially_represent
YOR282W,321,10,5.847433444512535,4.165050877,not_preferentially_represent,YOR282W,2,0.5005149047082186,1.5641090772131832,not_preferentially_represent
YGR239C,867,27,15.788070300183842,4.163609683,not_preferentially_represent,YGR239C,76,19.019566378912305,21.96254778165393,not_preferentially_represent
YDL192W,546,17,9.94063685567131,4.162762387,not_preferentially_represent,YDL192W,1910,477.9917339963488,877.0490532043096,not_preferentially_represent
YKL071W,771,24,14.033840266830083,4.161809592,not_preferentially_represent,YKL071W,15,3.7538617853116394,4.8751451757294015,not_preferentially_represent
YGL161C,933,29,16.95755698908635,4.155676164,not_preferentially_represent,YGL161C,436,109.11224922639165,117.07322878368203,not_preferentially_represent
YLR211C,740,23,13.449096922378828,4.155482517,not_preferentially_represent,YLR211C,2,0.5005149047082186,0.6772867452073323,not_preferentially_represent
YPL137C,3831,119,69.58445798969916,4.152982993,not_preferentially_represent,YPL137C,64,16.016476950662994,4.181847767797127,not_preferentially_represent
YOR294W,612,19,11.110123544573817,4.150759036,not_preferentially_represent,YOR294W,659,164.91966110135803,269.9176122771817,not_preferentially_represent
YKL124W,1740,54,31.576140600367683,4.149252408,not_preferentially_represent,YKL124W,18,4.504634142373967,2.5903589087831898,not_preferentially_represent
YAL065C,387,12,7.0169201334150415,4.145678547,not_preferentially_represent,YAL065C,4,1.0010298094164372,2.593341475172117,not_preferentially_represent
YDL181W,258,8,4.677946755610028,4.145678547,not_preferentially_represent,YDL181W,87,21.772398354807507,84.71750332609925,not_preferentially_represent
YNL193W,1677,52,30.40665391146518,4.145678547,not_preferentially_represent,YNL193W,50,12.512872617705465,7.465914449704931,not_preferentially_represent
YGL160W,1713,53,30.991397255916432,4.136603069,not_preferentially_represent,YGL160W,88,22.022655807161616,12.863700821940197,not_preferentially_represent
YKR068C,582,18,10.525380200122562,4.134993809,not_preferentially_represent,YKR068C,305,76.32852296800334,131.37439409294893,not_preferentially_represent
YGL061C,744,23,13.449096922378828,4.133141213,not_preferentially_represent,YGL061C,17,4.254376690019858,5.725944401103443,not_preferentially_represent
YDL210W,1716,53,30.991397255916432,4.129371245,not_preferentially_represent,YDL210W,107,26.777547401889695,15.613730263492533,not_preferentially_represent
YBR072C-A,162,5,2.9237167222562674,4.126485591,not_preferentially_represent,YBR072C-A,3,0.7507723570623278,4.663182342002036,not_preferentially_represent
YJL011C,486,15,8.771150166768802,4.126485591,not_preferentially_represent,YJL011C,101,25.27600268776504,52.11546945930936,not_preferentially_represent
YPR022C,3402,105,61.39805116738161,4.126485591,not_preferentially_represent,YPR022C,86,21.5221409024534,6.328180212423816,not_preferentially_represent
YNL316C,1005,31,18.127043677988855,4.124022017,not_preferentially_represent,YNL316C,83,20.771368545391073,20.68861408903493,not_preferentially_represent
YKL037W,357,11,6.432176788963788,4.119550321,not_preferentially_represent,YKL037W,3,0.7507723570623278,2.1089111153436177,not_preferentially_represent
YOR183W,390,12,7.0169201334150415,4.113788712,not_preferentially_represent,YOR183W,2,0.5005149047082186,1.2866707061907932,not_preferentially_represent
YJR057W,651,20,11.69486688902507,4.107469528,not_preferentially_represent,YJR057W,92,23.023685616578053,35.42105479473547,not_preferentially_represent
YNL327W,3126,96,56.13536106732033,4.105892765,not_preferentially_represent,YNL327W,1504,376.38720834058034,120.44390666898572,not_preferentially_represent
YBR302C,1140,35,20.46601705579387,4.104767246,not_preferentially_represent,YBR302C,181,45.29659887609378,39.76874352598225,not_preferentially_represent
YKL023C-A,228,7,4.0932034111587745,4.104767246,not_preferentially_represent,YKL023C-A,279,69.8218292067965,307.5851506907334,not_preferentially_represent
YDR126W,1011,31,18.127043677988855,4.099547109,not_preferentially_represent,YDR126W,58,14.514932236538339,14.371220036176574,not_preferentially_represent
YPL265W,1827,56,32.745627289270196,4.09802707,not_preferentially_represent,YPL265W,276,69.07105684973416,37.82642762855102,not_preferentially_represent
YDR484W,1926,59,34.49985732262395,4.095633362,not_preferentially_represent,YDR484W,27,6.756951213560951,3.5101045265251694,not_preferentially_represent
YDL003W,1701,52,30.40665391146518,4.087185728,not_preferentially_represent,YDL003W,24,6.0061788564986225,3.5330463861756605,not_preferentially_represent
YAL051W,3144,96,56.13536106732033,4.082385745,not_preferentially_represent,YAL051W,27,6.756951213560951,2.1498413024374643,not_preferentially_represent
YDL219W,524,16,9.355893511220057,4.082385745,not_preferentially_represent,YDL219W,78,19.520081283620524,37.323291173270604,not_preferentially_represent
YPL222W,2067,63,36.838830700428964,4.074979385,not_preferentially_represent,YPL222W,41,10.260555546518482,4.9663870021870675,not_preferentially_represent
YGR085C,525,16,9.355893511220057,4.074609772,not_preferentially_represent,YGR085C,4153,1039.319199626616,1983.4335870736945,not_preferentially_represent
YML028W,591,18,10.525380200122562,4.07202436,not_preferentially_represent,YML028W,3481,871.1461916446544,1476.518968889245,not_preferentially_represent
YGL208W,1248,38,22.220247089147634,4.070936746,not_preferentially_represent,YGL208W,57,14.264674784184228,11.43919389268984,not_preferentially_represent
YJR124C,1347,41,23.97447712250139,4.069505166,not_preferentially_represent,YJR124C,322,80.5828996580232,59.86842470878395,not_preferentially_represent
YDR037W,1776,54,31.576140600367683,4.06514594,not_preferentially_represent,YDR037W,1715,429.1915307872974,241.79804551397038,not_preferentially_represent
YJL099W,2241,68,39.76254742268524,4.05688222,not_preferentially_represent,YJL099W,61,15.265704593600665,6.815046693571726,not_preferentially_represent
YBR214W,1584,48,28.067680533660166,4.05145858,not_preferentially_represent,YBR214W,234,58.560243850861575,36.993205212167766,not_preferentially_represent
YDR400W,1023,31,18.127043677988855,4.05145858,not_preferentially_represent,YDR400W,272,68.07002704031773,66.60472313142635,not_preferentially_represent
YKL215C,3861,117,68.41497130079665,4.05145858,not_preferentially_represent,YKL215C,58,14.514932236538339,3.7603451389995697,not_preferentially_represent
YJL056C,2643,80,46.77946755610028,4.046859876,not_preferentially_represent,YJL056C,47,11.762100260643136,4.451968304558341,not_preferentially_represent
YDR159W,3906,118,68.9997146452479,4.039011703,not_preferentially_represent,YDR159W,42,10.510812998872591,2.6916294491351063,not_preferentially_represent
YLR298C,696,21,12.279610233476323,4.033995397,not_preferentially_represent,YLR298C,28,7.007208665915059,10.082314627215913,not_preferentially_represent
YDL178W,1593,48,28.067680533660166,4.028568984,not_preferentially_represent,YDL178W,224,56.057669327320475,35.212103848819396,not_preferentially_represent
YAL029C,4416,133,77.77086481201671,4.026687434,not_preferentially_represent,YAL029C,131,32.78372625838831,7.425532561356357,not_preferentially_represent
YOR200W,399,12,7.0169201334150415,4.020996486,not_preferentially_represent,YOR200W,44,11.011327903580808,27.666653024072385,not_preferentially_represent
YMR075C-A,366,11,6.432176788963788,4.018249903,not_preferentially_represent,YMR075C-A,13,3.253346880603421,8.913279124940878,not_preferentially_represent
YDR045C,333,10,5.847433444512535,4.014958953,not_preferentially_represent,YDR045C,63,15.766219498308887,47.48861294671351,not_preferentially_represent
YEL068C,333,10,5.847433444512535,4.014958953,not_preferentially_represent,YEL068C,67,16.767249307725322,50.50376297507627,not_preferentially_represent
YDR443C,4263,128,74.84714808976045,4.014393864,not_preferentially_represent,YDR443C,40,10.010298094164373,2.348732542037628,not_preferentially_represent
YOR162C,2433,73,42.6862641449415,4.011493514,not_preferentially_represent,YOR162C,30,7.507723570623279,3.0870573892365454,not_preferentially_represent
YNL163C,3333,100,58.47433444512534,4.011345129,not_preferentially_represent,YNL163C,104,26.026775044827367,7.811156976238705,not_preferentially_represent
YGL243W,1203,36,21.050760400245125,4.00094164,not_preferentially_represent,YGL243W,45,11.261585355934917,9.369039397616405,not_preferentially_represent
YPL002C,702,21,12.279610233476323,3.999516804,not_preferentially_represent,YPL002C,46,11.511842808289027,16.422029683721863,not_preferentially_represent
YPR161C,1974,59,34.49985732262395,3.996043493,not_preferentially_represent,YPR161C,96,24.02471542599449,12.176743753671815,not_preferentially_represent
YDR218C,1272,38,22.220247089147634,3.994126619,not_preferentially_represent,YDR218C,3,0.7507723570623278,0.5906942227083618,not_preferentially_represent
YML012W,636,19,11.110123544573817,3.994126619,not_preferentially_represent,YML012W,746,186.69205945616554,294.003243238056,not_preferentially_represent
YKL021C,1407,42,24.559220466952645,3.990989049,not_preferentially_represent,YKL021C,122,30.53140918720133,21.715084770413466,not_preferentially_represent
YOR032W-A,201,6,3.5084600667075208,3.990989049,not_preferentially_represent,YOR032W-A,6,1.5015447141246556,7.507723570623279,not_preferentially_represent
YNR040W,771,23,13.449096922378828,3.988400859,not_preferentially_represent,YNR040W,31,7.757981022977387,10.075300029840763,not_preferentially_represent
YDR268W,1140,34,19.88127371134262,3.987488182,not_preferentially_represent,YDR268W,44,11.011327903580808,9.667539862669718,not_preferentially_represent
YGR127W,939,28,16.372813644635098,3.986738795,not_preferentially_represent,YGR127W,21,5.255406499436296,5.6027787840472225,not_preferentially_represent
YKL098W,1074,32,18.711787022440113,3.98355704,not_preferentially_represent,YKL098W,126,31.532438996617774,29.387175206540327,not_preferentially_represent
YOR311C,873,26,15.20332695573259,3.98184589,not_preferentially_represent,YOR311C,494,123.62718146292998,141.77429066849768,not_preferentially_represent
YER144C,2418,72,42.10152080049025,3.981085851,not_preferentially_represent,YER144C,93,23.273943068932162,9.629268956943386,not_preferentially_represent
YDL189W,1512,45,26.313450500306406,3.979111106,not_preferentially_represent,YDL189W,45,11.261585355934917,7.4530677405260874,not_preferentially_represent
YPL069C,1008,30,17.542300333537604,3.979111106,not_preferentially_represent,YPL069C,50,12.512872617705465,12.42589137805905,not_preferentially_represent
YDL208W,471,14,8.186406822317549,3.974042174,not_preferentially_represent,YDL208W,1021,255.51285885354557,543.6443805394587,not_preferentially_represent
YHL040C,1884,56,32.745627289270196,3.974042174,not_preferentially_represent,YHL040C,163,40.791964733719816,21.663284510738084,not_preferentially_represent
YBR032W,303,9,5.262690100061281,3.971231678,not_preferentially_represent,YBR032W,8,2.0020596188328743,6.629336486201571,not_preferentially_represent
YNL146W,303,9,5.262690100061281,3.971231678,not_preferentially_represent,YNL146W,7,1.7518021664787649,5.800669425426374,not_preferentially_represent
YHR043C,741,22,12.864353577927576,3.969445249,not_preferentially_represent,YHR043C,58,14.514932236538339,19.614773292619375,not_preferentially_represent
YLL024C,1920,57,33.33037063372145,3.969163328,not_preferentially_represent,YLL024C,5797,1450.7424512967716,755.9887708685626,not_preferentially_represent
YMR150C,573,17,9.94063685567131,3.96661128,not_preferentially_represent,YMR150C,91,22.773428164223944,39.81368560179011,not_preferentially_represent
YDR137W,1992,59,34.49985732262395,3.959934666,not_preferentially_represent,YDR137W,28,7.007208665915059,3.5194418211527174,not_preferentially_represent
YPR077C,372,11,6.432176788963788,3.953439421,not_preferentially_represent,YPR077C,3,0.7507723570623278,2.0236451672839024,not_preferentially_represent
YKL092C,3315,98,57.30484775622284,3.952463665,not_preferentially_represent,YKL092C,22,5.505663951790404,1.6613349281202185,not_preferentially_represent
YDL220C,2775,82,47.94895424500278,3.95071961,not_preferentially_represent,YDL220C,48,12.012357712997245,4.330338036408524,not_preferentially_represent
YGL124C,1935,57,33.33037063372145,3.93839462,not_preferentially_represent,YGL124C,48,12.012357712997245,6.211146697516673,not_preferentially_represent
YFR052C-A,306,9,5.262690100061281,3.932298034,not_preferentially_represent,YFR052C-A,10,2.502574523541093,8.205162372265878,not_preferentially_represent
YHR131C,2553,75,43.85575083384401,3.927677237,not_preferentially_represent,YHR131C,62,15.515962045954774,6.079922431800461,not_preferentially_represent
YDR296W,681,20,11.69486688902507,3.926523734,not_preferentially_represent,YDR296W,141,35.286300781929405,51.891618796955015,not_preferentially_represent
YNR003C,954,28,16.372813644635098,3.924054222,not_preferentially_represent,YNR003C,301,75.32749315858689,79.04249019788762,not_preferentially_represent
YKL165C,2760,81,47.36421090055153,3.92374956,not_preferentially_represent,YKL165C,193,48.29968830434309,207.29479958945532,not_preferentially_represent
YGL086W,2250,66,38.59306073378273,3.921811906,not_preferentially_represent,YGL086W,14,3.5036043329575297,1.5578498590295822,not_preferentially_represent
YHR070W,1500,44,25.72870715585515,3.921811906,not_preferentially_represent,YHR070W,328,82.08444437214786,226.75260876283934,not_preferentially_represent
YGR129W,648,19,11.110123544573817,3.920161311,not_preferentially_represent,YGR129W,8,2.0020596188328743,3.094373444873067,not_preferentially_represent
YLR262C,648,19,11.110123544573817,3.920161311,not_preferentially_represent,YLR262C,17,4.254376690019858,6.575543570355268,not_preferentially_represent
YDR039C,3276,96,56.13536106732033,3.917894012,not_preferentially_represent,YDR039C,624,156.1606502689642,47.68264130350052,not_preferentially_represent
YIL017C,2766,81,47.36421090055153,3.915238172,not_preferentially_represent,YIL017C,27,6.756951213560951,2.443743657707396,not_preferentially_represent
YLR299W,1983,58,33.9151139781727,3.910484984,not_preferentially_represent,YLR299W,340,85.08753380039717,42.93013814348999,not_preferentially_represent
YKL164C,1026,30,17.542300333537604,3.909302139,not_preferentially_represent,YKL164C,3796,949.9772891361989,926.8071113523891,not_preferentially_represent
YER062C,753,22,12.864353577927576,3.906187157,not_preferentially_represent,YER062C,99,24.77548778305682,32.9461273710862,not_preferentially_represent
YGL075C,1164,34,19.88127371134262,3.90527193,not_preferentially_represent,YGL075C,12,3.0030894282493112,2.582192113713939,not_preferentially_represent
YNL031C,411,12,7.0169201334150415,3.903595128,not_preferentially_represent,YNL031C,3431,858.633319026949,2094.2276073828025,not_preferentially_represent
YBR004C,1302,38,22.220247089147634,3.902096052,not_preferentially_represent,YBR004C,312,78.0803251344821,60.01562270136979,not_preferentially_represent
YOR388C,1131,33,19.296530366891364,3.901006537,not_preferentially_represent,YOR388C,5,1.2512872617705466,1.1073338599739349,not_preferentially_represent
YHR140W,720,21,12.279610233476323,3.899528883,not_preferentially_represent,YHR140W,11,2.752831975895202,3.8286953767666234,not_preferentially_represent
YLR265C,1029,30,17.542300333537604,3.897904756,not_preferentially_represent,YLR265C,28,7.007208665915059,6.816350842329825,not_preferentially_represent
YCR101C,549,16,9.355893511220057,3.896484755,not_preferentially_represent,YCR101C,7,1.7518021664787649,3.1967192818955565,not_preferentially_represent
YCR050C,309,9,5.262690100061281,3.894120383,not_preferentially_represent,YCR050C,61,15.265704593600665,49.56397595324892,not_preferentially_represent
YKL192C,378,11,6.432176788963788,3.890686414,not_preferentially_represent,YKL192C,908,227.23376673753123,602.7420868369529,not_preferentially_represent
YHR207C,1581,46,26.898193844757657,3.890015259,not_preferentially_represent,YHR207C,31,7.757981022977387,4.910114571504676,not_preferentially_represent
YNL242W,4779,139,81.27932487872422,3.888688116,not_preferentially_represent,YNL242W,43,10.7610704512267,2.252212317125722,not_preferentially_represent
YCR047W-A,207,6,3.5084600667075208,3.875308207,not_preferentially_represent,YCR047W-A,46,11.511842808289027,55.88273207907295,not_preferentially_represent
YIL044C,897,26,15.20332695573259,3.875308207,not_preferentially_represent,YIL044C,97,24.2749728783486,27.092603658871205,not_preferentially_represent
YML058W-A,207,6,3.5084600667075208,3.875308207,not_preferentially_represent,YML058W-A,13,3.253346880603421,15.792946022346703,not_preferentially_represent
YOR387C,621,18,10.525380200122562,3.875308207,not_preferentially_represent,YOR387C,3,0.7507723570623278,1.2109231565521417,not_preferentially_represent
YHR077C,3383,98,57.30484775622284,3.873017159,not_preferentially_represent,YHR077C,52,13.013387522413684,3.8478378244866005,not_preferentially_represent
YLR266C,2106,61,35.66934401152646,3.872548016,not_preferentially_represent,YLR266C,58,14.514932236538339,6.8954547441987355,not_preferentially_represent
YLR134W,1692,49,28.65242387811142,3.87187265,not_preferentially_represent,YLR134W,89,22.272913259515725,13.171444860742595,not_preferentially_represent
YMR066W,2697,78,45.60998086719777,3.866686832,not_preferentially_represent,YMR066W,17,4.254376690019858,1.5780328968916386,not_preferentially_represent
YBL017C,4740,137,80.10983818982173,3.864270937,not_preferentially_represent,YBL017C,151,37.788875305470505,7.974018844792257,not_preferentially_represent
YHR186C,4674,135,78.94035150091922,3.861627722,not_preferentially_represent,YHR186C,66,16.516991855371213,3.5345584967625108,not_preferentially_represent
YNL268W,1836,53,30.991397255916432,3.8594777,not_preferentially_represent,YNL268W,1015,254.0113141394209,138.42578427216398,not_preferentially_represent
YDL021W,936,27,15.788070300183842,3.856676918,not_preferentially_represent,YDL021W,2,0.5005149047082186,0.5353100585114637,not_preferentially_represent
YHR182W,2358,68,39.76254742268524,3.855586537,not_preferentially_represent,YHR182W,48,12.012357712997245,5.09646063343116,not_preferentially_represent
YOR036W,867,25,14.618583611281336,3.855194151,not_preferentially_represent,YOR036W,42,10.510812998872591,12.137197458282436,not_preferentially_represent
YNR021W,1215,35,20.46601705579387,3.851386552,not_preferentially_represent,YNR021W,328,82.08444437214786,67.61486356849082,not_preferentially_represent
YOR276W,486,14,8.186406822317549,3.851386552,not_preferentially_represent,YOR276W,1611,403.1647557424701,831.2675376133403,not_preferentially_represent
YPL022W,3303,95,55.55061772286908,3.845389842,not_preferentially_represent,YPL022W,73,18.268794021849978,5.532645070215015,not_preferentially_represent
YDL182W,1287,37,21.63550374469638,3.843691474,not_preferentially_represent,YDL182W,579,144.8990649130293,112.67423399146911,not_preferentially_represent
YPR149W,522,15,8.771150166768802,3.841900378,not_preferentially_represent,YPR149W,531,132.88670720003205,255.0608583493897,not_preferentially_represent
YBR115C,4179,120,70.16920133415042,3.839142373,not_preferentially_represent,YBR115C,256,64.06590780265198,15.334109095895638,not_preferentially_represent
YGR188C,3066,88,51.4574143117103,3.83738934,not_preferentially_represent,YGR188C,19,4.754891594728076,1.5513512543974148,not_preferentially_represent
YHR079C,3348,96,56.13536106732033,3.833638226,not_preferentially_represent,YHR079C,55,13.764159879476011,4.1123871764194835,not_preferentially_represent
YCR088W,1779,51,29.821910567013926,3.832830124,not_preferentially_represent,YCR088W,301,75.32749315858689,42.36641909931772,not_preferentially_represent
YKL094W,942,27,15.788070300183842,3.832112097,not_preferentially_represent,YKL094W,263,65.81770996913073,69.94443142309325,not_preferentially_represent
YNL110C,663,19,11.110123544573817,3.831469879,not_preferentially_represent,YNL110C,109,27.278062306597914,41.20553218519322,not_preferentially_represent
YKL108W,1362,39,22.804990433598885,3.828360641,not_preferentially_represent,YKL108W,18,4.504634142373967,3.309797312545163,not_preferentially_represent
YBL060W,2064,59,34.49985732262395,3.821797411,not_preferentially_represent,YBL060W,14,3.5036043329575297,1.6983055419086428,not_preferentially_represent
YBR153W,735,21,12.279610233476323,3.819946661,not_preferentially_represent,YBR153W,81,20.270853640682855,27.61696681291942,not_preferentially_represent
YBR271W,1260,36,21.050760400245125,3.819946661,not_preferentially_represent,YBR271W,288,72.07414627798347,57.24713763144041,not_preferentially_represent
YIL004C,560,16,9.355893511220057,3.819946661,not_preferentially_represent,YIL004C,54,13.513902427121902,24.17513851005707,not_preferentially_represent
YLL023C,840,24,14.033840266830083,3.819946661,not_preferentially_represent,YLL023C,442,110.61379394051632,131.84004045353552,not_preferentially_represent
YMR241W,945,27,15.788070300183842,3.819946661,not_preferentially_represent,YMR241W,1012,253.26054178235862,268.2844722270748,not_preferentially_represent
YNL296W,315,9,5.262690100061281,3.819946661,not_preferentially_represent,YNL296W,4,1.0010298094164372,3.1879930236192267,not_preferentially_represent
YFL002C,1821,52,30.40665391146518,3.817848942,not_preferentially_represent,YFL002C,90,22.523170711869835,12.375368523005404,not_preferentially_represent
YBR152W,876,25,14.618583611281336,3.815585992,not_preferentially_represent,YBR152W,6,1.5015447141246556,1.7160511018567495,not_preferentially_represent
YJL105W,1683,48,28.067680533660166,3.813137487,not_preferentially_represent,YJL105W,10,2.502574523541093,1.4878564349233607,not_preferentially_represent
YBR028C,1578,45,26.313450500306406,3.812684405,not_preferentially_represent,YBR028C,60,15.015447141246558,9.521526405356092,not_preferentially_represent
YBR155W,1158,33,19.296530366891364,3.810050426,not_preferentially_represent,YBR155W,77,19.269823831266415,16.654990346816263,not_preferentially_represent
YEL057C,702,20,11.69486688902507,3.809063622,not_preferentially_represent,YEL057C,10,2.502574523541093,3.570006452983014,not_preferentially_represent
YLL012W,1722,49,28.65242387811142,3.804418423,not_preferentially_represent,YLL012W,196,49.050460661405424,28.501139257063,not_preferentially_represent
YCR082W,387,11,6.432176788963788,3.800205335,not_preferentially_represent,YCR082W,178,44.54582651903145,115.4036956451592,not_preferentially_represent
YKL197C,3132,89,52.04215765616156,3.799212596,not_preferentially_represent,YKL197C,47,11.762100260643136,3.7566592975544992,not_preferentially_represent
YOL083C-A,141,4,2.338973377805014,3.792854841,not_preferentially_represent,YOL083C-A,2,0.5005149047082186,3.5751064622015614,not_preferentially_represent
YIL003W,882,25,14.618583611281336,3.789629624,not_preferentially_represent,YIL003W,136,34.03501352015886,38.63225144172402,not_preferentially_represent
YKL212W,1872,53,30.991397255916432,3.785256975,not_preferentially_represent,YKL212W,423,105.85890234578824,56.57878265408243,not_preferentially_represent
YNR020C,813,23,13.449096922378828,3.78235801,not_preferentially_represent,YNR020C,25,6.256436308852733,7.704970823710261,not_preferentially_represent
YPR054W,1167,33,19.296530366891364,3.780667004,not_preferentially_represent,YPR054W,52,13.013387522413684,11.160709710474856,not_preferentially_represent
YMR124W,2832,80,46.77946755610028,3.776783422,not_preferentially_represent,YMR124W,71,17.76827911714176,31.729069852038858,not_preferentially_represent
YCR081W,4284,121,70.75394467860167,3.776254461,not_preferentially_represent,YCR081W,24,6.0061788564986225,1.4023298754374558,not_preferentially_represent
YNL149C,390,11,6.432176788963788,3.770972986,not_preferentially_represent,YNL149C,467,116.87023024936903,287.1504428731426,not_preferentially_represent
YIL027C,426,12,7.0169201334150415,3.766144596,not_preferentially_represent,YIL027C,149,37.288360400762286,87.7373185900289,not_preferentially_represent
YKR033C,426,12,7.0169201334150415,3.766144596,not_preferentially_represent,YKR033C,32,8.008238475331497,18.842914059603523,not_preferentially_represent
YCR057C,2772,78,45.60998086719777,3.762068682,not_preferentially_represent,YCR057C,390,97.60040641810262,35.22208820573895,not_preferentially_represent
YMR265C,1386,39,22.804990433598885,3.762068682,not_preferentially_represent,YMR265C,142,35.53655823428352,25.658164790096404,not_preferentially_represent
YNL234W,1281,36,21.050760400245125,3.757324585,not_preferentially_represent,YNL234W,120,30.030894282493115,23.461636158197745,not_preferentially_represent
YPL125W,3099,87,50.872670967259054,3.753384183,not_preferentially_represent,YPL125W,47,11.762100260643136,3.796675358503272,not_preferentially_represent
YJL015C,285,8,4.677946755610028,3.752930053,not_preferentially_represent,YJL015C,18,4.504634142373967,15.861387825260447,not_preferentially_represent
YNR039C,1818,51,29.821910567013926,3.750607696,not_preferentially_represent,YNR039C,57,14.264674784184228,7.850674069446466,not_preferentially_represent
YJR123W,678,19,11.110123544573817,3.746702846,not_preferentially_represent,YJR123W,19165,4796.184074366504,7084.466874987451,preferentially_represented
YJR106W,2178,61,35.66934401152646,3.7445299,not_preferentially_represent,YJR106W,123,30.781666639555443,14.139488580411319,not_preferentially_represent
YDL222C,930,26,15.20332695573259,3.737797271,not_preferentially_represent,YDL222C,6,1.5015447141246556,1.61630216805668,not_preferentially_represent
YOR065W,930,26,15.20332695573259,3.737797271,not_preferentially_represent,YOR065W,124,31.03192409190955,33.403578139838054,not_preferentially_represent
YHL048W,1146,32,18.711787022440113,3.733281205,not_preferentially_represent,YHL048W,245,61.31307582675678,53.54853783996225,not_preferentially_represent
YLL011W,1470,41,23.97447712250139,3.72899555,not_preferentially_represent,YLL011W,84,21.021625997745183,14.31016065197085,not_preferentially_represent
YBL004W,7482,208,121.62661564586072,3.716815249,not_preferentially_represent,YBL004W,170,42.543766900198584,5.6869090897204355,not_preferentially_represent
YDR513W,432,12,7.0169201334150415,3.713837032,not_preferentially_represent,YDR513W,269,67.3192546832554,156.193166318458,not_preferentially_represent
YEL073C,324,9,5.262690100061281,3.713837032,not_preferentially_represent,YEL073C,17,4.254376690019858,13.171444860742595,not_preferentially_represent
YGR121W-A,216,6,3.5084600667075208,3.713837032,not_preferentially_represent,YGR121W-A,1,0.2502574523541093,1.1639881504842293,not_preferentially_represent
YLR030W,792,22,12.864353577927576,3.713837032,not_preferentially_represent,YLR030W,16,4.004119237665749,5.062097645595131,not_preferentially_represent
YLR355C,1188,33,19.296530366891364,3.713837032,not_preferentially_represent,YLR355C,4951,1239.0246466051951,1043.828682902439,not_preferentially_represent
YML034W,2631,73,42.6862641449415,3.709602326,not_preferentially_represent,YML034W,37,9.259525737102043,23.26514004296996,not_preferentially_represent
YGR118W,757,21,12.279610233476323,3.708931038,not_preferentially_represent,YGR118W,4877,1220.505595130991,1614.4253903849087,not_preferentially_represent
YOR133W,2529,70,40.93203411158774,3.70062053,not_preferentially_represent,YOR133W,34902,8734.485602063121,3455.0971527148427,not_preferentially_represent
YHR137C-A,651,18,10.525380200122562,3.696722575,not_preferentially_represent,YHR137C-A,166,41.54273709078215,63.91190321658791,not_preferentially_represent
YNR023W,1701,47,27.482937189208915,3.6941871,not_preferentially_represent,YNR023W,37,9.259525737102043,5.446779845354143,not_preferentially_represent
YKL110C,942,26,15.20332695573259,3.690182019,not_preferentially_represent,YKL110C,94,23.52420052128627,24.999150394565646,not_preferentially_represent
YHR011W,1341,37,21.63550374469638,3.688911951,not_preferentially_represent,YHR011W,15,3.7538617853116394,2.8013893920236113,not_preferentially_represent
YFR032C,870,24,14.033840266830083,3.688224363,not_preferentially_represent,YFR032C,5,1.2512872617705466,1.4399162966289372,not_preferentially_represent
YHR150W,1740,48,28.067680533660166,3.688224363,not_preferentially_represent,YHR150W,18,4.504634142373967,2.5903589087831898,not_preferentially_represent
YDR467C,327,9,5.262690100061281,3.679765132,not_preferentially_represent,YDR467C,10,2.502574523541093,7.6766089679174625,not_preferentially_represent
YGR205W,873,24,14.033840266830083,3.675550052,not_preferentially_represent,YGR205W,25,6.256436308852733,7.174812280794418,not_preferentially_represent
YLR132C,873,24,14.033840266830083,3.675550052,not_preferentially_represent,YLR132C,30,7.507723570623279,8.609774736953302,not_preferentially_represent
YDL193W,1128,31,18.127043677988855,3.674328127,not_preferentially_represent,YDL193W,82,20.521111093036964,18.208616764007953,not_preferentially_represent
YNL307C,1128,31,18.127043677988855,3.674328127,not_preferentially_represent,YNL307C,1106,276.7847423036449,245.59427001210724,not_preferentially_represent
YOR061W,1020,28,16.372813644635098,3.670144831,not_preferentially_represent,YOR061W,165,41.292479638428034,40.522551166268926,not_preferentially_represent
YBR245C,3390,93,54.38113103396657,3.667824892,not_preferentially_represent,YBR245C,132,33.033983710742426,9.747413310930193,not_preferentially_represent
YGL257C,1677,46,26.898193844757657,3.667331022,not_preferentially_represent,YGL257C,96,24.02471542599449,14.334555743433468,not_preferentially_represent
YOL034W,3282,90,52.62690100061281,3.666310781,not_preferentially_represent,YOL034W,32,8.008238475331497,2.4407919766325805,not_preferentially_represent
YOR175C,1860,51,29.821910567013926,3.665916554,not_preferentially_represent,YOR175C,200,50.05149047082186,26.923878682529242,not_preferentially_represent
YNL238W,2445,67,39.17780407823398,3.663711624,not_preferentially_represent,YNL238W,400,100.10298094164372,40.95866650640087,not_preferentially_represent
YFL021W,1533,42,24.559220466952645,3.662962552,not_preferentially_represent,YFL021W,1035,259.01646318650313,303.2979662605423,not_preferentially_represent
YLR294C,330,9,5.262690100061281,3.646312722,not_preferentially_represent,YLR294C,82,20.521111093036964,62.37419785117618,not_preferentially_represent
YEL051W,771,21,12.279610233476323,3.641583393,not_preferentially_represent,YEL051W,603,150.90524376952789,195.98083606432195,not_preferentially_represent
YHR183W,1470,40,23.38973377805014,3.638044439,not_preferentially_represent,YHR183W,5383,1347.1358660221704,2848.06737002573,not_preferentially_represent
YNL282W,588,16,9.355893511220057,3.638044439,not_preferentially_represent,YNL282W,16,4.004119237665749,6.821327491764478,not_preferentially_represent
YML132W,1140,31,18.127043677988855,3.635650989,not_preferentially_represent,YML132W,211,52.80432244671706,46.36024797780251,not_preferentially_represent
YKL201C,3537,96,56.13536106732033,3.628787329,not_preferentially_represent,YKL201C,91,22.773428164223944,6.440449141466048,not_preferentially_represent
YJR004C,1953,53,30.991397255916432,3.62826475,not_preferentially_represent,YJR004C,2311,578.3449723903466,296.2832850360382,not_preferentially_represent
YCR072C,1548,42,24.559220466952645,3.627468729,not_preferentially_represent,YCR072C,362,90.59319775218756,58.56056738990792,not_preferentially_represent
YBL086C,1401,38,22.220247089147634,3.626359072,not_preferentially_represent,YBL086C,35,8.759010832393825,6.256436308852733,not_preferentially_represent
YOL036W,2286,62,36.25408735597771,3.626108598,not_preferentially_represent,YOL036W,164,41.04222218607393,51.495887310004925,not_preferentially_represent
YKL125W,1884,51,29.821910567013926,3.61921698,not_preferentially_represent,YKL125W,157,39.29042001959516,20.865862995005394,not_preferentially_represent
YGL092W,3954,107,62.56753785628411,3.618032435,not_preferentially_represent,YGL092W,213,53.30483735142528,13.484654022622129,not_preferentially_represent
YKR075C,924,25,14.618583611281336,3.617373732,not_preferentially_represent,YKR075C,115,28.779607020722565,31.18050598128122,not_preferentially_represent
YJL112W,2145,58,33.9151139781727,3.615147656,not_preferentially_represent,YJL112W,56,14.014417331830119,6.536575248055094,not_preferentially_represent
YKL065W-A,222,6,3.5084600667075208,3.613463058,not_preferentially_represent,YKL065W-A,6,1.5015447141246556,6.794319973414732,not_preferentially_represent
YAL049C,741,20,11.69486688902507,3.60858659,not_preferentially_represent,YAL049C,307,76.82903787271155,103.82302415231291,not_preferentially_represent
YGL159W,1113,30,17.542300333537604,3.603723265,not_preferentially_represent,YGL159W,54,13.513902427121902,12.152789952447753,not_preferentially_represent
YGL051W,705,19,11.110123544573817,3.603212099,not_preferentially_represent,YGL051W,62,15.515962045954774,22.03971881527667,not_preferentially_represent
YHR049C-A,297,8,4.677946755610028,3.601296516,not_preferentially_represent,YHR049C-A,37,9.259525737102043,31.28218154426366,not_preferentially_represent
YDR524C,1449,39,22.804990433598885,3.598500478,not_preferentially_represent,YDR524C,58,14.514932236538339,60.73193404409347,not_preferentially_represent
YMR105C,1710,46,26.898193844757657,3.596557968,not_preferentially_represent,YMR105C,89,22.272913259515725,13.032716945298846,not_preferentially_represent
YBR001C,2343,63,36.838830700428964,3.594956205,not_preferentially_represent,YBR001C,48,12.012357712997245,5.129102353969789,not_preferentially_represent
YCR004C,744,20,11.69486688902507,3.594035837,not_preferentially_represent,YCR004C,326,81.58392946743963,109.80340439763073,not_preferentially_represent
YPL256C,1638,44,25.72870715585515,3.591402844,not_preferentially_represent,YPL256C,240,60.06178856498623,36.69015795051083,not_preferentially_represent
YLR369W,1974,53,30.991397255916432,3.589666189,not_preferentially_represent,YLR369W,24,6.0061788564986225,3.0441859384179537,not_preferentially_represent
YDL130W-A,261,7,4.0932034111587745,3.585773686,not_preferentially_represent,YDL130W-A,17,4.254376690019858,16.362987269307148,not_preferentially_represent
YDR338C,2088,56,32.745627289270196,3.585773686,not_preferentially_represent,YDR338C,106,26.527289949535586,12.710728293979676,not_preferentially_represent
YGR268C,597,16,9.355893511220057,3.583199548,not_preferentially_represent,YGR268C,101,25.27600268776504,42.409400482827245,not_preferentially_represent
YOL103W,1830,49,28.65242387811142,3.579895368,not_preferentially_represent,YOL103W,163,40.791964733719816,30.856251689651902,not_preferentially_represent
YEL037C,1197,32,18.711787022440113,3.574219098,not_preferentially_represent,YEL037C,409,102.3552980128307,85.58135285353737,not_preferentially_represent
YER116C,825,22,12.864353577927576,3.565283551,not_preferentially_represent,YER116C,16,4.004119237665749,4.859368006875909,not_preferentially_represent
YFR036W,375,10,5.847433444512535,3.565283551,not_preferentially_represent,YFR036W,30,7.507723570623279,20.07412719417989,not_preferentially_represent
YPL046C,300,8,4.677946755610028,3.565283551,not_preferentially_represent,YPL046C,35,8.759010832393825,29.294350610012792,not_preferentially_represent
YGR240C,2964,79,46.194724211649024,3.563479257,not_preferentially_represent,YGR240C,1953,488.75280444757544,164.9520096009367,not_preferentially_represent
YJL041W,2590,69,40.347290767136485,3.561842157,not_preferentially_represent,YJL041W,162,40.54170728136571,15.659214863408923,not_preferentially_represent
YOR063W,1164,31,18.127043677988855,3.560689113,not_preferentially_represent,YOR063W,16358,4093.7114056085197,3519.958216344385,not_preferentially_represent
YDR213W,2742,73,42.6862641449415,3.559432429,not_preferentially_represent,YDR213W,57,14.264674784184228,5.204186349574692,not_preferentially_represent
YNL207W,1278,34,19.88127371134262,3.55691434,not_preferentially_represent,YNL207W,281,70.3223441115047,55.06839789467871,not_preferentially_represent
YBR079C,2895,77,45.025237522746515,3.556047065,not_preferentially_represent,YBR079C,768,192.19772340795592,66.41248217275603,not_preferentially_represent
YML022W,564,15,8.771150166768802,3.555801413,not_preferentially_represent,YML022W,2392,598.6158260310294,1063.260792239839,not_preferentially_represent
YHR137W,1542,41,23.97447712250139,3.554879027,not_preferentially_represent,YHR137W,483,120.87434948703479,78.43890297666113,not_preferentially_represent
YGR183C,414,11,6.432176788963788,3.552365857,not_preferentially_represent,YGR183C,235,58.81050130321568,142.39830824023167,not_preferentially_represent
YGL152C,678,18,10.525380200122562,3.54950796,not_preferentially_represent,YGL152C,25,6.256436308852733,9.241412568467847,not_preferentially_represent
YNL325C,2640,70,40.93203411158774,3.545026258,not_preferentially_represent,YNL325C,27,6.756951213560951,2.560421073725256,not_preferentially_represent
YNL035C,1170,31,18.127043677988855,3.542429169,not_preferentially_represent,YNL035C,90,22.523170711869835,19.26704081425991,not_preferentially_represent
YLR218C,453,12,7.0169201334150415,3.541672401,not_preferentially_represent,YLR218C,23,5.755921404144513,12.734339389700251,not_preferentially_represent
YPL166W,642,17,9.94063685567131,3.540293245,not_preferentially_represent,YPL166W,16,4.004119237665749,6.246675877793679,not_preferentially_represent
YMR214W,1134,30,17.542300333537604,3.536987649,not_preferentially_represent,YMR214W,115,28.779607020722565,25.401241854124066,not_preferentially_represent
YDL093W,2232,59,34.49985732262395,3.53413524,not_preferentially_represent,YDL093W,61,15.265704593600665,29.9915610876241,not_preferentially_represent
YIL031W,3105,82,47.94895424500278,3.530836367,not_preferentially_represent,YIL031W,29,7.2574661182691695,2.338101197895995,not_preferentially_represent
YGR025W,303,8,4.677946755610028,3.529983713,not_preferentially_represent,YGR025W,15,3.7538617853116394,12.430005911627944,not_preferentially_represent
YEL055C,3069,81,47.36421090055153,3.528689731,not_preferentially_represent,YEL055C,141,35.286300781929405,11.501401819403329,not_preferentially_represent
YMR013C,1560,41,23.97447712250139,3.513861192,not_preferentially_represent,YMR013C,123,30.781666639555443,19.744494316584632,not_preferentially_represent
YDL171C,6438,169,98.82162521226184,3.509627913,not_preferentially_represent,YDL171C,964,241.24818406936134,37.47835700937725,not_preferentially_represent
YML011C,534,14,8.186406822317549,3.505194502,not_preferentially_represent,YML011C,76,19.019566378912305,35.683989453869245,not_preferentially_represent
YMR039C,879,23,13.449096922378828,3.498358433,not_preferentially_represent,YMR039C,43,10.7610704512267,12.256344477479157,not_preferentially_represent
YDR201W,498,13,7.601663477866295,3.490111909,not_preferentially_represent,YDR201W,32,8.008238475331497,16.113155885978866,not_preferentially_represent
YGR057C,729,19,11.110123544573817,3.484587832,not_preferentially_represent,YGR057C,10,2.502574523541093,3.4376023675015013,not_preferentially_represent
YGL087C,499,13,7.601663477866295,3.483117697,not_preferentially_represent,YGL087C,125,31.28218154426366,62.81562559089089,not_preferentially_represent
YFR001W,615,16,9.355893511220057,3.478325415,not_preferentially_represent,YFR001W,97,24.2749728783486,39.535786446821824,not_preferentially_represent
YBR195C,1269,33,19.296530366891364,3.476783604,not_preferentially_represent,YBR195C,86,21.5221409024534,16.97329724168249,not_preferentially_represent
YHR118C,1308,34,19.88127371134262,3.475333736,not_preferentially_represent,YHR118C,17,4.254376690019858,3.255070153037382,not_preferentially_represent
YDR485C,2388,62,36.25408735597771,3.471224562,not_preferentially_represent,YDR485C,33,8.258495927685606,3.4597804472918336,not_preferentially_represent
YKR101W,1965,51,29.821910567013926,3.470027883,not_preferentially_represent,YKR101W,13,3.253346880603421,1.6564902650730249,not_preferentially_represent
YOL140W,1272,33,19.296530366891364,3.468583643,not_preferentially_represent,YOL140W,134,33.534498615450644,26.384341947640163,not_preferentially_represent
YLR046C,813,21,12.279610233476323,3.453457314,not_preferentially_represent,YLR046C,31,7.757981022977387,8.140588691476797,not_preferentially_represent
YER167W,2556,66,38.59306073378273,3.452299213,not_preferentially_represent,YER167W,66,16.516991855371213,6.46457606863844,not_preferentially_represent
YGL258W,621,16,9.355893511220057,3.444718406,not_preferentially_represent,YGL258W,5,1.2512872617705466,5.370331595581744,not_preferentially_represent
YOR316C,1320,34,19.88127371134262,3.443739793,not_preferentially_represent,YOR316C,312,78.0803251344821,59.19660738019871,not_preferentially_represent
YLR238W,1437,37,21.63550374469638,3.442471069,not_preferentially_represent,YLR238W,16,4.004119237665749,2.788383870240772,not_preferentially_represent
YDR164C,2175,56,32.745627289270196,3.442342738,not_preferentially_represent,YDR164C,61,15.265704593600665,7.021943235326893,not_preferentially_represent
YJL210W,816,21,12.279610233476323,3.440760779,not_preferentially_represent,YJL210W,161,40.2914498290116,90.95135401582753,not_preferentially_represent
YGR256W,1479,38,22.220247089147634,3.435110926,not_preferentially_represent,YGR256W,38,9.509783189456153,6.434224079469657,not_preferentially_represent
YDR026C,1713,44,25.72870715585515,3.434161038,not_preferentially_represent,YDR026C,46,11.511842808289027,6.724207247832376,not_preferentially_represent
YEL016C,1482,38,22.220247089147634,3.42815726,not_preferentially_represent,YEL016C,35,8.759010832393825,5.9142544445603145,not_preferentially_represent
YML082W,1950,50,29.23716722256267,3.42815726,not_preferentially_represent,YML082W,123,30.781666639555443,16.040472454171674,not_preferentially_represent
YBL047C,4146,106,61.982794511832864,3.418234953,not_preferentially_represent,YBL047C,291,72.8249186350458,17.56934104584941,not_preferentially_represent
YKR070W,1059,27,15.788070300183842,3.408734273,not_preferentially_represent,YKR070W,175,43.79505416196912,41.3941910793659,not_preferentially_represent
YGR084C,1020,26,15.20332695573259,3.407991629,not_preferentially_represent,YGR084C,44,11.011327903580808,10.80601364433838,not_preferentially_represent
YPR103W,864,22,12.864353577927576,3.404350613,not_preferentially_represent,YPR103W,419,104.8578725363718,121.50390792163591,not_preferentially_represent
YDR050C,747,19,11.110123544573817,3.40062186,not_preferentially_represent,YDR050C,11621,2908.2418538071042,3898.4475252105954,preferentially_represented
YPR202W,865,22,12.864353577927576,3.400414947,not_preferentially_represent,YPR202W,14,3.5036043329575297,4.055097607589734,not_preferentially_represent
YOL106W,354,9,5.262690100061281,3.39910508,not_preferentially_represent,YOL106W,3,0.7507723570623278,5.865409039549436,not_preferentially_represent
YJL044C,1377,35,20.46601705579387,3.398282251,not_preferentially_represent,YJL044C,87,21.772398354807507,15.822963920644991,not_preferentially_represent
YCR051W,669,17,9.94063685567131,3.397411455,not_preferentially_represent,YCR051W,348,87.08959341923003,130.37364284315873,not_preferentially_represent
YMR171C,1653,42,24.559220466952645,3.397048755,not_preferentially_represent,YMR171C,141,35.286300781929405,21.359746236034752,not_preferentially_represent
YBR138C,1575,40,23.38973377805014,3.395508143,not_preferentially_represent,YBR138C,10,2.502574523541093,1.589945694752918,not_preferentially_represent
YPR061C,906,23,13.449096922378828,3.394102718,not_preferentially_represent,YPR061C,36,9.009268284747934,9.954992579831972,not_preferentially_represent
YOR335C,2877,73,42.6862641449415,3.392410052,not_preferentially_represent,YOR335C,1411,353.1132652716482,122.77929946858421,not_preferentially_represent
YIL087C,474,12,7.0169201334150415,3.384762864,not_preferentially_represent,YIL087C,63,15.766219498308887,33.332387945684744,not_preferentially_represent
YMR076C,3834,97,56.72010441177159,3.382555794,not_preferentially_represent,YMR076C,21,5.255406499436296,1.371094834186354,not_preferentially_represent
YDR515W,1344,34,19.88127371134262,3.38224444,not_preferentially_represent,YDR515W,6,1.5015447141246556,1.118052653853057,not_preferentially_represent
YIL060W,435,11,6.432176788963788,3.380872332,not_preferentially_represent,YIL060W,19,4.754891594728076,10.95597141642414,not_preferentially_represent
YIR015W,435,11,6.432176788963788,3.380872332,not_preferentially_represent,YIR015W,9,2.2523170711869835,5.18967067093775,not_preferentially_represent
YOR093C,4947,125,73.09291805640667,3.378262916,not_preferentially_represent,YOR093C,37,9.259525737102043,1.872124087566123,not_preferentially_represent
YJR142W,1029,26,15.20332695573259,3.378184122,not_preferentially_represent,YJR142W,42,10.510812998872591,10.224526263494738,not_preferentially_represent
YNL276C,396,10,5.847433444512535,3.376215483,not_preferentially_represent,YNL276C,18,4.504634142373967,11.404137069301182,not_preferentially_represent
YDR138W,2259,57,33.33037063372145,3.373525272,not_preferentially_represent,YDR138W,34,8.508753380039716,3.768269876014046,not_preferentially_represent
YER042W,555,14,8.186406822317549,3.372565521,not_preferentially_represent,YER042W,106,26.527289949535586,47.88319485475737,not_preferentially_represent
YPL280W,714,18,10.525380200122562,3.370541172,not_preferentially_represent,YPL280W,1,0.2502574523541093,0.35099221929047586,not_preferentially_represent
YML003W,873,22,12.864353577927576,3.369254214,not_preferentially_represent,YML003W,7,1.7518021664787649,2.008947438622437,not_preferentially_represent
YOR275C,1986,50,29.23716722256267,3.366015437,not_preferentially_represent,YOR275C,38,9.509783189456153,4.790822765469095,not_preferentially_represent
YDL248W,1152,29,16.95755698908635,3.36566481,not_preferentially_represent,YDL248W,80,20.020596188328746,17.39408878221437,not_preferentially_represent
YOR293W,755,19,11.110123544573817,3.364588781,not_preferentially_represent,YOR293W,4010,1003.5323839399782,1330.9448062864433,not_preferentially_represent
YBR225W,2703,68,39.76254742268524,3.363475048,not_preferentially_represent,YBR225W,52,13.013387522413684,4.816205596748217,not_preferentially_represent
YER093C,4293,108,63.152281200735366,3.363475048,not_preferentially_represent,YER093C,60,15.015447141246558,23.100687909610087,not_preferentially_represent
YGR181W,318,8,4.677946755610028,3.363475048,not_preferentially_represent,YGR181W,153,38.28939021017872,120.78671990592656,not_preferentially_represent
YJL143W,477,12,7.0169201334150415,3.363475048,not_preferentially_represent,YJL143W,795,198.9546746215169,417.9720055073884,not_preferentially_represent
YNL283C,1512,38,22.220247089147634,3.360138267,not_preferentially_represent,YNL283C,587,146.90112453186217,97.22112808197363,not_preferentially_represent
YJR014W,597,15,8.771150166768802,3.359249577,not_preferentially_represent,YJR014W,394,98.60143622751906,165.4386513884548,not_preferentially_represent
YHR034C,1035,26,15.20332695573259,3.358600446,not_preferentially_represent,YHR034C,80,20.020596188328746,19.362278712116773,not_preferentially_represent
YMR058W,1911,48,28.067680533660166,3.358194867,not_preferentially_represent,YMR058W,3875,969.7476278721734,507.7212711372636,not_preferentially_represent
YER060W-A,1593,40,23.38973377805014,3.35714082,not_preferentially_represent,YER060W-A,62,15.515962045954774,9.746207315298227,not_preferentially_represent
YDL141W,2073,52,30.40665391146518,3.353739953,not_preferentially_represent,YDL141W,170,42.543766900198584,20.532706032914373,not_preferentially_represent
YKL136W,399,10,5.847433444512535,3.350830405,not_preferentially_represent,YKL136W,37,9.259525737102043,23.26514004296996,not_preferentially_represent
YOR220W,798,20,11.69486688902507,3.350830405,not_preferentially_represent,YOR220W,476,119.12254732055602,149.46367292416062,not_preferentially_represent
YJL101C,2037,51,29.821910567013926,3.34737594,not_preferentially_represent,YJL101C,119,29.780636830139006,14.627031841915032,not_preferentially_represent
YML118W,1518,38,22.220247089147634,3.346857088,not_preferentially_represent,YML118W,38,9.509783189456153,6.268808958112164,not_preferentially_represent
YDR118W,1959,49,28.65242387811142,3.344159532,not_preferentially_represent,YDR118W,21,5.255406499436296,2.6840686922555133,not_preferentially_represent
YJR130C,1920,48,28.067680533660166,3.342453329,not_preferentially_represent,YJR130C,44,11.011327903580808,5.73805518685816,not_preferentially_represent
YJR139C,1080,27,15.788070300183842,3.342453329,not_preferentially_represent,YJR139C,3055,764.5365169418038,708.5602566652492,not_preferentially_represent
YDL131W,1323,33,19.296530366891364,3.334874069,not_preferentially_represent,YDL131W,567,141.89597548477997,107.33432336216336,not_preferentially_represent
YHR075C,1203,30,17.542300333537604,3.334118034,not_preferentially_represent,YHR075C,20,5.005149047082186,4.164017510051735,not_preferentially_represent
YML041C,843,21,12.279610233476323,3.330558477,not_preferentially_represent,YML041C,27,6.756951213560951,8.024882676438184,not_preferentially_represent
YHR050W,1650,41,23.97447712250139,3.322196036,not_preferentially_represent,YHR050W,489,122.37589420115944,74.21218568899906,not_preferentially_represent
YBR290W,966,24,14.033840266830083,3.321692749,not_preferentially_represent,YBR290W,46,11.511842808289027,11.929370785791738,not_preferentially_represent
YDR464W,4308,107,62.56753785628411,3.320728934,not_preferentially_represent,YDR464W,68,17.01750676007943,3.9511276433896985,not_preferentially_represent
YPL095C,1371,34,19.88127371134262,3.315635687,not_preferentially_represent,YPL095C,87,21.772398354807507,15.892261572852195,not_preferentially_represent
YGR294W,363,9,5.262690100061281,3.314829747,not_preferentially_represent,YGR294W,3,0.7507723570623278,1.6285734426514704,not_preferentially_represent
YNL010W,726,18,10.525380200122562,3.314829747,not_preferentially_represent,YNL010W,954,238.74560954582026,329.3042890287176,not_preferentially_represent
YNL147W,444,11,6.432176788963788,3.312341137,not_preferentially_represent,YNL147W,36,9.009268284747934,20.33694872403597,not_preferentially_represent
YER075C,2787,69,40.347290767136485,3.310072188,not_preferentially_represent,YER075C,37,9.259525737102043,3.323591434709994,not_preferentially_represent
YHR135C,1617,40,23.38973377805014,3.307313127,not_preferentially_represent,YHR135C,206,51.553035184946516,31.901630683754032,not_preferentially_represent
YAL039C,810,20,11.69486688902507,3.301188473,not_preferentially_represent,YAL039C,155,38.78990511488694,47.94796676747458,not_preferentially_represent
YKR034W,810,20,11.69486688902507,3.301188473,not_preferentially_represent,YKR034W,87,21.772398354807507,26.912729734001864,not_preferentially_represent
YOR024W,324,8,4.677946755610028,3.301188473,not_preferentially_represent,YOR024W,1,0.2502574523541093,0.7747908741613291,not_preferentially_represent
YBL103C,1461,36,21.050760400245125,3.294409852,not_preferentially_represent,YBL103C,32,8.008238475331497,2.570038021608311,not_preferentially_represent
YFL034C-A,690,17,9.94063685567131,3.294011976,not_preferentially_represent,YFL034C-A,212,53.05457989907117,77.00229303203363,not_preferentially_represent
YFR012W,609,15,8.771150166768802,3.293057467,not_preferentially_represent,YFR012W,2,0.5005149047082186,0.8232153037964122,not_preferentially_represent
YPR101W,528,13,7.601663477866295,3.291810096,not_preferentially_represent,YPR101W,40,10.010298094164373,18.994873043955163,not_preferentially_represent
YLR210W,1383,34,19.88127371134262,3.286866614,not_preferentially_represent,YLR210W,18,4.504634142373967,3.259503720965244,not_preferentially_represent
YLR254C,570,14,8.186406822317549,3.283813797,not_preferentially_represent,YLR254C,27,6.756951213560951,11.875133942989368,not_preferentially_represent
YMR172W,2160,53,30.991397255916432,3.280556045,not_preferentially_represent,YMR172W,39,9.760040641810262,4.520630218531849,not_preferentially_represent
YBR201C-A,204,5,2.9237167222562674,3.276915028,not_preferentially_represent,YBR201C-A,33,8.258495927685606,40.68224594919018,not_preferentially_represent
YJR152W,1632,40,23.38973377805014,3.276915028,not_preferentially_represent,YJR152W,112,28.028834663660238,17.185061105861582,not_preferentially_represent
YOR263C,408,10,5.847433444512535,3.276915028,not_preferentially_represent,YOR263C,6,1.5015447141246556,3.689299051903331,not_preferentially_represent
YGR034W,861,21,12.279610233476323,3.260930077,not_preferentially_represent,YGR034W,5890,1474.0163943657037,1713.9725515880275,not_preferentially_represent
YLR016C,615,15,8.771150166768802,3.260930077,not_preferentially_represent,YLR016C,137,34.28527097251297,55.83920353829475,not_preferentially_represent
YLR172C,903,22,12.864353577927576,3.257318858,not_preferentially_represent,YLR172C,1158,289.7981298260586,321.28395767855716,not_preferentially_represent
YGL147C,576,14,8.186406822317549,3.249607403,not_preferentially_represent,YGL147C,7162,1792.3438737601307,3117.1197804524013,not_preferentially_represent
YOL032W,741,18,10.525380200122562,3.247727931,not_preferentially_represent,YOL032W,36,9.009268284747934,12.174686871280992,not_preferentially_represent
YBR024W,906,22,12.864353577927576,3.246533034,not_preferentially_represent,YBR024W,20,5.005149047082186,5.530551433239984,not_preferentially_represent
YNL194C,906,22,12.864353577927576,3.246533034,not_preferentially_represent,YNL194C,17,4.254376690019858,4.579522809493927,not_preferentially_represent
YGR210C,1236,30,17.542300333537604,3.245100319,not_preferentially_represent,YGR210C,536,134.13799446180258,108.61376069781585,not_preferentially_represent
YJL172W,1731,42,24.559220466952645,3.243975501,not_preferentially_represent,YJL172W,803,200.95673424034976,116.15996198864148,not_preferentially_represent
YML052W,909,22,12.864353577927576,3.235818404,not_preferentially_represent,YML052W,1726,431.9443627631926,475.7096506202562,not_preferentially_represent
YJL024C,662,16,9.355893511220057,3.231374819,not_preferentially_represent,YJL024C,105,26.277032497181477,39.75345309709754,not_preferentially_represent
YDL024C,1407,34,19.88127371134262,3.230800659,not_preferentially_represent,YDL024C,5,1.2512872617705466,0.8899624905907159,not_preferentially_represent
YKR017C,1656,40,23.38973377805014,3.229423506,not_preferentially_represent,YKR017C,42,10.510812998872591,6.350944410194918,not_preferentially_represent
YBR288C,1452,35,20.46601705579387,3.222751143,not_preferentially_represent,YBR288C,78,19.520081283620524,13.452847197533098,not_preferentially_represent
YGL259W,498,12,7.0169201334150415,3.221641763,not_preferentially_represent,YGL259W,1,0.2502574523541093,0.5035361214368396,not_preferentially_represent
YKL211C,1455,35,20.46601705579387,3.216106296,not_preferentially_represent,YKL211C,527,131.8856773906156,90.70541773769986,not_preferentially_represent
YOR315W,1041,25,14.618583611281336,3.210810114,not_preferentially_represent,YOR315W,67,16.767249307725322,16.12235510358204,not_preferentially_represent
YMR223W,1416,34,19.88127371134262,3.210265909,not_preferentially_represent,YMR223W,42,10.510812998872591,7.428136394962961,not_preferentially_represent
YGL054C,417,10,5.847433444512535,3.206190243,not_preferentially_represent,YGL054C,341,85.33779125275127,205.13892128065208,not_preferentially_represent
YMR067C,1251,30,17.542300333537604,3.206190243,not_preferentially_represent,YMR067C,88,22.022655807161616,17.618124645729296,not_preferentially_represent
YJR153W,1086,26,15.20332695573259,3.200876116,not_preferentially_represent,YJR153W,16,4.004119237665749,3.690432477111289,not_preferentially_represent
YDR208W,2340,56,32.745627289270196,3.199613443,not_preferentially_represent,YDR208W,171,42.79402435255269,18.295863340125134,not_preferentially_represent
YDR205W,2175,52,30.40665391146518,3.196461114,not_preferentially_represent,YDR205W,218,54.55612461319583,25.0948135295289,not_preferentially_represent
YKL054C,2217,53,30.991397255916432,3.196211573,not_preferentially_represent,YKL054C,207,51.80329263730062,23.376937110695227,not_preferentially_represent
YKL099C,753,18,10.525380200122562,3.19597131,not_preferentially_represent,YKL099C,93,23.273943068932162,30.949392378899155,not_preferentially_represent
YLL051C,2139,51,29.821910567013926,3.187753525,not_preferentially_represent,YLL051C,508,127.13078579588752,59.46248166318406,not_preferentially_represent
YHR063W-A,336,8,4.677946755610028,3.183288884,not_preferentially_represent,YHR063W-A,927,231.98865833225932,692.5034577082367,not_preferentially_represent
YKL073W,2646,63,36.838830700428964,3.183288884,not_preferentially_represent,YKL073W,104,26.026775044827367,9.839990565152123,not_preferentially_represent
YLR331C,378,9,5.262690100061281,3.183288884,not_preferentially_represent,YLR331C,118,29.530379377784897,78.32991877396525,not_preferentially_represent
YPL211W,546,13,7.601663477866295,3.183288884,not_preferentially_represent,YPL211W,790,197.70338735974633,362.75850891696575,not_preferentially_represent
YLR220W,969,23,13.449096922378828,3.173433501,not_preferentially_represent,YLR220W,402,100.60349584635193,103.92923124623134,not_preferentially_represent
YNL294C,1602,38,22.220247089147634,3.171366454,not_preferentially_represent,YNL294C,163,40.791964733719816,25.479053550106066,not_preferentially_represent
YNR049C,633,15,8.771150166768802,3.168202207,not_preferentially_represent,YNR049C,79,19.770338735974633,31.28218154426366,not_preferentially_represent
YML122C,381,9,5.262690100061281,3.158223618,not_preferentially_represent,YML122C,3,0.7507723570623278,1.975716729111389,not_preferentially_represent
YDR077W,1017,24,14.033840266830083,3.155118186,not_preferentially_represent,YDR077W,35777,8953.460872872969,8812.461489048197,preferentially_represented
YLR333C,763,18,10.525380200122562,3.154084399,not_preferentially_represent,YLR333C,2434,609.126639029902,799.3787913778242,not_preferentially_represent
YOR266W,1272,30,17.542300333537604,3.153257857,not_preferentially_represent,YOR266W,24,6.0061788564986225,4.725553781666894,not_preferentially_represent
YPL050C,1188,28,16.372813644635098,3.151134451,not_preferentially_represent,YPL050C,240,60.06178856498623,50.599653382465235,not_preferentially_represent
YDL221W,552,13,7.601663477866295,3.148687918,not_preferentially_represent,YDL221W,16,4.004119237665749,7.267004061099362,not_preferentially_represent
YKL011C,1062,25,14.618583611281336,3.147319519,not_preferentially_represent,YKL011C,20,5.005149047082186,4.71738835728764,not_preferentially_represent
YPL264C,1062,25,14.618583611281336,3.147319519,not_preferentially_represent,YPL264C,51,12.763130070059574,12.029340311083482,not_preferentially_represent
YJR077C,936,22,12.864353577927576,3.142477488,not_preferentially_represent,YJR077C,2605,651.9206633824547,697.2413512111815,not_preferentially_represent
YPL029W,2214,52,30.40665391146518,3.140154889,not_preferentially_represent,YPL029W,31,7.757981022977387,3.505639865782823,not_preferentially_represent
YHR213W,597,14,8.186406822317549,3.135299605,not_preferentially_represent,YHR213W,2,0.5005149047082186,1.673962892000731,not_preferentially_represent
YFR034C,939,22,12.864353577927576,3.132437624,not_preferentially_represent,YFR034C,26,6.506693761206842,6.936773732629895,not_preferentially_represent
YHR019C,1665,39,22.804990433598885,3.131667984,not_preferentially_represent,YHR019C,3726,932.4592674714112,560.3721559323385,not_preferentially_represent
YJR127C,4143,97,56.72010441177159,3.130272487,not_preferentially_represent,YJR127C,118,29.530379377784897,7.129497676915716,not_preferentially_represent
YKL032C,1794,42,24.559220466952645,3.130056629,not_preferentially_represent,YKL032C,178,44.54582651903145,24.844298114351062,not_preferentially_represent
YGL236C,2010,47,27.482937189208915,3.126274755,not_preferentially_represent,YGL236C,71,17.76827911714176,8.844340028442886,not_preferentially_represent
YML013W,1755,41,23.97447712250139,3.12343217,not_preferentially_represent,YML013W,97,24.2749728783486,13.839779292102966,not_preferentially_represent
YJL005W,6081,142,83.03355491207799,3.12204159,not_preferentially_represent,YJL005W,80,20.020596188328746,3.2928612151856487,not_preferentially_represent
YML042W,2013,47,27.482937189208915,3.121615627,not_preferentially_represent,YML042W,34,8.508753380039716,4.229002673976002,not_preferentially_represent
YDR044W,987,23,13.449096922378828,3.115559334,not_preferentially_represent,YDR044W,721,180.4356231473128,182.99758939889736,not_preferentially_represent
YML072C,4638,108,63.152281200735366,3.113281238,not_preferentially_represent,YML072C,325,81.33367201508553,17.540149237672097,not_preferentially_represent
YER180C-A,258,6,3.5084600667075208,3.10925891,not_preferentially_represent,YER180C-A,1,0.2502574523541093,0.9737644060471179,not_preferentially_represent
YOR060C,774,18,10.525380200122562,3.10925891,not_preferentially_represent,YOR060C,11,2.752831975895202,3.561231534146445,not_preferentially_represent
YKL100C,1764,41,23.97447712250139,3.107496292,not_preferentially_represent,YKL100C,233,58.30998639850746,33.074297446686025,not_preferentially_represent
YPR078C,1119,26,15.20332695573259,3.106480305,not_preferentially_represent,YPR078C,32,8.008238475331497,7.163004002979872,not_preferentially_represent
YDR295C,2025,47,27.482937189208915,3.103117164,not_preferentially_represent,YDR295C,25,6.256436308852733,3.0911246585240773,not_preferentially_represent
YCR006C,474,11,6.432176788963788,3.102699292,not_preferentially_represent,YCR006C,9,2.2523170711869835,4.761769706526392,not_preferentially_represent
YLR212C,1422,33,19.296530366891364,3.102699292,not_preferentially_represent,YLR212C,254,63.56539289794376,44.732859182226434,not_preferentially_represent
YMR173W,1293,30,17.542300333537604,3.102044853,not_preferentially_represent,YMR173W,6,1.5015447141246556,1.1621863112419937,not_preferentially_represent
YDL175C,1035,24,14.033840266830083,3.100246566,not_preferentially_represent,YDL175C,57,14.264674784184228,13.7956235823832,not_preferentially_represent
YGL064C,1686,39,22.804990433598885,3.092661443,not_preferentially_represent,YGL064C,42,10.510812998872591,6.237871215948124,not_preferentially_represent
YPR127W,1038,24,14.033840266830083,3.091286316,not_preferentially_represent,YPR127W,106,26.527289949535586,25.580800337064208,not_preferentially_represent
YMR073C,606,14,8.186406822317549,3.088735749,not_preferentially_represent,YMR073C,61,15.265704593600665,25.23256957619945,not_preferentially_represent
YOL035C,303,7,4.0932034111587745,3.088735749,not_preferentially_represent,YOL035C,31,7.757981022977387,25.688678884031088,not_preferentially_represent
YHR038W,693,16,9.355893511220057,3.086825585,not_preferentially_represent,YHR038W,15,3.7538617853116394,5.424655759120866,not_preferentially_represent
YML016C,2079,48,28.067680533660166,3.086825585,not_preferentially_represent,YML016C,196,49.050460661405424,23.604649018963148,not_preferentially_represent
YER057C,390,9,5.262690100061281,3.085341534,not_preferentially_represent,YER057C,609,152.40678848365255,391.79123003509653,not_preferentially_represent
YGL036W,2730,63,36.838830700428964,3.085341534,not_preferentially_represent,YGL036W,50,12.512872617705465,4.58514936522736,not_preferentially_represent
YGR169C,1215,28,16.372813644635098,3.081109241,not_preferentially_represent,YGR169C,63,15.766219498308887,12.987001234191833,not_preferentially_represent
YOR260W,1737,40,23.38973377805014,3.078828627,not_preferentially_represent,YOR260W,487,121.87537929645123,70.20471157629679,not_preferentially_represent
YCL014W,4911,113,66.07599792299165,3.076336601,not_preferentially_represent,YCL014W,60,15.015447141246558,3.058135873980969,not_preferentially_represent
YNL118C,2913,67,39.17780407823398,3.075102959,not_preferentially_represent,YNL118C,66,16.516991855371213,5.6720439063774775,not_preferentially_represent
YLR149C-A,87,2,1.169486688902507,3.073520302,not_preferentially_represent,YLR149C-A,7,1.7518021664787649,20.369792633474013,not_preferentially_represent
YJL205C,305,7,4.0932034111587745,3.068481744,not_preferentially_represent,YJL205C,51,12.763130070059574,41.98398049361702,not_preferentially_represent
YBR286W,1614,37,21.63550374469638,3.064951008,not_preferentially_represent,YBR286W,5973,1494.787762911095,926.7128102362645,not_preferentially_represent
YJL209W,1965,45,26.313450500306406,3.061789309,not_preferentially_represent,YJL209W,16,4.004119237665749,2.038757249320646,not_preferentially_represent
YKL214C,612,14,8.186406822317549,3.058454026,not_preferentially_represent,YKL214C,135,33.78475606780475,55.29419978364117,not_preferentially_represent
YPR092W,306,7,4.0932034111587745,3.058454026,not_preferentially_represent,YPR092W,8,2.0020596188328743,6.564129897812703,not_preferentially_represent
YMR075W,2055,47,27.482937189208915,3.057816184,not_preferentially_represent,YMR075W,34,8.508753380039716,4.142528422609404,not_preferentially_represent
YNL215W,963,22,12.864353577927576,3.054370643,not_preferentially_represent,YNL215W,52,13.013387522413684,13.52742985697888,not_preferentially_represent
YER145C-A,438,10,5.847433444512535,3.052468793,not_preferentially_represent,YER145C-A,143,35.78681568663763,81.89202674287787,not_preferentially_represent
YMR151W,438,10,5.847433444512535,3.052468793,not_preferentially_represent,YMR151W,3,0.7507723570623278,1.7180145470533819,not_preferentially_represent
YCR033W,3681,84,49.11844093390529,3.050976144,not_preferentially_represent,YCR033W,90,22.523170711869835,6.120426823877673,not_preferentially_represent
YPL100W,1491,34,19.88127371134262,3.04878372,not_preferentially_represent,YPL100W,49,12.262615165351356,8.229943063994199,not_preferentially_represent
YIL130W,2895,66,38.59306073378273,3.048040341,not_preferentially_represent,YIL130W,40,10.010298094164373,3.4589834464977094,not_preferentially_represent
YMR173W-A,1185,27,15.788070300183842,3.046286578,not_preferentially_represent,YMR173W-A,6,1.5015447141246556,1.2681965490917702,not_preferentially_represent
YBR163W,1758,40,23.38973377805014,3.042050811,not_preferentially_represent,YBR163W,32,8.008238475331497,4.557904653005974,not_preferentially_represent
YML102W,1407,32,18.711787022440113,3.040753561,not_preferentially_represent,YML102W,151,37.788875305470505,26.876867215839617,not_preferentially_represent
YGR194C,1803,41,23.97447712250139,3.040279234,not_preferentially_represent,YGR194C,38,9.509783189456153,5.277349161740373,not_preferentially_represent
YDR514C,1452,33,19.296530366891364,3.038593935,not_preferentially_represent,YDR514C,52,13.013387522413684,7.654933836713931,not_preferentially_represent
YLR159C-A,132,3,1.7542300333537604,3.038593935,not_preferentially_represent,YLR159C-A,145,36.28733059134585,277.0025235980599,not_preferentially_represent
YNL012W,1980,45,26.313450500306406,3.038593935,not_preferentially_represent,YNL012W,54,13.513902427121902,6.828652060192977,not_preferentially_represent
YNR061C,660,15,8.771150166768802,3.038593935,not_preferentially_represent,YNR061C,197,49.30071811375953,74.81140836685816,not_preferentially_represent
YPR133C,1233,28,16.372813644635098,3.036129544,not_preferentially_represent,YPR133C,83,20.771368545391073,16.859877066064183,not_preferentially_represent
YNL284C,969,22,12.864353577927576,3.035458131,not_preferentially_represent,YNL284C,222,55.557154422612264,10.546156875970437,not_preferentially_represent
YJR151C,3486,79,46.194724211649024,3.029877372,not_preferentially_represent,YJR151C,68,17.01750676007943,4.883072241055791,not_preferentially_represent
YPR118W,1236,28,16.372813644635098,3.028760298,not_preferentially_represent,YPR118W,832,208.21420035861894,168.5944942175052,not_preferentially_represent
YPL212C,1635,37,21.63550374469638,3.025584664,not_preferentially_represent,YPL212C,169,42.29350944784447,25.883420714715097,not_preferentially_represent
YDR489W,885,20,11.69486688902507,3.021426738,not_preferentially_represent,YDR489W,63,15.766219498308887,17.83508993021367,not_preferentially_represent
YGR182C,354,8,4.677946755610028,3.021426738,not_preferentially_represent,YGR182C,152,38.03913275782461,107.75958288335585,not_preferentially_represent
YDR200C,1815,41,23.97447712250139,3.020178214,not_preferentially_represent,YDR200C,32,8.008238475331497,21.940379384469857,not_preferentially_represent
YBR029C,1374,31,18.127043677988855,3.016478987,not_preferentially_represent,YBR029C,421,105.35838744108001,76.73589762642389,not_preferentially_represent
YER091C-A,222,5,2.9237167222562674,3.011219215,not_preferentially_represent,YER091C-A,1,0.2502574523541093,1.1323866622357885,not_preferentially_represent
YJR058C,444,10,5.847433444512535,3.011219215,not_preferentially_represent,YJR058C,155,38.78990511488694,87.56186256182154,not_preferentially_represent
YDL130W,622,14,8.186406822317549,3.00928274,not_preferentially_represent,YDL130W,4493,1124.406733427013,4324.641282411589,preferentially_represented
YLR287C-A,622,14,8.186406822317549,3.00928274,not_preferentially_represent,YLR287C-A,2980,745.7672080152457,1200.9133784464505,not_preferentially_represent
YKL163W,978,22,12.864353577927576,3.007524468,not_preferentially_represent,YKL163W,267,66.81873977854718,68.39175002921922,not_preferentially_represent
YER165W,1734,39,22.804990433598885,3.007051438,not_preferentially_represent,YER165W,2782,696.216232449132,401.74046881080903,not_preferentially_represent
YKR100C,1068,24,14.033840266830083,3.00445243,not_preferentially_represent,YKR100C,86,21.5221409024534,20.170703751127835,not_preferentially_represent
YOR264W,1293,29,16.95755698908635,2.998643357,not_preferentially_represent,YOR264W,72,18.01853656949587,44.27158862283997,not_preferentially_represent
YJL128C,2007,45,26.313450500306406,2.99771599,not_preferentially_represent,YJL128C,208,52.053550089654735,25.948928260047225,not_preferentially_represent
YGL153W,1026,23,13.449096922378828,2.99713164,not_preferentially_represent,YGL153W,38,9.509783189456153,9.277837258006002,not_preferentially_represent
YJL206C,2277,51,29.821910567013926,2.994556342,not_preferentially_represent,YJL206C,40,10.010298094164373,4.3981977566627295,not_preferentially_represent
YBR277C,402,9,5.262690100061281,2.993241787,not_preferentially_represent,YBR277C,24,6.0061788564986225,14.97800213590679,not_preferentially_represent
YDR117C,1698,38,22.220247089147634,2.992066584,not_preferentially_represent,YDR117C,43,10.7610704512267,6.341231851046965,not_preferentially_represent
YDL036C,1389,31,18.127043677988855,2.98390362,not_preferentially_represent,YDL036C,71,17.76827911714176,12.801353830793776,not_preferentially_represent
YPR034W,1434,32,18.711787022440113,2.983500879,not_preferentially_represent,YPR034W,155,38.78990511488694,27.0690196196001,not_preferentially_represent
YPR134W,807,18,10.525380200122562,2.982114494,not_preferentially_represent,YPR134W,47,11.762100260643136,14.59317650203863,not_preferentially_represent
YLR309C,2736,61,35.66934401152646,2.980842881,not_preferentially_represent,YLR309C,41,10.260555546518482,3.75157424004332,not_preferentially_represent
YFR040W,3009,67,39.17780407823398,2.976993992,not_preferentially_represent,YFR040W,75,18.769308926558196,6.239796850584507,not_preferentially_represent
YLR077W,1752,39,22.804990433598885,2.976157073,not_preferentially_represent,YLR077W,42,10.510812998872591,6.002748714376122,not_preferentially_represent
YOR092W,1842,41,23.97447712250139,2.975908501,not_preferentially_represent,YOR092W,247,61.81359073146499,33.57609491117056,not_preferentially_represent
YDR476C,675,15,8.771150166768802,2.971069625,not_preferentially_represent,YDR476C,267,66.81873977854718,99.13759611060412,not_preferentially_represent
YEL059C-A,225,5,2.9237167222562674,2.971069625,not_preferentially_represent,YEL059C-A,24,6.0061788564986225,26.81329846651171,not_preferentially_represent
YGL162W,900,20,11.69486688902507,2.971069625,not_preferentially_represent,YGL162W,24,6.0061788564986225,6.680955346494575,not_preferentially_represent
YHR032W-A,180,4,2.338973377805014,2.971069625,not_preferentially_represent,YHR032W-A,34,8.508753380039716,47.53493508402076,not_preferentially_represent
YJL068C,900,20,11.69486688902507,2.971069625,not_preferentially_represent,YJL068C,193,48.29968830434309,53.72601591139387,not_preferentially_represent
YNL103W-A,90,2,1.169486688902507,2.971069625,not_preferentially_represent,YNL103W-A,49,12.262615165351356,137.78219286911636,not_preferentially_represent
YPL249C-A,541,12,7.0169201334150415,2.965577815,not_preferentially_represent,YPL249C-A,7183,1797.599280259567,3328.8875560362353,not_preferentially_represent
YOR155C,1353,30,17.542300333537604,2.964481888,not_preferentially_represent,YOR155C,339,84.83727634804306,62.74946475446971,not_preferentially_represent
YJR001W,1809,40,23.38973377805014,2.956288185,not_preferentially_represent,YJR001W,882,220.7270729763244,122.08355806212633,not_preferentially_represent
YKL069W,543,12,7.0169201334150415,2.954654876,not_preferentially_represent,YKL069W,153,38.28939021017872,70.64463138409359,not_preferentially_represent
YPL135W,498,11,6.432176788963788,2.953171616,not_preferentially_represent,YPL135W,284,71.07311646856704,143.00425848806245,not_preferentially_represent
YIL171W-A,453,10,5.847433444512535,2.951393668,not_preferentially_represent,YIL171W-A,1,0.2502574523541093,0.5536669299869674,not_preferentially_represent
YOR281C,861,19,11.110123544573817,2.950365308,not_preferentially_represent,YOR281C,38,9.509783189456153,11.057887429600179,not_preferentially_represent
YPL230W,1269,28,16.372813644635098,2.94999821,not_preferentially_represent,YPL230W,56,14.014417331830119,11.05237959923511,not_preferentially_represent
YDR482C,408,9,5.262690100061281,2.949223525,not_preferentially_represent,YDR482C,80,20.020596188328746,49.19065402537775,not_preferentially_represent
YNL280C,1317,29,16.95755698908635,2.943998376,not_preferentially_represent,YNL280C,881,220.4768155239703,167.5355741063604,not_preferentially_represent
YER006C-A,318,7,4.0932034111587745,2.943040667,not_preferentially_represent,YER006C-A,1,0.2502574523541093,0.7894556856596507,not_preferentially_represent
YDR330W,1503,33,19.296530366891364,2.935487953,not_preferentially_represent,YDR330W,50,12.512872617705465,8.330807335356502,not_preferentially_represent
YLR108C,1458,32,18.711787022440113,2.934389754,not_preferentially_represent,YLR108C,27,6.756951213560951,4.544015611002657,not_preferentially_represent
YGR128C,2142,47,27.482937189208915,2.933619168,not_preferentially_represent,YGR128C,109,27.278062306597914,12.740804440260584,not_preferentially_represent
YHR096C,1779,39,22.804990433598885,2.930987742,not_preferentially_represent,YHR096C,23,5.755921404144513,3.23730112719039,not_preferentially_represent
YGL221C,867,19,11.110123544573817,2.929947555,not_preferentially_represent,YGL221C,524,131.13490503355325,151.4259873366666,not_preferentially_represent
YHR110W,639,14,8.186406822317549,2.929223574,not_preferentially_represent,YHR110W,162,40.54170728136571,63.54499573881772,not_preferentially_represent
YIR011C,960,21,12.279610233476323,2.924646663,not_preferentially_represent,YIR011C,192,48.04943085198898,50.10368180603648,not_preferentially_represent
YBR253W,366,8,4.677946755610028,2.922363566,not_preferentially_represent,YBR253W,53,13.263644974767793,36.3387533555282,not_preferentially_represent
YGL088W,366,8,4.677946755610028,2.922363566,not_preferentially_represent,YGL088W,161,40.2914498290116,110.38753377811396,not_preferentially_represent
YHR049W,732,16,9.355893511220057,2.922363566,not_preferentially_represent,YHR049W,863,215.9721813815963,295.4475805493794,not_preferentially_represent
YAL034W-A,870,19,11.110123544573817,2.919844287,not_preferentially_represent,YAL034W-A,13,3.253346880603421,3.7437823712352367,not_preferentially_represent
YDR272W,825,18,10.525380200122562,2.917050178,not_preferentially_represent,YDR272W,83,20.771368545391073,25.207971535668776,not_preferentially_represent
YKR080W,963,21,12.279610233476323,2.915535614,not_preferentially_represent,YKR080W,61,15.265704593600665,15.868715793763688,not_preferentially_represent
YOL139C,642,14,8.186406822317549,2.915535614,not_preferentially_represent,YOL139C,2689,672.9422893801999,1049.8319647117003,not_preferentially_represent
YNL131W,459,10,5.847433444512535,2.912813358,not_preferentially_represent,YNL131W,441,110.3635364881622,240.96842027983013,not_preferentially_represent
YJL217W,597,13,7.601663477866295,2.911349633,not_preferentially_represent,YJL217W,440,110.11327903580809,184.75382388558404,not_preferentially_represent
YMR003W,597,13,7.601663477866295,2.911349633,not_preferentially_represent,YMR003W,31,7.757981022977387,13.016746682847966,not_preferentially_represent
YNR019W,1929,42,24.559220466952645,2.911001344,not_preferentially_represent,YNR019W,338,84.58701889568894,43.872935111871854,not_preferentially_represent
YIL156W,3216,70,40.93203411158774,2.910096182,not_preferentially_represent,YIL156W,27,6.756951213560951,16.85025240289514,not_preferentially_represent
YBR081C,3999,87,50.872670967259054,2.908661561,not_preferentially_represent,YBR081C,73,18.268794021849978,4.569483247086038,not_preferentially_represent
YDR486C,690,15,8.771150166768802,2.906481155,not_preferentially_represent,YDR486C,65,16.266734403017104,23.609193618312197,not_preferentially_represent
YNL079C,600,13,7.601663477866295,2.896792885,not_preferentially_represent,YNL079C,733,183.4387125755621,306.2415902763975,not_preferentially_represent
YGL125W,1803,39,22.804990433598885,2.89197293,not_preferentially_represent,YGL125W,212,53.05457989907117,29.442053218130503,not_preferentially_represent
YAL017W,4071,88,51.4574143117103,2.890060358,not_preferentially_represent,YAL017W,62,15.515962045954774,3.8122756869667755,not_preferentially_represent
YDR234W,2082,45,26.313450500306406,2.889729103,not_preferentially_represent,YDR234W,832,208.21420035861894,100.05487763508839,not_preferentially_represent
YER095W,1203,26,15.20332695573259,2.889568962,not_preferentially_represent,YER095W,321,80.33264220566909,66.83248103633035,not_preferentially_represent
YLR163C,1389,30,17.542300333537604,2.887648664,not_preferentially_represent,YLR163C,150,37.53861785311639,27.0451137270291,not_preferentially_represent
YEL034C-A,603,13,7.601663477866295,2.88238098,not_preferentially_represent,YEL034C-A,19061,4770.157299321678,7923.84933442139,preferentially_represented
YOR368W,1206,26,15.20332695573259,2.88238098,not_preferentially_represent,YOR368W,34,8.508753380039716,7.061206124514287,not_preferentially_represent
YKL190W,604,13,7.601663477866295,2.877608826,not_preferentially_represent,YKL190W,241,60.312046017340336,100.01997681150968,not_preferentially_represent
YJR105W,1023,22,12.864353577927576,2.87522867,not_preferentially_represent,YJR105W,5419,1356.1451343069182,1326.9521862102918,not_preferentially_represent
YLR299C-A,93,2,1.169486688902507,2.87522867,not_preferentially_represent,YLR299C-A,3,0.7507723570623278,8.160569098503563,not_preferentially_represent
YPL004C,1026,22,12.864353577927576,2.866821568,not_preferentially_represent,YPL004C,889,222.47887514280316,217.05256111492992,not_preferentially_represent
YKL209C,3873,83,48.533697589454036,2.865206571,not_preferentially_represent,YKL209C,5,1.2512872617705466,0.32316303248206263,not_preferentially_represent
YER145C,1215,26,15.20332695573259,2.86103001,not_preferentially_represent,YER145C,1239,310.06898346674143,255.4110242724394,not_preferentially_represent
YDL173W,888,19,11.110123544573817,2.860658254,not_preferentially_represent,YDL173W,98,24.525230330702712,27.64963960620373,not_preferentially_represent
YGL040C,1029,22,12.864353577927576,2.858463488,not_preferentially_represent,YGL040C,417,104.35735763166358,101.51493933041203,not_preferentially_represent
YIL098C,468,10,5.847433444512535,2.856797717,not_preferentially_represent,YIL098C,37,9.259525737102043,19.827678237905875,not_preferentially_represent
YGL215W,1359,29,16.95755698908635,2.853013879,not_preferentially_represent,YGL215W,129,32.283211353680095,23.772615135257805,not_preferentially_represent
YER147C,1875,40,23.38973377805014,2.85222684,not_preferentially_represent,YER147C,91,22.773428164223944,12.152309586031988,not_preferentially_represent
YPR076W,375,8,4.677946755610028,2.85222684,not_preferentially_represent,YPR076W,49,12.262615165351356,32.78774108382715,not_preferentially_represent
YHR204W,2391,51,29.821910567013926,2.851779502,not_preferentially_represent,YHR204W,232,58.059728946153356,24.292773617637387,not_preferentially_represent
YJL127C,1923,41,23.97447712250139,2.850558221,not_preferentially_represent,YJL127C,45,11.261585355934917,71.27585668313239,not_preferentially_represent
YLR052W,753,16,9.355893511220057,2.840863387,not_preferentially_represent,YLR052W,90,22.523170711869835,29.951024882805633,not_preferentially_represent
YML002W,2214,47,27.482937189208915,2.838216919,not_preferentially_represent,YML002W,35,8.759010832393825,3.9579804936257683,not_preferentially_represent
YHR033W,1272,27,15.788070300183842,2.837932072,not_preferentially_represent,YHR033W,132,33.033983710742426,25.68739013277016,not_preferentially_represent
YHR083W,990,21,12.279610233476323,2.836021006,not_preferentially_represent,YHR083W,209,52.30380754200884,52.885548576348675,not_preferentially_represent
YJL179W,330,7,4.0932034111587745,2.836021006,not_preferentially_represent,YJL179W,76,19.019566378912305,57.810232154748654,not_preferentially_represent
YKL018W,990,21,12.279610233476323,2.836021006,not_preferentially_represent,YKL018W,169,42.29350944784447,42.763912485181464,not_preferentially_represent
YJR096W,849,18,10.525380200122562,2.834589395,not_preferentially_represent,YJR096W,129,32.283211353680095,38.06982470952842,not_preferentially_represent
YOR312C,945,20,11.69486688902507,2.829590119,not_preferentially_represent,YOR312C,8014,2005.563223165832,2124.5373126756695,not_preferentially_represent
YDR104C,3738,79,46.194724211649024,2.825615976,not_preferentially_represent,YDR104C,21,5.255406499436296,1.4063169653294876,not_preferentially_represent
YOL003C,1137,24,14.033840266830083,2.822124183,not_preferentially_represent,YOL003C,149,37.288360400762286,32.82426091616398,not_preferentially_represent
YJL222W,4650,98,57.30484775622284,2.817724096,not_preferentially_represent,YJL222W,57,14.264674784184228,104.12171375316956,not_preferentially_represent
YLR253W,1710,36,21.050760400245125,2.81469754,not_preferentially_represent,YLR253W,118,29.530379377784897,17.27933257916027,not_preferentially_represent
YNL014W,3135,66,38.59306073378273,2.81469754,not_preferentially_represent,YNL014W,21,5.255406499436296,1.676900606074121,not_preferentially_represent
YPR139C,903,19,11.110123544573817,2.813139014,not_preferentially_represent,YPR139C,137,34.28527097251297,38.010278240036556,not_preferentially_represent
YBR151W,951,20,11.69486688902507,2.811737816,not_preferentially_represent,YBR151W,365,91.34397010924988,96.15154748342094,not_preferentially_represent
YPL259C,1428,30,17.542300333537604,2.80878431,not_preferentially_represent,YPL259C,108,27.027804854243804,18.940297725468678,not_preferentially_represent
YLL037W,381,8,4.677946755610028,2.807309882,not_preferentially_represent,YLL037W,42,10.510812998872591,27.66003420755945,not_preferentially_represent
YOL052C,1191,25,14.618583611281336,2.806425969,not_preferentially_represent,YOL052C,540,135.139024271219,730.4812122768595,not_preferentially_represent
YHR134W,810,17,9.94063685567131,2.806010202,not_preferentially_represent,YHR134W,60,15.015447141246558,18.56050326482887,not_preferentially_represent
YAL034C,1242,26,15.20332695573259,2.798833705,not_preferentially_represent,YAL034C,111,27.778577211306132,78.69285328981907,not_preferentially_represent
YGR266W,2106,44,25.72870715585515,2.793313323,not_preferentially_represent,YGR266W,66,16.516991855371213,7.8465519502951135,not_preferentially_represent
YGL209W,1149,24,14.033840266830083,2.792650301,not_preferentially_represent,YGL209W,115,28.779607020722565,25.06934409470607,not_preferentially_represent
YDR175C,960,20,11.69486688902507,2.785377774,not_preferentially_represent,YDR175C,54,13.513902427121902,14.09166050794776,not_preferentially_represent
YDR204W,1008,21,12.279610233476323,2.785377774,not_preferentially_represent,YDR204W,100,25.02574523541093,24.8517827561181,not_preferentially_represent
YIL068W-A,384,8,4.677946755610028,2.785377774,not_preferentially_represent,YIL068W-A,12,3.0030894282493112,7.840964564619612,not_preferentially_represent
YLR117C,2064,43,25.1439638114039,2.785377774,not_preferentially_represent,YLR117C,22,5.505663951790404,2.668765851570724,not_preferentially_represent
YHR115C,1251,26,15.20332695573259,2.778698211,not_preferentially_represent,YHR115C,310,77.57981022977388,62.063848183819104,not_preferentially_represent
YNR068C,819,17,9.94063685567131,2.775174925,not_preferentially_represent,YNR068C,5,1.2512872617705466,1.5296910290593477,not_preferentially_represent
YGR122W,1209,25,14.618583611281336,2.764642952,not_preferentially_represent,YGR122W,37,9.259525737102043,7.665170312170566,not_preferentially_represent
YAL002W,3825,79,46.194724211649024,2.761347064,not_preferentially_represent,YAL002W,37,9.259525737102043,2.4214240944304506,not_preferentially_represent
YKL020C,3249,67,39.17780407823398,2.757086772,not_preferentially_represent,YKL020C,167,41.79299454313625,12.867301275596137,not_preferentially_represent
YGL214W,486,10,5.847433444512535,2.750990394,not_preferentially_represent,YGL214W,86,21.5221409024534,44.37554825248124,not_preferentially_represent
YML035C,2433,50,29.23716722256267,2.747598297,not_preferentially_represent,YML035C,122,30.53140918720133,12.554033382895286,not_preferentially_represent
YDR475C,2631,54,31.576140600367683,2.744089392,not_preferentially_represent,YDR475C,106,26.527289949535586,10.086422034043949,not_preferentially_represent
YMR128W,3804,78,45.60998086719777,2.741444371,not_preferentially_represent,YMR128W,121,30.281151734847224,7.962438005481784,not_preferentially_represent
YPL161C,1902,39,22.804990433598885,2.741444371,not_preferentially_represent,YPL161C,31,7.757981022977387,4.081000012087,not_preferentially_represent
YER006W,1563,32,18.711787022440113,2.737261843,not_preferentially_represent,YER006W,964,241.24818406936134,154.44826124799062,not_preferentially_represent
YPL263C,1956,40,23.38973377805014,2.734113152,not_preferentially_represent,YPL263C,104,26.026775044827367,13.312928411676403,not_preferentially_represent
YJL092W,3525,72,42.10152080049025,2.730855486,not_preferentially_represent,YJL092W,55,13.764159879476011,3.9058342450272447,not_preferentially_represent
YER174C,735,15,8.771150166768802,2.72853333,not_preferentially_represent,YER174C,321,80.33264220566909,109.44501662897694,not_preferentially_represent
YHR181W,687,14,8.186406822317549,2.724561665,not_preferentially_represent,YHR181W,334,83.5859890862725,121.84546514033893,not_preferentially_represent
YGR124W,1719,35,20.46601705579387,2.722184212,not_preferentially_represent,YGR124W,2991,748.5200399911408,435.6926891683009,not_preferentially_represent
YER061C,1329,27,15.788070300183842,2.716214895,not_preferentially_represent,YER061C,80,20.020596188328746,15.075750141813813,not_preferentially_represent
YOR058C,2658,54,31.576140600367683,2.716214895,not_preferentially_represent,YOR058C,38,9.509783189456153,3.579143089746388,not_preferentially_represent
YBL107C,591,12,7.0169201334150415,2.714682907,not_preferentially_represent,YBL107C,39,9.760040641810262,16.542441765780104,not_preferentially_represent
YOR176W,1182,24,14.033840266830083,2.714682907,not_preferentially_represent,YOR176W,463,115.86920043995259,98.11109266719103,not_preferentially_represent
YBR033W,2760,56,32.745627289270196,2.712715745,not_preferentially_represent,YBR033W,34,8.508753380039716,3.0839990503949677,not_preferentially_represent
YOR068C,345,7,4.0932034111587745,2.712715745,not_preferentially_represent,YOR068C,9,2.2523170711869835,6.54743334647379,not_preferentially_represent
YOL047C,1134,23,13.449096922378828,2.711690531,not_preferentially_represent,YOL047C,7,1.7518021664787649,1.5461625476423346,not_preferentially_represent
YHR196W,1728,35,20.46601705579387,2.708006169,not_preferentially_represent,YHR196W,70,17.51802166478765,10.143614166061175,not_preferentially_represent
YDR174W,741,15,8.771150166768802,2.706439942,not_preferentially_represent,YDR174W,1016,254.26157159177504,343.5967183672636,not_preferentially_represent
YOL102C,693,14,8.186406822317549,2.700972387,not_preferentially_represent,YOL102C,55,13.764159879476011,19.89040445010984,not_preferentially_represent
YMR088C,1689,34,19.88127371134262,2.691377458,not_preferentially_represent,YMR088C,934,233.74046049873806,138.47183678835194,not_preferentially_represent
YCL048W,1392,28,16.372813644635098,2.689330264,not_preferentially_represent,YCL048W,1,0.2502574523541093,1.0471023111050597,not_preferentially_represent
YER076W-A,348,7,4.0932034111587745,2.689330264,not_preferentially_represent,YER076W-A,21,5.255406499436296,15.145263687136296,not_preferentially_represent
YHR122W,696,14,8.186406822317549,2.689330264,not_preferentially_represent,YHR122W,212,53.05457989907117,76.33752503463478,not_preferentially_represent
YAL048C,1989,40,23.38973377805014,2.688750792,not_preferentially_represent,YAL048C,40,10.010298094164373,5.035361214368396,not_preferentially_represent
YER179W,1097,22,12.864353577927576,2.681275232,not_preferentially_represent,YER179W,30,7.507723570623279,6.8501127469190495,not_preferentially_represent
YFR020W,699,14,8.186406822317549,2.677788074,not_preferentially_represent,YFR020W,59,14.765189688892448,21.15356688953073,not_preferentially_represent
YGL256W,1149,23,13.449096922378828,2.676289872,not_preferentially_represent,YGL256W,219,54.80638206554994,47.74075092817939,not_preferentially_represent
YKL018C-A,300,6,3.5084600667075208,2.673962663,not_preferentially_represent,YKL018C-A,55,13.764159879476011,46.033979530020105,not_preferentially_represent
YLR336C,2700,54,31.576140600367683,2.673962663,not_preferentially_represent,YLR336C,89,22.272913259515725,8.252283534463034,not_preferentially_represent
YNL214W,600,12,7.0169201334150415,2.673962663,not_preferentially_represent,YNL214W,23,5.755921404144513,9.609217703079322,not_preferentially_represent
YKL019W,951,19,11.110123544573817,2.671150925,not_preferentially_represent,YKL019W,428,107.11018960755878,112.7475680079566,not_preferentially_represent
YDR103W,2754,55,32.16088394481894,2.670078912,not_preferentially_represent,YDR103W,119,29.780636830139006,10.817521551085727,not_preferentially_represent
YKL101W,4557,91,53.211644345064066,2.669855193,not_preferentially_represent,YKL101W,43,10.7610704512267,2.3619557619022604,not_preferentially_represent
YGR111W,1203,24,14.033840266830083,2.667294427,not_preferentially_represent,YGR111W,51,12.763130070059574,10.618244650631924,not_preferentially_represent
YGR083C,1956,39,22.804990433598885,2.665760323,not_preferentially_represent,YGR083C,173,43.29453925726091,22.145544377115552,not_preferentially_represent
YLR429W,1956,39,22.804990433598885,2.665760323,not_preferentially_represent,YLR429W,505,126.38001343882519,64.64450815285176,not_preferentially_represent
YFR053C,1458,29,16.95755698908635,2.659290714,not_preferentially_represent,YFR053C,186,46.547886137864324,152.61602012414534,not_preferentially_represent
YMR166C,1107,22,12.864353577927576,2.657054137,not_preferentially_represent,YMR166C,46,11.511842808289027,10.408537801346318,not_preferentially_represent
YOL048C,1107,22,12.864353577927576,2.657054137,not_preferentially_represent,YOL048C,72,18.01853656949587,16.291624384715977,not_preferentially_represent
YPL102C,303,6,3.5084600667075208,2.647487785,not_preferentially_represent,YPL102C,1,0.2502574523541093,0.8286670607751964,not_preferentially_represent
YNL009W,1263,25,14.618583611281336,2.64643969,not_preferentially_represent,YNL009W,21,5.255406499436296,4.164347463895638,not_preferentially_represent
YAR027W,708,14,8.186406822317549,2.643748396,not_preferentially_represent,YAR027W,209,52.30380754200884,73.9799258019927,not_preferentially_represent
YOR173W,1062,21,12.279610233476323,2.643748396,not_preferentially_represent,YOR173W,35,8.759010832393825,8.25542962525337,not_preferentially_represent
YDR161W,1164,23,13.449096922378828,2.6418016,not_preferentially_represent,YDR161W,337,84.33676144333484,72.51656186013314,not_preferentially_represent
YHR116W,456,9,5.262690100061281,2.638778944,not_preferentially_represent,YHR116W,29,7.2574661182691695,15.950474985206966,not_preferentially_represent
YKL009W,711,14,8.186406822317549,2.632593339,not_preferentially_represent,YKL009W,499,124.87846872470053,175.88516721788807,not_preferentially_represent
YLR312W-A,762,15,8.771150166768802,2.631853015,not_preferentially_represent,YLR312W-A,98,24.525230330702712,32.22763512575914,not_preferentially_represent
YPL124W,762,15,8.771150166768802,2.631853015,not_preferentially_represent,YPL124W,9,2.2523170711869835,2.9596807768554316,not_preferentially_represent
YFL023W,2391,47,27.482937189208915,2.628110522,not_preferentially_represent,YFL023W,31,7.757981022977387,3.246017164425685,not_preferentially_represent
YDR528W,1272,25,14.618583611281336,2.627714881,not_preferentially_represent,YDR528W,12,3.0030894282493112,2.362776890833447,not_preferentially_represent
YGR277C,918,18,10.525380200122562,2.621532022,not_preferentially_represent,YGR277C,234,58.560243850861575,63.86068031718819,not_preferentially_represent
YMR122W-A,255,5,2.9237167222562674,2.621532022,not_preferentially_represent,YMR122W-A,1737,434.6971947390878,1711.4062785003457,not_preferentially_represent
YNL148C,765,15,8.771150166768802,2.621532022,not_preferentially_represent,YNL148C,41,10.260555546518482,13.43004652685665,not_preferentially_represent
YPR133W-A,153,3,1.7542300333537604,2.621532022,not_preferentially_represent,YPR133W-A,181,45.29659887609378,298.0039399743012,not_preferentially_represent
YLR341W,1434,28,16.372813644635098,2.610563269,not_preferentially_represent,YLR341W,14,3.5036043329575297,2.444943707576783,not_preferentially_represent
YDR399W,666,13,7.601663477866295,2.60972332,not_preferentially_represent,YDR399W,1472,368.37896986524885,553.9533381432313,not_preferentially_represent
YHR070C-A,411,8,4.677946755610028,2.602396752,not_preferentially_represent,YHR070C-A,98,24.525230330702712,59.81763495293344,not_preferentially_represent
YPR025C,1182,23,13.449096922378828,2.601571119,not_preferentially_represent,YPR025C,22,5.505663951790404,4.661866174250977,not_preferentially_represent
YNL293W,1902,37,21.63550374469638,2.60085748,not_preferentially_represent,YNL293W,61,15.265704593600665,8.030354862493775,not_preferentially_represent
YAL031W-A,309,6,3.5084600667075208,2.596080255,not_preferentially_represent,YAL031W-A,20,5.005149047082186,16.250483919098006,not_preferentially_represent
YML074C,1236,24,14.033840266830083,2.596080255,not_preferentially_represent,YML074C,283,70.82285901621293,57.346444547540834,not_preferentially_represent
YGL094C,3348,65,38.00831738933148,2.595692549,not_preferentially_represent,YGL094C,42,10.510812998872591,3.140368389265787,not_preferentially_represent
YJL062W-A,258,5,2.9237167222562674,2.591049092,not_preferentially_represent,YJL062W-A,123,30.781666639555443,119.7730219437955,not_preferentially_represent
YNL123W,2994,58,33.9151139781727,2.590010595,not_preferentially_represent,YNL123W,203,50.802262827884185,16.973692892711053,not_preferentially_represent
YLR412C-A,207,4,2.338973377805014,2.583538805,not_preferentially_represent,YLR412C-A,1,0.2502574523541093,1.2148420017189772,not_preferentially_represent
YGR260W,1605,31,18.127043677988855,2.582331544,not_preferentially_represent,YGR260W,2092,523.5385903247967,1189.860432556356,not_preferentially_represent
YNL230C,1140,22,12.864353577927576,2.580139412,not_preferentially_represent,YNL230C,27,6.756951213560951,5.932354006638236,not_preferentially_represent
YGL261C,363,7,4.0932034111587745,2.578200915,not_preferentially_represent,YGL261C,3,0.7507723570623278,2.073956787464994,not_preferentially_represent
YJL223C,363,7,4.0932034111587745,2.578200915,not_preferentially_represent,YJL223C,5,1.2512872617705466,3.4565946457749903,not_preferentially_represent
YDR038C,3276,63,36.838830700428964,2.571117945,not_preferentially_represent,YDR038C,582,145.6498372700916,44.473232754226444,not_preferentially_represent
YNL097W-A,156,3,1.7542300333537604,2.571117945,not_preferentially_represent,YNL097W-A,15,3.7538617853116394,24.218463131042835,not_preferentially_represent
YJR143C,2289,44,25.72870715585515,2.569994696,not_preferentially_represent,YJR143C,3093,774.0463001312601,338.3069493580682,not_preferentially_represent
YDR206W,2655,51,29.821910567013926,2.568212727,not_preferentially_represent,YDR206W,106,26.527289949535586,9.995210983246263,not_preferentially_represent
YIR014W,729,14,8.186406822317549,2.567591034,not_preferentially_represent,YIR014W,8,2.0020596188328743,2.750081894001201,not_preferentially_represent
YGR295C,1146,22,12.864353577927576,2.566630828,not_preferentially_represent,YGR295C,576,144.14829255596695,125.89370528905411,not_preferentially_represent
YBR159W,1044,20,11.69486688902507,2.561266919,not_preferentially_represent,YBR159W,608,152.15653103129844,145.88353886030532,not_preferentially_represent
YIL133C,890,17,9.94063685567131,2.553784566,not_preferentially_represent,YIL133C,3932,984.0123026563577,1106.8754810532707,not_preferentially_represent
YGR296C-A,576,11,6.432176788963788,2.553262959,not_preferentially_represent,YGR296C-A,28,7.007208665915059,12.186449853765321,not_preferentially_represent
YJL106W,1938,37,21.63550374469638,2.552544338,not_preferentially_represent,YJL106W,14,3.5036043329575297,1.8087786953833402,not_preferentially_represent
YLR231C,1362,26,15.20332695573259,2.552240427,not_preferentially_represent,YLR231C,165,41.292479638428034,30.339808698330664,not_preferentially_represent
YLR129W,2832,54,31.576140600367683,2.54932881,not_preferentially_represent,YLR129W,180,45.04634142373967,15.911812583447428,not_preferentially_represent
YGL107C,1941,37,21.63550374469638,2.548599138,not_preferentially_represent,YGL107C,68,17.01750676007943,8.771910701071873,not_preferentially_represent
YBL001C,315,6,3.5084600667075208,2.546631108,not_preferentially_represent,YBL001C,409,102.3552980128307,325.9722866650659,not_preferentially_represent
YIR030C,735,14,8.186406822317549,2.546631108,not_preferentially_represent,YIR030C,41,10.260555546518482,13.978958510243162,not_preferentially_represent
YOR316C-A,210,4,2.338973377805014,2.546631108,not_preferentially_represent,YOR316C-A,3,0.7507723570623278,3.59221223474798,not_preferentially_represent
YPR064W,420,8,4.677946755610028,2.546631108,not_preferentially_represent,YPR064W,3,0.7507723570623278,1.7918194679291835,not_preferentially_represent
YNL264C,1053,20,11.69486688902507,2.539375748,not_preferentially_represent,YNL264C,237,59.3110162079239,56.37929297331169,not_preferentially_represent
YBR276C,2424,46,26.898193844757657,2.537175794,not_preferentially_represent,YBR276C,164,41.04222218607393,16.938597683068068,not_preferentially_represent
YGL212W,951,18,10.525380200122562,2.530564034,not_preferentially_represent,YGL212W,34,8.508753380039716,8.956582505304963,not_preferentially_represent
YLR237W,1797,34,19.88127371134262,2.529625224,not_preferentially_represent,YLR237W,149,37.288360400762286,20.76189331890996,not_preferentially_represent
YDL134C,1110,21,12.279610233476323,2.529424141,not_preferentially_represent,YDL134C,277,69.32131430208827,62.5079479730282,not_preferentially_represent
YCR014C,1749,33,19.296530366891364,2.522606286,not_preferentially_represent,YCR014C,11,2.752831975895202,1.5748466681322666,not_preferentially_represent
YNL185C,477,9,5.262690100061281,2.522606286,not_preferentially_represent,YNL185C,102,25.52626014011915,53.62659693302342,not_preferentially_represent
YNL028W,318,6,3.5084600667075208,2.522606286,not_preferentially_represent,YNL028W,3,0.7507723570623278,2.3683670569789523,not_preferentially_represent
YDR362C,2019,38,22.220247089147634,2.516359118,not_preferentially_represent,YDR362C,42,10.510812998872591,5.208529731849648,not_preferentially_represent
YOR003W,1437,27,15.788070300183842,2.512073483,not_preferentially_represent,YOR003W,89,22.272913259515725,15.510385278214294,not_preferentially_represent
YGR198W,2454,46,26.898193844757657,2.506158975,not_preferentially_represent,YGR198W,67,16.767249307725322,6.835405343548847,not_preferentially_represent
YLR072W,2082,39,22.804990433598885,2.504431889,not_preferentially_represent,YLR072W,73,18.268794021849978,9.026084002890306,not_preferentially_represent
YMR276W,1122,21,12.279610233476323,2.502371476,not_preferentially_represent,YMR276W,489,122.37589420115944,109.16672096445981,not_preferentially_represent
YDL022W,1176,22,12.864353577927576,2.501155552,not_preferentially_represent,YDL022W,318,79.58186984860676,67.72925093498448,not_preferentially_represent
YLL010C,1284,24,14.033840266830083,2.499030526,not_preferentially_represent,YLL010C,83,20.771368545391073,16.18968709695329,not_preferentially_represent
YOR265W,321,6,3.5084600667075208,2.499030526,not_preferentially_represent,YOR265W,126,31.532438996617774,98.53887186443053,not_preferentially_represent
YMR306W,5358,100,58.47433444512534,2.495299238,not_preferentially_represent,YMR306W,44,11.011327903580808,2.0555026887401175,not_preferentially_represent
YAL037W,804,15,8.771150166768802,2.494368156,not_preferentially_represent,YAL037W,9,2.2523170711869835,2.804878046310067,not_preferentially_represent
YDL185W,3216,60,35.08460066707521,2.494368156,not_preferentially_represent,YDL185W,1965,491.75589387582477,2166.3255236820473,not_preferentially_represent
YER180C,804,15,8.771150166768802,2.494368156,not_preferentially_represent,YER180C,19,4.754891594728076,5.921409208876808,not_preferentially_represent
YGR092W,1719,32,18.711787022440113,2.488854137,not_preferentially_represent,YGR092W,136,34.03501352015886,19.810834412199572,not_preferentially_represent
YLL027W,753,14,8.186406822317549,2.485755464,not_preferentially_represent,YLL027W,218,54.55612461319583,72.54803804946253,not_preferentially_represent
YLR343W,1668,31,18.127043677988855,2.484797439,not_preferentially_represent,YLR343W,7,1.7518021664787649,1.0508711256621266,not_preferentially_represent
YOR201C,1239,23,13.449096922378828,2.481886249,not_preferentially_represent,YOR201C,120,30.030894282493115,24.257588273419316,not_preferentially_represent
YJL019W,2049,38,22.220247089147634,2.479516379,not_preferentially_represent,YJL019W,77,19.269823831266415,9.409093667610554,not_preferentially_represent
YBR154C,648,12,7.0169201334150415,2.475891355,not_preferentially_represent,YBR154C,161,40.2914498290116,62.27426557807047,not_preferentially_represent
YHR037W,1728,32,18.711787022440113,2.475891355,not_preferentially_represent,YHR037W,304,76.07826551564922,44.05226723546568,not_preferentially_represent
YIL101C,1944,36,21.050760400245125,2.475891355,not_preferentially_represent,YIL101C,49,12.262615165351356,6.311176101570435,not_preferentially_represent
YMR106C,1890,35,20.46601705579387,2.475891355,not_preferentially_represent,YMR106C,18,4.504634142373967,2.3846660361958536,not_preferentially_represent
YOL122C,1728,32,18.711787022440113,2.475891355,not_preferentially_represent,YOL122C,148,37.038102948408174,21.446498522529343,not_preferentially_represent
YHR035W,1893,35,20.46601705579387,2.471967596,not_preferentially_represent,YHR035W,10,2.502574523541093,1.3227138073684424,not_preferentially_represent
YFL055W,1677,31,18.127043677988855,2.471462211,not_preferentially_represent,YFL055W,24,6.0061788564986225,3.583638935858367,not_preferentially_represent
YMR065W,1515,28,16.372813644635098,2.470988599,not_preferentially_represent,YMR065W,9,2.2523170711869835,1.4876598884986683,not_preferentially_represent
YJR126C,2436,45,26.313450500306406,2.4697931,not_preferentially_represent,YJR126C,173,43.29453925726091,17.780098257602017,not_preferentially_represent
YDR473C,1410,26,15.20332695573259,2.465355647,not_preferentially_represent,YDR473C,14,3.5036043329575297,2.4865893065702838,not_preferentially_represent
YNL267W,3201,59,34.49985732262395,2.464289239,not_preferentially_represent,YNL267W,48,12.012357712997245,3.7538617853116394,not_preferentially_represent
YHR063C,1140,21,12.279610233476323,2.462860347,not_preferentially_represent,YHR063C,301,75.32749315858689,66.1347613332633,not_preferentially_represent
YLR312C,1197,22,12.864353577927576,2.45727563,not_preferentially_represent,YLR312C,6,1.5015447141246556,1.2554721690005484,not_preferentially_represent
YER172C-A,381,7,4.0932034111587745,2.456396147,not_preferentially_represent,YER172C-A,2,0.5005149047082186,1.3171444860742594,not_preferentially_represent
YPR138C,1470,27,15.788070300183842,2.455679997,not_preferentially_represent,YPR138C,584,146.15035217479982,99.48968834227354,not_preferentially_represent
YPR004C,1035,19,11.110123544573817,2.454361865,not_preferentially_represent,YPR004C,588,147.15138198421627,142.31274853405827,not_preferentially_represent
YER001W,2289,42,24.559220466952645,2.453176755,not_preferentially_represent,YER001W,334,83.5859890862725,36.53233788735686,not_preferentially_represent
YIL041W,981,18,10.525380200122562,2.453176755,not_preferentially_represent,YIL041W,896,224.2306773092819,228.80681358089993,not_preferentially_represent
YJL177W,872,16,9.355893511220057,2.453176755,not_preferentially_represent,YJL177W,2760,690.7105684973417,793.0086894343762,not_preferentially_represent
YJL097W,654,12,7.0169201334150415,2.453176755,not_preferentially_represent,YJL097W,486,121.62512184409711,186.25592931714718,not_preferentially_represent
YNL184C,327,6,3.5084600667075208,2.453176755,not_preferentially_represent,YNL184C,31,7.757981022977387,23.797487800544136,not_preferentially_represent
YPL180W,2400,44,25.72870715585515,2.451132441,not_preferentially_represent,YPL180W,21,5.255406499436296,2.190665485384033,not_preferentially_represent
YNL109W,546,10,5.847433444512535,2.448683757,not_preferentially_represent,YNL109W,135,33.78475606780475,61.990378106063766,not_preferentially_represent
YKL008C,1257,23,13.449096922378828,2.446346112,not_preferentially_represent,YKL008C,711,177.9330486237717,141.66643998707937,not_preferentially_represent
YNL172W,5247,96,56.13536106732033,2.446163671,not_preferentially_represent,YNL172W,30,7.507723570623279,1.4311329719068393,not_preferentially_represent
YMR060C,984,18,10.525380200122562,2.445697558,not_preferentially_represent,YMR060C,25,6.256436308852733,6.364635105648762,not_preferentially_represent
YBR003W,1422,26,15.20332695573259,2.444550958,not_preferentially_represent,YBR003W,74,18.519051474204087,13.03240779324707,not_preferentially_represent
YDL088C,1587,29,16.95755698908635,2.443129087,not_preferentially_represent,YDL088C,69,17.26776421243354,10.887619301660493,not_preferentially_represent
YBR065C,1095,20,11.69486688902507,2.441975035,not_preferentially_represent,YBR065C,20,5.005149047082186,4.5750905366381955,not_preferentially_represent
YMR074C,438,8,4.677946755610028,2.441975035,not_preferentially_represent,YMR074C,520,130.13387522413683,297.78918815591953,not_preferentially_represent
YOR187W,1314,24,14.033840266830083,2.441975035,not_preferentially_represent,YOR187W,1094,273.7816528753956,208.51611033921978,not_preferentially_represent
YLR288C,1425,26,15.20332695573259,2.439404535,not_preferentially_represent,YLR288C,47,11.762100260643136,8.25990186842917,not_preferentially_represent
YOR182C,603,11,6.432176788963788,2.438937752,not_preferentially_represent,YOR182C,1975,494.2584683993659,821.027356145126,not_preferentially_represent
YIR030W-A,384,7,4.0932034111587745,2.437205552,not_preferentially_represent,YIR030W-A,30,7.507723570623279,19.60241141154903,not_preferentially_represent
YPR180W,1044,19,11.110123544573817,2.433203573,not_preferentially_represent,YPR180W,62,15.515962045954774,14.876281923254819,not_preferentially_represent
YNR006W,1869,34,19.88127371134262,2.432175777,not_preferentially_represent,YNR006W,144,36.03707313899174,19.291795042286797,not_preferentially_represent
YNL065W,1761,32,18.711787022440113,2.429494753,not_preferentially_represent,YNL065W,278,69.57157175444237,39.5293021332059,not_preferentially_represent
YGL093W,2754,50,29.23716722256267,2.427344465,not_preferentially_represent,YGL093W,44,11.011327903580808,3.999755867628336,not_preferentially_represent
YDR537C,606,11,6.432176788963788,2.426863803,not_preferentially_represent,YDR537C,235,58.81050130321568,97.20744017060443,not_preferentially_represent
YBL106C,3033,55,32.16088394481894,2.424463344,not_preferentially_represent,YBL106C,55,13.764159879476011,4.539630567109502,not_preferentially_represent
YBR202W,2538,46,26.898193844757657,2.423212815,not_preferentially_represent,YBR202W,231,57.80947149379924,22.78654769168279,not_preferentially_represent
YLR213C,1269,23,13.449096922378828,2.423212815,not_preferentially_represent,YLR213C,9,2.2523170711869835,1.7762752927342143,not_preferentially_represent
YLR221C,663,12,7.0169201334150415,2.419875713,not_preferentially_represent,YLR221C,51,12.763130070059574,19.279652673806,not_preferentially_represent
YJL100W,1824,33,19.296530366891364,2.418880698,not_preferentially_represent,YJL100W,131,32.78372625838831,17.983393449472473,not_preferentially_represent
YPR005C,885,16,9.355893511220057,2.41714139,not_preferentially_represent,YPR005C,41,10.260555546518482,11.606963287916834,not_preferentially_represent
YBR027C,333,6,3.5084600667075208,2.408975372,not_preferentially_represent,YBR027C,2,0.5005149047082186,1.5075750141813813,not_preferentially_represent
YJL211C,444,8,4.677946755610028,2.408975372,not_preferentially_represent,YJL211C,71,17.76827911714176,40.108982205737604,not_preferentially_represent
YJL156W-A,222,4,2.338973377805014,2.408975372,not_preferentially_represent,YJL156W-A,12,3.0030894282493112,13.588639946829463,not_preferentially_represent
YDR387C,1668,30,17.542300333537604,2.404642682,not_preferentially_represent,YDR387C,148,37.038102948408174,22.21841808542782,not_preferentially_represent
YHR170W,1557,28,16.372813644635098,2.404333801,not_preferentially_represent,YHR170W,438,109.61276413109988,70.44522116394593,not_preferentially_represent
YMR264W,612,11,6.432176788963788,2.403071021,not_preferentially_represent,YMR264W,281,70.3223441115047,115.09385288298644,not_preferentially_represent
YDR396W,501,9,5.262690100061281,2.401762871,not_preferentially_represent,YDR396W,153,38.28939021017872,76.57878042035745,not_preferentially_represent
YLR171W,390,7,4.0932034111587745,2.399710082,not_preferentially_represent,YLR171W,23,5.755921404144513,14.796713121194122,not_preferentially_represent
YMR306C-A,390,7,4.0932034111587745,2.399710082,not_preferentially_represent,YMR306C-A,12,3.0030894282493112,7.720024237144759,not_preferentially_represent
YOL134C,390,7,4.0932034111587745,2.399710082,not_preferentially_represent,YOL134C,33,8.258495927685606,21.23006665214809,not_preferentially_represent
YOL135C,669,12,7.0169201334150415,2.398172792,not_preferentially_represent,YOL135C,70,17.51802166478765,26.224583330520435,not_preferentially_represent
YBR247C,1452,26,15.20332695573259,2.394043706,not_preferentially_represent,YBR247C,518,129.6333603194286,89.34070318361724,not_preferentially_represent
YCR049C,447,8,4.677946755610028,2.392807752,not_preferentially_represent,YCR049C,92,23.023685616578053,51.62261349008532,not_preferentially_represent
YHR136C,447,8,4.677946755610028,2.392807752,not_preferentially_represent,YHR136C,463,115.86920043995259,259.79641354249463,not_preferentially_represent
YDL211C,1119,20,11.69486688902507,2.389600235,not_preferentially_represent,YDL211C,37,9.259525737102043,8.282223378445478,not_preferentially_represent
YDL089W,1455,26,15.20332695573259,2.389107534,not_preferentially_represent,YDL089W,28,7.007208665915059,4.81926318150967,not_preferentially_represent
YIR007W,2295,41,23.97447712250139,2.388506954,not_preferentially_represent,YIR007W,31,7.757981022977387,3.38185746424472,not_preferentially_represent
YKR040C,504,9,5.262690100061281,2.387466663,not_preferentially_represent,YKR040C,13,3.253346880603421,6.467886442551532,not_preferentially_represent
YDR122W,3195,57,33.33037063372145,2.385224911,not_preferentially_represent,YDR122W,76,19.019566378912305,5.954779705357641,not_preferentially_represent
YLR001C,2589,46,26.898193844757657,2.375478611,not_preferentially_represent,YLR001C,45,11.261585355934917,4.351462656852751,not_preferentially_represent
YEL017W,1014,18,10.525380200122562,2.373339642,not_preferentially_represent,YEL017W,265,66.31822487383896,65.46715189915001,not_preferentially_represent
YOR377W,1578,28,16.372813644635098,2.372336963,not_preferentially_represent,YOR377W,182,45.54685632844789,28.881963429580146,not_preferentially_represent
YDR512C,564,10,5.847433444512535,2.370534276,not_preferentially_represent,YDR512C,89,22.272913259515725,39.56112479487696,not_preferentially_represent
YBR025C,1185,21,12.279610233476323,2.369334005,not_preferentially_represent,YBR025C,1413,353.61378017635644,298.66028731111186,not_preferentially_represent
YOL017W,2145,38,22.220247089147634,2.368545016,not_preferentially_represent,YOL017W,11,2.752831975895202,1.283970138010822,not_preferentially_represent
YDL018C,678,12,7.0169201334150415,2.36633864,not_preferentially_represent,YDL018C,70,17.51802166478765,25.87595519170997,not_preferentially_represent
YGR261C,2430,43,25.1439638114039,2.365851739,not_preferentially_represent,YGR261C,83,20.771368545391073,8.551407387974916,not_preferentially_represent
YNL330C,1302,23,13.449096922378828,2.361794979,not_preferentially_represent,YNL330C,181,45.29659887609378,34.816755477397216,not_preferentially_represent
YHR036W,1416,25,14.618583611281336,2.360489639,not_preferentially_represent,YHR036W,24,6.0061788564986225,4.244649368550264,not_preferentially_represent
YDL094C,510,9,5.262690100061281,2.35937882,not_preferentially_represent,YDL094C,4,1.0010298094164372,1.9666597434507607,not_preferentially_represent
YCL001W,567,10,5.847433444512535,2.357991766,not_preferentially_represent,YCL001W,454,113.61688336876561,200.73654305435622,not_preferentially_represent
YPL048W,1248,22,12.864353577927576,2.356858116,not_preferentially_represent,YPL048W,1527,382.1431297447249,306.4499837567962,not_preferentially_represent
YKR006C,795,14,8.186406822317549,2.354432533,not_preferentially_represent,YKR006C,129,32.283211353680095,40.6589563648364,not_preferentially_represent
YOL156W,1704,30,17.542300333537604,2.353840372,not_preferentially_represent,YOL156W,17,4.254376690019858,2.4981659953140682,not_preferentially_represent
YLR257W,966,17,9.94063685567131,2.352865697,not_preferentially_represent,YLR257W,648,162.16682912546284,168.04852759115317,not_preferentially_represent
YFL058W,1023,18,10.525380200122562,2.352459821,not_preferentially_represent,YFL058W,14,3.5036043329575297,3.428184278823415,not_preferentially_represent
YIL033C,1251,22,12.864353577927576,2.351206178,not_preferentially_represent,YIL033C,672,168.17300798196146,134.53840638556915,not_preferentially_represent
YOR188W,3414,60,35.08460066707521,2.34970357,not_preferentially_represent,YOR188W,71,17.76827911714176,5.206058926792195,not_preferentially_represent
YML123C,1764,31,18.127043677988855,2.349570367,not_preferentially_represent,YML123C,8589,2149.4612582694444,1219.2066127450055,not_preferentially_represent
YOR326W,4725,83,48.533697589454036,2.348559799,not_preferentially_represent,YOR326W,113,28.279092116014347,5.9862599737540965,not_preferentially_represent
YER084W-A,513,9,5.262690100061281,2.345581283,not_preferentially_represent,YER084W-A,1,0.2502574523541093,0.4887840866291197,not_preferentially_represent
YIL028W,399,7,4.0932034111587745,2.345581283,not_preferentially_represent,YIL028W,8,2.0020596188328743,5.030300549831343,not_preferentially_represent
YLR437C-A,228,4,2.338973377805014,2.345581283,not_preferentially_represent,YLR437C-A,6,1.5015447141246556,6.614734423456634,not_preferentially_represent
YMR135C,1368,24,14.033840266830083,2.345581283,not_preferentially_represent,YMR135C,52,13.013387522413684,9.519668999571092,not_preferentially_represent
YJL221C,1770,31,18.127043677988855,2.341605722,not_preferentially_represent,YJL221C,7,1.7518021664787649,0.9902782173424336,not_preferentially_represent
YJL194W,1542,27,15.788070300183842,2.341017896,not_preferentially_represent,YJL194W,13,3.253346880603421,4.6410083888779186,not_preferentially_represent
YNR013C,2685,47,27.482937189208915,2.340339761,not_preferentially_represent,YNR013C,959,239.99689680759082,89.41762176139747,not_preferentially_represent
YDL080C,1830,32,18.711787022440113,2.337890853,not_preferentially_represent,YDL080C,152,38.03913275782461,20.797776248127178,not_preferentially_represent
YER083C,858,15,8.771150166768802,2.33737995,not_preferentially_represent,YER083C,687,171.92686976727308,200.61478385912844,not_preferentially_represent
YDR299W,1605,28,16.372813644635098,2.332428491,not_preferentially_represent,YDR299W,88,22.022655807161616,13.729835291247891,not_preferentially_represent
YCR087W,516,9,5.262690100061281,2.331944183,not_preferentially_represent,YCR087W,352,88.09062322864646,171.04975384203198,not_preferentially_represent
YHR071W,690,12,7.0169201334150415,2.325184924,not_preferentially_represent,YHR071W,65,16.266734403017104,23.609193618312197,not_preferentially_represent
YNL067W,576,10,5.847433444512535,2.321148145,not_preferentially_represent,YNL067W,965,241.49844152171548,1654.0989145322976,not_preferentially_represent
YPL250W-A,288,5,2.9237167222562674,2.321148145,not_preferentially_represent,YPL250W-A,5161,1291.578711599558,4500.274256444453,preferentially_represented
YJL095W,4437,77,45.025237522746515,2.320206503,not_preferentially_represent,YJL095W,54,13.513902427121902,3.0464162369526377,not_preferentially_represent
YCR087C-A,462,8,4.677946755610028,2.315119189,not_preferentially_represent,YCR087C-A,341,85.33779125275127,165.70444903446847,not_preferentially_represent
YMR001C-A,231,4,2.338973377805014,2.315119189,not_preferentially_represent,YMR001C-A,4,1.0010298094164372,4.352303519201901,not_preferentially_represent
YLR131C,2313,40,23.38973377805014,2.31211644,not_preferentially_represent,YLR131C,73,18.268794021849978,7.901727518101201,not_preferentially_represent
YBR289W,2718,47,27.482937189208915,2.31192504,not_preferentially_represent,YBR289W,45,11.261585355934917,4.144860270863054,not_preferentially_represent
YJR149W,1215,21,12.279610233476323,2.310831931,not_preferentially_represent,YJR149W,10,2.502574523541093,2.061428767332037,not_preferentially_represent
YNL183C,2373,41,23.97447712250139,2.309997244,not_preferentially_represent,YNL183C,108,27.027804854243804,11.39452143939452,not_preferentially_represent
YER085C,522,9,5.262690100061281,2.305140227,not_preferentially_represent,YER085C,1,0.2502574523541093,0.4887840866291197,not_preferentially_represent
YIL118W,696,12,7.0169201334150415,2.305140227,not_preferentially_represent,YIL118W,124,31.03192409190955,44.65025049195619,not_preferentially_represent
YPL135C-A,174,3,1.7542300333537604,2.305140227,not_preferentially_represent,YPL135C-A,37,9.259525737102043,53.523270156659216,not_preferentially_represent
YDR470C,1509,26,15.20332695573259,2.303612632,not_preferentially_represent,YDR470C,49,12.262615165351356,8.131707669331137,not_preferentially_represent
YAL003W,987,17,9.94063685567131,2.302804725,not_preferentially_represent,YAL003W,6307,1578.3737519973672,1600.7847383340438,not_preferentially_represent
YDL057W,987,17,9.94063685567131,2.302804725,not_preferentially_represent,YDL057W,42,10.510812998872591,10.660053751392079,not_preferentially_represent
YNL108C,813,14,8.186406822317549,2.302304876,not_preferentially_represent,YNL108C,184,46.047371233156106,84.49058941863507,not_preferentially_represent
YKL144C,639,11,6.432176788963788,2.301532808,not_preferentially_represent,YKL144C,179,44.79608397138556,70.21329776079241,not_preferentially_represent
YGL233W,2733,47,27.482937189208915,2.299236099,not_preferentially_represent,YGL233W,67,16.767249307725322,6.137353333720835,not_preferentially_represent
YER173W,1980,34,19.88127371134262,2.295826529,not_preferentially_represent,YER173W,24,6.0061788564986225,15.805733832891113,not_preferentially_represent
YIR025W,1107,19,11.110123544573817,2.294728573,not_preferentially_represent,YIR025W,17,4.254376690019858,3.846633535280161,not_preferentially_represent
YJR132W,3147,54,31.576140600367683,2.294152904,not_preferentially_represent,YJR132W,183,45.797113780802,14.557251678576606,not_preferentially_represent
YNL329C,3093,53,30.991397255916432,2.290979973,not_preferentially_represent,YNL329C,76,19.019566378912305,6.151218104434769,not_preferentially_represent
YHR133C,876,15,8.771150166768802,2.289351595,not_preferentially_represent,YHR133C,593,148.4026692459868,169.60305056684206,not_preferentially_represent
YOR113W,2745,47,27.482937189208915,2.289184793,not_preferentially_represent,YOR113W,20,5.005149047082186,1.8240339092865108,not_preferentially_represent
YDL197C,1578,27,15.788070300183842,2.287610643,not_preferentially_represent,YDL197C,42,10.510812998872591,6.665068483749264,not_preferentially_represent
YLR426W,1052,18,10.525380200122562,2.287610643,not_preferentially_represent,YLR426W,106,26.527289949535586,25.24004752572368,not_preferentially_represent
YGR167W,702,12,7.0169201334150415,2.285438173,not_preferentially_represent,YGR167W,159,39.79093492430338,56.763102602429925,not_preferentially_represent
YLR300W,1347,23,13.449096922378828,2.282893142,not_preferentially_represent,YLR300W,6387,1598.394348185696,1187.5143745807547,not_preferentially_represent
YMR078C,2226,38,22.220247089147634,2.282358068,not_preferentially_represent,YMR078C,31,7.757981022977387,3.4867330440347812,not_preferentially_represent
YLR002C,1992,34,19.88127371134262,2.281996248,not_preferentially_represent,YLR002C,191,47.799173399634874,24.00762099429175,not_preferentially_represent
YER147C-A,411,7,4.0932034111587745,2.277097158,not_preferentially_represent,YER147C-A,88,22.022655807161616,53.7137946516137,not_preferentially_represent
YPL250C,411,7,4.0932034111587745,2.277097158,not_preferentially_represent,YPL250C,33,8.258495927685606,20.142672994355138,not_preferentially_represent
YIR032C,588,10,5.847433444512535,2.273777775,not_preferentially_represent,YIR032C,151,37.788875305470505,64.37627820352726,not_preferentially_represent
YLR170C,471,8,4.677946755610028,2.270881242,not_preferentially_represent,YLR170C,32,8.008238475331497,17.03880526666276,not_preferentially_represent
YIL151C,3357,57,33.33037063372145,2.270120223,not_preferentially_represent,YIL151C,48,12.012357712997245,3.5793676141231363,not_preferentially_represent
YOL060C,2121,36,21.050760400245125,2.269275244,not_preferentially_represent,YOL060C,93,23.273943068932162,10.978275032515171,not_preferentially_represent
YFL019C,354,6,3.5084600667075208,2.266070053,not_preferentially_represent,YFL019C,4,1.0010298094164372,2.8357784969304167,not_preferentially_represent
YHR072W-A,177,3,1.7542300333537604,2.266070053,not_preferentially_represent,YHR072W-A,1059,265.0226420430017,1505.810466153419,not_preferentially_represent
YLR169W,354,6,3.5084600667075208,2.266070053,not_preferentially_represent,YLR169W,17,4.254376690019858,12.052058611954271,not_preferentially_represent
YIR031C,1665,28,16.372813644635098,2.248377014,not_preferentially_represent,YIR031C,150,37.53861785311639,98.01205705774515,not_preferentially_represent
YDR059C,537,9,5.262690100061281,2.240750835,not_preferentially_represent,YDR059C,72,18.01853656949587,33.61667270428334,not_preferentially_represent
YOL136C,1194,20,11.69486688902507,2.239499718,not_preferentially_represent,YOL136C,394,98.60143622751906,82.64998845559016,not_preferentially_represent
YBR143C,1314,22,12.864353577927576,2.238477115,not_preferentially_represent,YBR143C,712,178.1833060761258,135.70701148219788,not_preferentially_represent
YBL009W,2031,34,19.88127371134262,2.238176527,not_preferentially_represent,YBL009W,37,9.259525737102043,4.561342727636474,not_preferentially_represent
YGR135W,777,13,7.601663477866295,2.236905703,not_preferentially_represent,YGR135W,354,88.59113813335468,114.1638378007148,not_preferentially_represent
YBR084C-A,1076,18,10.525380200122562,2.23658587,not_preferentially_represent,YBR084C-A,5568,1393.4334947076804,1296.2172043792377,not_preferentially_represent
YKL095W,837,14,8.186406822317549,2.236288965,not_preferentially_represent,YKL095W,15,3.7538617853116394,4.490265293434975,not_preferentially_represent
YBR015C,1794,30,17.542300333537604,2.235754735,not_preferentially_represent,YBR015C,1080,270.278048542438,150.74068518819746,not_preferentially_represent
YBL030C,957,16,9.355893511220057,2.235287493,not_preferentially_represent,YBL030C,1796,449.4623844279803,470.14893768617185,not_preferentially_represent
YNL315C,957,16,9.355893511220057,2.235287493,not_preferentially_represent,YNL315C,134,33.534498615450644,35.077927422019506,not_preferentially_represent
YLR439W,960,16,9.355893511220057,2.228302219,not_preferentially_represent,YLR439W,137,34.28527097251297,35.75106462201561,not_preferentially_represent
YPL061W,1503,25,14.618583611281336,2.22385451,not_preferentially_represent,YPL061W,806,201.70750659741208,134.2926142459468,not_preferentially_represent
YBL098W,1383,23,13.449096922378828,2.223468592,not_preferentially_represent,YBL098W,116,29.029864473076678,21.00569064622046,not_preferentially_represent
YBR026C,1143,19,11.110123544573817,2.222453657,not_preferentially_represent,YBR026C,181,45.29659887609378,39.66427222074762,not_preferentially_represent
YIL047C,2709,45,26.313450500306406,2.220899222,not_preferentially_represent,YIL047C,918,229.7363412610723,624.2835360355226,not_preferentially_represent
YER148W,723,12,7.0169201334150415,2.219056152,not_preferentially_represent,YER148W,180,45.04634142373967,109.86912542375529,not_preferentially_represent
YPR113W,663,11,6.432176788963788,2.218219404,not_preferentially_represent,YPR113W,1324,331.3408669168407,500.5149047082186,not_preferentially_represent
YPR023C,1206,20,11.69486688902507,2.217216138,not_preferentially_represent,YPR023C,254,63.56539289794376,52.751363400783205,not_preferentially_represent
YNL313C,2715,45,26.313450500306406,2.215991157,not_preferentially_represent,YNL313C,264,66.06796742148485,24.34339256502758,not_preferentially_represent
YLL067W-A,483,8,4.677946755610028,2.214461833,not_preferentially_represent,YLL067W-A,19,4.754891594728076,9.864920321012606,not_preferentially_represent
YER154W,1209,20,11.69486688902507,2.211714361,not_preferentially_represent,YER154W,125,31.28218154426366,25.895845649224885,not_preferentially_represent
YDL087C,786,13,7.601663477866295,2.211292278,not_preferentially_represent,YDL087C,30,7.507723570623279,9.56397907085768,not_preferentially_represent
YHR039C,1935,32,18.711787022440113,2.211028558,not_preferentially_represent,YHR039C,987,247.00410547350586,127.7167039676866,not_preferentially_represent
YKL038W,3513,58,33.9151139781727,2.20737026,not_preferentially_represent,YKL038W,78,19.520081283620524,5.558109704903338,not_preferentially_represent
YML124C,1636,27,15.788070300183842,2.206509532,not_preferentially_represent,YML124C,794,198.70441716916278,121.53175362028304,not_preferentially_represent
YGR120C,789,13,7.601663477866295,2.202884323,not_preferentially_represent,YGR120C,46,11.511842808289027,14.608937573970847,not_preferentially_represent
YGR113W,1032,17,9.94063685567131,2.202391728,not_preferentially_represent,YGR113W,60,15.015447141246558,14.563964249511695,not_preferentially_represent
YDR538W,729,12,7.0169201334150415,2.200792315,not_preferentially_represent,YDR538W,305,76.32852296800334,126.16284788099725,not_preferentially_represent
YOR168W,2430,40,23.38973377805014,2.200792315,not_preferentially_represent,YOR168W,518,129.6333603194286,53.36902442133743,not_preferentially_represent
YHR124W,1884,31,18.127043677988855,2.199916204,not_preferentially_represent,YHR124W,119,29.780636830139006,15.815526728698357,not_preferentially_represent
YEL031W,3648,60,35.08460066707521,2.198982453,not_preferentially_represent,YEL031W,2158,540.0555821801678,148.0821448259303,not_preferentially_represent
YIR026C,1095,18,10.525380200122562,2.197777531,not_preferentially_represent,YIR026C,486,121.62512184409711,111.17470004030815,not_preferentially_represent
YMR170C,1521,25,14.618583611281336,2.197536705,not_preferentially_represent,YMR170C,78,19.520081283620524,12.842158739224029,not_preferentially_represent
YHR160C,852,14,8.186406822317549,2.196917681,not_preferentially_represent,YHR160C,7,1.7518021664787649,2.0585219347576555,not_preferentially_represent
YPL255W,1158,19,11.110123544573817,2.193665397,not_preferentially_represent,YPL255W,12,3.0030894282493112,2.5955829111921447,not_preferentially_represent
YHR157W,549,9,5.262690100061281,2.191772675,not_preferentially_represent,YHR157W,4,1.0010298094164372,1.8266967325117467,not_preferentially_represent
YMR281W,915,15,8.771150166768802,2.191772675,not_preferentially_represent,YMR281W,73,18.268794021849978,19.9877396300328,not_preferentially_represent
YNL070W,183,3,1.7542300333537604,2.191772675,not_preferentially_represent,YNL070W,163,40.791964733719816,224.13167436109788,not_preferentially_represent
YOL133W,366,6,3.5084600667075208,2.191772675,not_preferentially_represent,YOL133W,99,24.77548778305682,67.87804872070362,not_preferentially_represent
YAL018C,978,16,9.355893511220057,2.187290522,not_preferentially_represent,YAL018C,2,0.5005149047082186,0.5122977530278593,not_preferentially_represent
YMR113W,1284,21,12.279610233476323,2.18665171,not_preferentially_represent,YMR113W,100,25.02574523541093,19.505647104763,not_preferentially_represent
YIL093C,795,13,7.601663477866295,2.186258781,not_preferentially_represent,YIL093C,57,14.264674784184228,17.965585370509107,not_preferentially_represent
YLR301W,735,12,7.0169201334150415,2.182826664,not_preferentially_represent,YLR301W,339,84.83727634804306,115.58212036518127,not_preferentially_represent
YML017W,2144,35,20.46601705579387,2.182572136,not_preferentially_represent,YML017W,36,9.009268284747934,4.2040449298870435,not_preferentially_represent
YBR064W,429,7,4.0932034111587745,2.18155462,not_preferentially_represent,YBR064W,4,1.0010298094164372,2.3388546948982176,not_preferentially_represent
YOR040W,858,14,8.186406822317549,2.18155462,not_preferentially_represent,YOR040W,52,13.013387522413684,15.184816245523551,not_preferentially_represent
YOL022C,1227,20,11.69486688902507,2.179268674,not_preferentially_represent,YOL022C,586,146.65086707950803,119.61734672064277,not_preferentially_represent
YOR069W,2028,33,19.296530366891364,2.175561338,not_preferentially_represent,YOR069W,60,15.015447141246558,7.407719359273092,not_preferentially_represent
YNL097C-B,123,2,1.169486688902507,2.173953384,not_preferentially_represent,YNL097C-B,4,1.0010298094164372,8.205162372265878,not_preferentially_represent
YBR034C,1047,17,9.94063685567131,2.170838838,not_preferentially_represent,YBR034C,865,216.47269628630454,206.95286451845558,not_preferentially_represent
YBR251W,924,15,8.771150166768802,2.170424239,not_preferentially_represent,YBR251W,40,10.010298094164373,10.845393384793468,not_preferentially_represent
YOR280C,801,13,7.601663477866295,2.169882311,not_preferentially_represent,YOR280C,110,27.528319758952023,34.41039969869003,not_preferentially_represent
YBL063W,3336,54,31.576140600367683,2.164178414,not_preferentially_represent,YBL063W,14,3.5036043329575297,1.0505560218763208,not_preferentially_represent
YDR229W,1362,22,12.864353577927576,2.159588054,not_preferentially_represent,YDR229W,24,6.0061788564986225,4.413063083393551,not_preferentially_represent
YLL018C,1674,27,15.788070300183842,2.156421502,not_preferentially_represent,YLL018C,2334,584.1008937944911,1973.3138303867943,not_preferentially_represent
YNR041C,1119,18,10.525380200122562,2.150640211,not_preferentially_represent,YNR041C,310,77.57981022977388,69.39160127886751,not_preferentially_represent
YOL125W,1431,23,13.449096922378828,2.148886836,not_preferentially_represent,YOL125W,163,40.791964733719816,28.525849464139732,not_preferentially_represent
YDR393W,1371,22,12.864353577927576,2.145411327,not_preferentially_represent,YDR393W,41,10.260555546518482,7.489456603298161,not_preferentially_represent
YKR036C,1932,31,18.127043677988855,2.1452599,not_preferentially_represent,YKR036C,24,6.0061788564986225,3.110398164939732,not_preferentially_represent
YIL082W,873,14,8.186406822317549,2.144070864,not_preferentially_represent,YIL082W,81,20.270853640682855,23.246391789773913,not_preferentially_represent
YIL134W,936,15,8.771150166768802,2.142598288,not_preferentially_represent,YIL134W,71,17.76827911714176,19.00350707715696,not_preferentially_represent
YKL053W,375,6,3.5084600667075208,2.13917013,not_preferentially_represent,YKL053W,35,8.759010832393825,23.419815059876537,not_preferentially_represent
YLR295C,375,6,3.5084600667075208,2.13917013,not_preferentially_represent,YLR295C,176,44.04531161432323,117.76821287252201,not_preferentially_represent
YDL129W,876,14,8.186406822317549,2.136728155,not_preferentially_represent,YDL129W,83,20.771368545391073,23.73870690901837,not_preferentially_represent
YER035W,438,7,4.0932034111587745,2.136728155,not_preferentially_represent,YER035W,134,33.534498615450644,76.73798310171772,not_preferentially_represent
YOL148C,1815,29,16.95755698908635,2.136223615,not_preferentially_represent,YOL148C,70,17.51802166478765,9.657123299221418,not_preferentially_represent
YIL053W,753,12,7.0169201334150415,2.13064754,not_preferentially_represent,YIL053W,3741,936.2131292567228,1244.9642676286207,not_preferentially_represent
YGL213C,1194,19,11.110123544573817,2.127524732,not_preferentially_represent,YGL213C,190,47.54891594728076,98.03900195315622,not_preferentially_represent
YBR250W,1572,25,14.618583611281336,2.126242575,not_preferentially_represent,YBR250W,2,0.5005149047082186,0.3185963747347031,not_preferentially_represent
YDL095W,2454,39,22.804990433598885,2.124786957,not_preferentially_represent,YDL095W,908,227.23376673753123,697.0360942869056,not_preferentially_represent
YBL100C,315,5,2.9237167222562674,2.12219259,not_preferentially_represent,YBL100C,195,48.80020320905131,155.4146599014373,not_preferentially_represent
YCR027C,630,10,5.847433444512535,2.12219259,not_preferentially_represent,YCR027C,71,17.76827911714176,28.248456466044132,not_preferentially_represent
YDL085W,1638,26,15.20332695573259,2.12219259,not_preferentially_represent,YDL085W,10,2.502574523541093,1.5287565812712847,not_preferentially_represent
YJL144W,315,5,2.9237167222562674,2.12219259,not_preferentially_represent,YJL144W,15,3.7538617853116394,11.9549738385721,not_preferentially_represent
YNL263C,945,15,8.771150166768802,2.12219259,not_preferentially_represent,YNL263C,621,155.40987791190184,164.62910795752316,not_preferentially_represent
YOR005C,2835,45,26.313450500306406,2.12219259,not_preferentially_represent,YOR005C,67,16.767249307725322,5.916460588470474,not_preferentially_represent
YJL219W,1704,27,15.788070300183842,2.118456335,not_preferentially_represent,YJL219W,17,4.254376690019858,2.4981659953140682,not_preferentially_represent
YPL030W,1704,27,15.788070300183842,2.118456335,not_preferentially_represent,YPL030W,145,36.28733059134585,21.30788643061999,not_preferentially_represent
YPL003W,1389,22,12.864353577927576,2.11760902,not_preferentially_represent,YPL003W,70,17.51802166478765,12.62105307261358,not_preferentially_represent
YKL189W,1200,19,11.110123544573817,2.116887108,not_preferentially_represent,YKL189W,30,7.507723570623279,6.261654354147855,not_preferentially_represent
YBR218C,3543,56,32.745627289270196,2.113207862,not_preferentially_represent,YBR218C,664,166.1709483631286,46.91444053165685,not_preferentially_represent
YLR188W,2088,33,19.296530366891364,2.113045208,not_preferentially_represent,YLR188W,189,47.298658494926656,22.663468373227914,not_preferentially_represent
YBR252W,444,7,4.0932034111587745,2.107853451,not_preferentially_represent,YBR252W,374,93.59628718043687,211.27830063304035,not_preferentially_represent
YNL308C,1776,28,16.372813644635098,2.107853451,not_preferentially_represent,YNL308C,96,24.02471542599449,13.535050944222249,not_preferentially_represent
YLR130C,1269,20,11.69486688902507,2.107141578,not_preferentially_represent,YLR130C,1126,281.7898913507271,222.23177551319168,not_preferentially_represent
YOL113W,1968,31,18.127043677988855,2.106017341,not_preferentially_represent,YOL113W,50,12.512872617705465,6.361399398935163,not_preferentially_represent
YKL207W,762,12,7.0169201334150415,2.105482412,not_preferentially_represent,YKL207W,766,191.6972085032477,251.9017194523623,not_preferentially_represent
YLR334C,381,6,3.5084600667075208,2.105482412,not_preferentially_represent,YLR334C,1,0.2502574523541093,1.9551363465164788,not_preferentially_represent
YLR089C,1779,28,16.372813644635098,2.104298892,not_preferentially_represent,YLR089C,1436,359.36970158050093,202.1201921150174,not_preferentially_represent
YNL121C,1854,29,16.95755698908635,2.091286872,not_preferentially_represent,YNL121C,81,20.270853640682855,10.93947848930537,not_preferentially_represent
YGL103W,961,15,8.771150166768802,2.086859518,not_preferentially_represent,YGL103W,9577,2396.7156211953047,2496.5787720784424,not_preferentially_represent
YER056C,1602,25,14.618583611281336,2.086425299,not_preferentially_represent,YER056C,4697,1175.4592537072515,734.2031565941608,not_preferentially_represent
YDL223C,3141,49,28.65242387811142,2.085707903,not_preferentially_represent,YDL223C,80,20.020596188328746,6.375986047238453,not_preferentially_represent
YHR026W,642,10,5.847433444512535,2.082525438,not_preferentially_represent,YHR026W,1964,491.5056364234706,766.7794639991741,not_preferentially_represent
YHR028W-A,321,5,2.9237167222562674,2.082525438,not_preferentially_represent,YHR028W-A,4,1.0010298094164372,3.1282181544263663,not_preferentially_represent
YER043C,1350,21,12.279610233476323,2.079748738,not_preferentially_represent,YER043C,10861,2718.0461900179807,2014.8600370778213,not_preferentially_represent
YIR029W,1032,16,9.355893511220057,2.072839274,not_preferentially_represent,YIR029W,21,5.255406499436296,5.097387487329093,not_preferentially_represent
YLR268W,645,10,5.847433444512535,2.072839274,not_preferentially_represent,YLR268W,353,88.34088068100057,137.1752805605599,not_preferentially_represent
YML090W,387,6,3.5084600667075208,2.072839274,not_preferentially_represent,YML090W,3,0.7507723570623278,1.9450061063790878,not_preferentially_represent
YNL223W,1485,23,13.449096922378828,2.070745497,not_preferentially_represent,YNL223W,32,8.008238475331497,5.396387112757074,not_preferentially_represent
YDR105C,1422,22,12.864353577927576,2.068466195,not_preferentially_represent,YDR105C,385,96.34911915633208,67.8037432486503,not_preferentially_represent
YJR099W,711,11,6.432176788963788,2.068466195,not_preferentially_represent,YJR099W,56,14.014417331830119,19.738615960324115,not_preferentially_represent
YER162C,2265,35,20.46601705579387,2.065975567,not_preferentially_represent,YER162C,23,5.755921404144513,2.5423681113712515,not_preferentially_represent
YKL220C,2136,33,19.296530366891364,2.065561046,not_preferentially_represent,YKL220C,15,3.7538617853116394,1.7582490797712595,not_preferentially_represent
YPL252C,519,8,4.677946755610028,2.060857544,not_preferentially_represent,YPL252C,169,42.29350944784447,81.64770163676539,not_preferentially_represent
YER076C,909,14,8.186406822317549,2.059157166,not_preferentially_represent,YER076C,42,10.510812998872591,11.575785241049108,not_preferentially_represent
YBR162C,1368,21,12.279610233476323,2.052383623,not_preferentially_represent,YBR162C,5200,1301.3387522413684,951.9668999571093,not_preferentially_represent
YLR201C,783,12,7.0169201334150415,2.049013535,not_preferentially_represent,YLR201C,117,29.280121925430787,37.44261115783988,not_preferentially_represent
YPR016W-A,261,4,2.338973377805014,2.049013535,not_preferentially_represent,YPR016W-A,21,5.255406499436296,20.213101920908827,not_preferentially_represent
YPR150W,522,8,4.677946755610028,2.049013535,not_preferentially_represent,YPR150W,16,4.004119237665749,7.685449592448654,not_preferentially_represent
YNL233W,2679,41,23.97447712250139,2.046145375,not_preferentially_represent,YNL233W,36,9.009268284747934,3.3641778509140905,not_preferentially_represent
YDR123C,915,14,8.186406822317549,2.045654496,not_preferentially_represent,YDR123C,79,19.770338735974633,21.630567544830015,not_preferentially_represent
YJR062C,1374,21,12.279610233476323,2.043421249,not_preferentially_represent,YJR062C,56,14.014417331830119,10.20715027809914,not_preferentially_represent
YCR048W,1833,28,16.372813644635098,2.042306453,not_preferentially_represent,YCR048W,499,124.87846872470053,68.16510301566623,not_preferentially_represent
YOR139C,393,6,3.5084600667075208,2.041192872,not_preferentially_represent,YOR139C,5,1.2512872617705466,3.192059341251394,not_preferentially_represent
YJR100C,984,15,8.771150166768802,2.038081298,not_preferentially_represent,YJR100C,47,11.762100260643136,11.965513998619672,not_preferentially_represent
YEL050C,1182,18,10.525380200122562,2.03601218,not_preferentially_represent,YEL050C,201,50.30174792317597,42.5925045920203,not_preferentially_represent
YJL218W,591,9,5.262690100061281,2.03601218,not_preferentially_represent,YJL218W,16,4.004119237665749,6.786642775704658,not_preferentially_represent
YNR048W,1182,18,10.525380200122562,2.03601218,not_preferentially_represent,YNR048W,92,23.023685616578053,19.594626056662175,not_preferentially_represent
YPL023C,1974,30,17.542300333537604,2.031886522,not_preferentially_represent,YPL023C,246,61.563333279110886,31.202905868784026,not_preferentially_represent
YBR091C,330,5,2.9237167222562674,2.02572929,not_preferentially_represent,YBR091C,86,21.5221409024534,65.41684164879453,not_preferentially_represent
YDR405W,792,12,7.0169201334150415,2.02572929,not_preferentially_represent,YDR405W,52,13.013387522413684,16.451817348184175,not_preferentially_represent
YGR022C,330,5,2.9237167222562674,2.02572929,not_preferentially_represent,YGR022C,29,7.2574661182691695,22.05916753273304,not_preferentially_represent
YLR156C-A,132,2,1.169486688902507,2.02572929,not_preferentially_represent,YLR156C-A,147,36.78784549605407,280.8232480614814,not_preferentially_represent
YLR157C-C,132,2,1.169486688902507,2.02572929,not_preferentially_represent,YLR157C-C,140,35.0360433295753,267.4507124395061,not_preferentially_represent
YOR070C,1914,29,16.95755698908635,2.02572929,not_preferentially_represent,YOR070C,72,18.01853656949587,9.418994547567104,not_preferentially_represent
YKR051W,1257,19,11.110123544573817,2.020894614,not_preferentially_represent,YKR051W,67,16.767249307725322,13.349720786405511,not_preferentially_represent
YLL034C,2514,38,22.220247089147634,2.020894614,not_preferentially_represent,YLL034C,98,24.525230330702712,9.759343545842702,not_preferentially_represent
YDL226C,1059,16,9.355893511220057,2.01999068,not_preferentially_represent,YDL226C,287,71.82388882562937,67.88647337016008,not_preferentially_represent
YOR185C,663,10,5.847433444512535,2.016563094,not_preferentially_represent,YOR185C,62,15.515962045954774,23.4380091328622,not_preferentially_represent
YBL105C,3456,52,30.40665391146518,2.011661726,not_preferentially_represent,YBL105C,118,29.530379377784897,8.547143090531085,not_preferentially_represent
YJL160C,864,13,7.601663477866295,2.011661726,not_preferentially_represent,YJL160C,5,1.2512872617705466,1.449927302167493,not_preferentially_represent
YER149C,1263,19,11.110123544573817,2.011294165,not_preferentially_represent,YER149C,39,9.760040641810262,16.885883463339553,not_preferentially_represent
YLR192C,798,12,7.0169201334150415,2.010498243,not_preferentially_represent,YLR192C,587,146.90112453186217,184.31759665227372,not_preferentially_represent
YJR006W,1464,22,12.864353577927576,2.009124952,not_preferentially_represent,YJR006W,106,26.527289949535586,18.13211889920409,not_preferentially_represent
YMR275C,2931,44,25.72870715585515,2.007068529,not_preferentially_represent,YMR275C,53,13.263644974767793,4.5268412883166524,not_preferentially_represent
YDR398W,1932,29,16.95755698908635,2.006856036,not_preferentially_represent,YDR398W,314,78.58084003919032,40.69437599129483,not_preferentially_represent
YGL095C,1734,26,15.20332695573259,2.004700958,not_preferentially_represent,YGL095C,37,9.259525737102043,5.343061590941745,not_preferentially_represent
YKR074W,468,7,4.0932034111587745,1.999758402,not_preferentially_represent,YKR074W,324,81.08341456273142,173.62615538058117,not_preferentially_represent
YDR089W,2610,39,22.804990433598885,1.997788196,not_preferentially_represent,YDR089W,58,14.514932236538339,5.563408293038842,not_preferentially_represent
YMR089C,2478,37,21.63550374469638,1.996299809,not_preferentially_represent,YMR089C,80,20.020596188328746,8.082598380431467,not_preferentially_represent
YGR240C-A,201,3,1.7542300333537604,1.995494525,not_preferentially_represent,YGR240C-A,35,8.759010832393825,43.79505416196913,not_preferentially_represent
YKR083C,402,6,3.5084600667075208,1.995494525,not_preferentially_represent,YKR083C,20,5.005149047082186,12.481668446588992,not_preferentially_represent
YDR403W,1611,24,14.033840266830083,1.99177852,not_preferentially_represent,YDR403W,22,5.505663951790404,3.4196670508014932,not_preferentially_represent
YJL087C,2484,37,21.63550374469638,1.991477829,not_preferentially_represent,YJL087C,27,6.756951213560951,2.7212852249540678,not_preferentially_represent
YJL028W,336,5,2.9237167222562674,1.989555553,not_preferentially_represent,YJL028W,3,0.7507723570623278,2.2411115136188893,not_preferentially_represent
YMR002W,471,7,4.0932034111587745,1.987021087,not_preferentially_represent,YMR002W,417,104.35735763166358,222.03693113119908,not_preferentially_represent
YMR145C,1683,25,14.618583611281336,1.986009108,not_preferentially_represent,YMR145C,1697,424.6868966449235,252.48923700649433,not_preferentially_represent
YLR438C-A,270,4,2.338973377805014,1.980713084,not_preferentially_represent,YLR438C-A,123,30.781666639555443,114.42998750764104,not_preferentially_represent
YCR106W,2499,37,21.63550374469638,1.97952418,not_preferentially_represent,YCR106W,27,6.756951213560951,2.704944440977162,not_preferentially_represent
YAL060W,1149,17,9.94063685567131,1.978127296,not_preferentially_represent,YAL060W,528,132.1359348429697,115.10098853917222,not_preferentially_represent
YLR335W,2163,32,18.711787022440113,1.977965909,not_preferentially_represent,YLR335W,135,33.78475606780475,15.626621677985547,not_preferentially_represent
YGL047W,609,9,5.262690100061281,1.97583448,not_preferentially_represent,YGL047W,67,16.767249307725322,27.577712677179807,not_preferentially_represent
YGR275W,474,7,4.0932034111587745,1.974445004,not_preferentially_represent,YGR275W,190,47.54891594728076,100.52624936000161,not_preferentially_represent
YDL002C,612,9,5.262690100061281,1.966149017,not_preferentially_represent,YDL002C,63,15.766219498308887,25.803959899032545,not_preferentially_represent
YNL078W,1224,18,10.525380200122562,1.966149017,not_preferentially_represent,YNL078W,254,63.56539289794376,51.97497375138492,not_preferentially_represent
YMR038C,750,11,6.432176788963788,1.960905953,not_preferentially_represent,YMR038C,711,177.9330486237717,237.56081258180467,not_preferentially_represent
YIR012W,1296,19,11.110123544573817,1.960080656,not_preferentially_represent,YIR012W,1050,262.7703249718148,202.91144785468322,not_preferentially_represent
YHR060W,546,8,4.677946755610028,1.958947006,not_preferentially_represent,YHR060W,17,4.254376690019858,7.806195761504326,not_preferentially_represent
YHR161C,1914,28,16.372813644635098,1.955876556,not_preferentially_represent,YHR161C,104,26.026775044827367,13.605214346485816,not_preferentially_represent
YNR065C,3351,49,28.65242387811142,1.955001052,not_preferentially_represent,YNR065C,87,21.772398354807507,6.499223389494778,not_preferentially_represent
YDR231C,618,9,5.262690100061281,1.947060191,not_preferentially_represent,YDR231C,50,12.512872617705465,36.0601516360388,not_preferentially_represent
YAL001C,3573,52,30.40665391146518,1.945788672,not_preferentially_represent,YAL001C,32,8.008238475331497,2.241948061402995,not_preferentially_represent
YDR072C,1584,23,13.449096922378828,1.941323903,not_preferentially_represent,YDR072C,736,184.18948493262442,116.35469673570717,not_preferentially_represent
YDR541C,1035,15,8.771150166768802,1.937654104,not_preferentially_represent,YDR541C,47,11.762100260643136,11.375338743368603,not_preferentially_represent
YNL077W,1587,23,13.449096922378828,1.937654104,not_preferentially_represent,YNL077W,40,10.010298094164373,6.311663363281445,not_preferentially_represent
YOL051W,3246,47,27.482937189208915,1.935863296,not_preferentially_represent,YOL051W,138,34.53552842486708,10.642689807355033,not_preferentially_represent
YPL176C,2352,34,19.88127371134262,1.932711108,not_preferentially_represent,YPL176C,122,30.53140918720133,12.986562818886147,not_preferentially_represent
YAL031C,2283,33,19.296530366891364,1.932561714,not_preferentially_represent,YAL031C,93,23.273943068932162,75.56475022380573,not_preferentially_represent
YPR191W,1107,16,9.355893511220057,1.932403008,not_preferentially_represent,YPR191W,450,112.61585355934918,101.82265240447485,not_preferentially_represent
YBR249C,1113,16,9.355893511220057,1.921985742,not_preferentially_represent,YBR249C,3017,755.0267337523477,678.9808756765717,not_preferentially_represent
YKL143W,1392,20,11.69486688902507,1.920950189,not_preferentially_represent,YKL143W,75,18.769308926558196,13.49339247056664,not_preferentially_represent
YMR146C,1044,15,8.771150166768802,1.920950189,not_preferentially_represent,YMR146C,1812,453.46650366564603,434.77133620867306,not_preferentially_represent
YHR111W,1323,19,11.110123544573817,1.92007901,not_preferentially_represent,YHR111W,127,31.78269644897188,24.041374015863752,not_preferentially_represent
YDR124W,975,14,8.186406822317549,1.919768066,not_preferentially_represent,YDR124W,45,11.261585355934917,11.56220262416316,not_preferentially_represent
YDR487C,627,9,5.262690100061281,1.919111959,not_preferentially_represent,YDR487C,1289,322.5818560844469,515.306479368126,not_preferentially_represent
YGL039W,1047,15,8.771150166768802,1.915446034,not_preferentially_represent,YGL039W,128,32.03295390132599,30.62423891140152,not_preferentially_represent
YJL216C,1746,25,14.618583611281336,1.914348985,not_preferentially_represent,YJL216C,17,4.254376690019858,2.438038217776423,not_preferentially_represent
YML029W,2517,36,21.050760400245125,1.912249819,not_preferentially_represent,YML029W,161,40.2914498290116,16.01408975715882,not_preferentially_represent
YHL028W,1818,26,15.20332695573259,1.912074511,not_preferentially_represent,YHL028W,72,18.01853656949587,9.916640929827116,not_preferentially_represent
YOR186C-A,210,3,1.7542300333537604,1.909973331,not_preferentially_represent,YOR186C-A,3,0.7507723570623278,3.59221223474798,not_preferentially_represent
YGR196C,2454,35,20.46601705579387,1.90686009,not_preferentially_represent,YGR196C,27,6.756951213560951,2.7545663324749086,not_preferentially_represent
YER059W,1263,18,10.525380200122562,1.905436577,not_preferentially_represent,YER059W,28,7.007208665915059,5.552463285194184,not_preferentially_represent
YHR201C,1194,17,9.94063685567131,1.90357476,not_preferentially_represent,YHR201C,336,84.08650399098073,70.48323888598551,not_preferentially_represent
YJL164C,1194,17,9.94063685567131,1.90357476,not_preferentially_represent,YJL164C,52,13.013387522413684,10.908120303783473,not_preferentially_represent
YOL018C,1194,17,9.94063685567131,1.90357476,not_preferentially_represent,YOL018C,15,3.7538617853116394,3.1465731645529247,not_preferentially_represent
YBL010C,843,12,7.0169201334150415,1.903176273,not_preferentially_represent,YBL010C,19,4.754891594728076,5.64713966119724,not_preferentially_represent
YLR173W,1827,26,15.20332695573259,1.902655425,not_preferentially_represent,YLR173W,87,21.772398354807507,11.92354783943456,not_preferentially_represent
YDL212W,633,9,5.262690100061281,1.900921324,not_preferentially_represent,YDL212W,1727,432.1946202155467,683.852247176498,not_preferentially_represent
YOL031C,1266,18,10.525380200122562,1.900921324,not_preferentially_represent,YOL031C,90,22.523170711869835,17.804878033098685,not_preferentially_represent
YGR110W,1338,19,11.110123544573817,1.89855346,not_preferentially_represent,YGR110W,11,2.752831975895202,2.0589618368700093,not_preferentially_represent
YIL173W,4650,66,38.59306073378273,1.897650922,not_preferentially_represent,YIL173W,57,14.264674784184228,3.068331852911213,not_preferentially_represent
YIL105W-A,141,2,1.169486688902507,1.896427421,not_preferentially_represent,YIL105W-A,5,1.2512872617705466,8.937766155503903,not_preferentially_represent
YOL128C,1128,16,9.355893511220057,1.896427421,not_preferentially_represent,YOL128C,89,22.272913259515725,19.763010878008632,not_preferentially_represent
YJL208C,990,14,8.186406822317549,1.890680671,not_preferentially_represent,YJL208C,143,35.78681568663763,36.18484902592278,not_preferentially_represent
YER040W,2193,31,18.127043677988855,1.889941691,not_preferentially_represent,YER040W,31,7.757981022977387,3.539224919241509,not_preferentially_represent
YAL034C-B,354,5,2.9237167222562674,1.888391711,not_preferentially_represent,YAL034C-B,3,0.7507723570623278,2.1268338726978127,not_preferentially_represent
YDR395W,2835,40,23.38973377805014,1.886393413,not_preferentially_represent,YDR395W,295,73.82594844446224,26.050087665653578,not_preferentially_represent
YJR122W,1494,21,12.279610233476323,1.879291028,not_preferentially_represent,YJR122W,25,6.256436308852733,4.190513267818307,not_preferentially_represent
YDR533C,714,10,5.847433444512535,1.872522873,not_preferentially_represent,YDR533C,174,43.544796709615014,61.0726461565428,not_preferentially_represent
YGL053W,714,10,5.847433444512535,1.872522873,not_preferentially_represent,YGL053W,98,24.525230330702712,34.39723749046664,not_preferentially_represent
YGR024C,714,10,5.847433444512535,1.872522873,not_preferentially_represent,YGR024C,319,79.83212730096086,111.9665179536618,not_preferentially_represent
YOR112W,2286,32,18.711787022440113,1.871539922,not_preferentially_represent,YOR112W,132,33.033983710742426,14.456885650215504,not_preferentially_represent
YGR054W,1929,27,15.788070300183842,1.871358007,not_preferentially_represent,YGR054W,759,189.94540633676897,98.51940162695485,not_preferentially_represent
YFR021W,1503,21,12.279610233476323,1.868037788,not_preferentially_represent,YFR021W,138,34.53552842486708,22.993028245583943,not_preferentially_represent
YKR099W,2436,34,19.88127371134262,1.866065898,not_preferentially_represent,YKR099W,65,16.266734403017104,6.680383738405381,not_preferentially_represent
YBR002C,861,12,7.0169201334150415,1.863388615,not_preferentially_represent,YBR002C,144,36.03707313899174,41.903573417432256,not_preferentially_represent
YKR096W,3588,50,29.23716722256267,1.863128946,not_preferentially_represent,YKR096W,58,14.514932236538339,4.0465381200274155,not_preferentially_represent
YKL091C,933,13,7.601663477866295,1.862889315,not_preferentially_represent,YKL091C,66,16.516991855371213,17.722094265419756,not_preferentially_represent
YBL102W,648,9,5.262690100061281,1.856918516,not_preferentially_represent,YBL102W,224,56.057669327320475,86.64245645644587,not_preferentially_represent
YBR124W,360,5,2.9237167222562674,1.856918516,not_preferentially_represent,YBR124W,2,0.5005149047082186,1.394191935120386,not_preferentially_represent
YNR025C,360,5,2.9237167222562674,1.856918516,not_preferentially_represent,YNR025C,25,6.256436308852733,17.427399189004824,not_preferentially_represent
YOL055C,1656,23,13.449096922378828,1.856918516,not_preferentially_represent,YOL055C,21,5.255406499436296,3.175472205097459,not_preferentially_represent
YPR082C,432,6,3.5084600667075208,1.856918516,not_preferentially_represent,YPR082C,63,15.766219498308887,36.580555680531056,not_preferentially_represent
YBL008W,2523,35,20.46601705579387,1.854710527,not_preferentially_represent,YBL008W,72,18.01853656949587,75.3913663995643,not_preferentially_represent
YKR050W,2670,37,21.63550374469638,1.852745665,not_preferentially_represent,YKR050W,147,36.78784549605407,13.783381602118421,not_preferentially_represent
YAL019W,3396,47,27.482937189208915,1.850356966,not_preferentially_represent,YAL019W,65,16.266734403017104,28.58828541830774,not_preferentially_represent
YPR010C-A,362,5,2.9237167222562674,1.846659298,not_preferentially_represent,YPR010C-A,104,26.026775044827367,72.09632976406472,not_preferentially_represent
YGR009C,1956,27,15.788070300183842,1.845526378,not_preferentially_represent,YGR009C,28,7.007208665915059,3.5842499569898005,not_preferentially_represent
YIL176C,363,5,2.9237167222562674,1.841572082,not_preferentially_represent,YIL176C,7,1.7518021664787649,4.839232504084986,not_preferentially_represent
YLR175W,1452,20,11.69486688902507,1.841572082,not_preferentially_represent,YLR175W,635,158.91348224485938,109.51997397991688,not_preferentially_represent
YNL111C,363,5,2.9237167222562674,1.841572082,not_preferentially_represent,YNL111C,600,150.15447141246557,414.7913574929988,not_preferentially_represent
YCR073C,3996,55,32.16088394481894,1.84018952,not_preferentially_represent,YCR073C,103,25.776517592473258,6.452194641420089,not_preferentially_represent
YER003C,1383,19,11.110123544573817,1.836778402,not_preferentially_represent,YER003C,879,219.97630061926208,159.17243170713607,not_preferentially_represent
YER005W,1893,26,15.20332695573259,1.836318786,not_preferentially_represent,YER005W,249,62.31410563617322,32.93557380347421,not_preferentially_represent
YIL070C,801,11,6.432176788963788,1.836054263,not_preferentially_represent,YIL070C,74,18.519051474204087,23.14881434275511,not_preferentially_represent
YER039C-A,219,3,1.7542300333537604,1.831481276,not_preferentially_represent,YER039C-A,5,1.2512872617705466,5.7398498246355345,not_preferentially_represent
YDR160W,2559,35,20.46601705579387,1.828618468,not_preferentially_represent,YDR160W,93,23.273943068932162,9.098492208339392,not_preferentially_represent
YOL004W,4611,63,36.838830700428964,1.826714897,not_preferentially_represent,YOL004W,156,39.04016256724105,8.468581901787646,not_preferentially_represent
YOR009W,1464,20,11.69486688902507,1.826477229,not_preferentially_represent,YOR009W,56,14.014417331830119,9.579232625994614,not_preferentially_represent
YOR223W,879,12,7.0169201334150415,1.825230487,not_preferentially_represent,YOR223W,24,6.0061788564986225,6.8407504060348785,not_preferentially_represent
YBR080C,2277,31,18.127043677988855,1.820220522,not_preferentially_represent,YBR080C,183,45.797113780802,20.121754736731987,not_preferentially_represent
YGR259C,441,6,3.5084600667075208,1.81902222,not_preferentially_represent,YGR259C,466,116.61997279701492,265.04539272048845,not_preferentially_represent
YKL154W,735,10,5.847433444512535,1.81902222,not_preferentially_represent,YKL154W,112,28.028834663660238,38.186423247493515,not_preferentially_represent
YMR144W,1029,14,8.186406822317549,1.81902222,not_preferentially_represent,YMR144W,9,2.2523170711869835,2.1909699136060152,not_preferentially_represent
YJL145W,885,12,7.0169201334150415,1.812856043,not_preferentially_represent,YJL145W,151,37.788875305470505,42.74759649940102,not_preferentially_represent
YOL049W,1476,20,11.69486688902507,1.81162782,not_preferentially_represent,YOL049W,246,61.563333279110886,41.737853070583654,not_preferentially_represent
YNL068C,2589,35,20.46601705579387,1.807429378,not_preferentially_represent,YNL068C,78,19.520081283620524,7.5425352718781005,not_preferentially_represent
YLR372W,1038,14,8.186406822317549,1.803250351,not_preferentially_represent,YLR372W,2629,657.9268422389533,634.4521140202057,not_preferentially_represent
YJL129C,3708,50,29.23716722256267,1.802833511,not_preferentially_represent,YJL129C,118,29.530379377784897,7.966112591795224,not_preferentially_represent
YOR180C,816,11,6.432176788963788,1.802303265,not_preferentially_represent,YOR180C,2,0.5005149047082186,0.614128717433397,not_preferentially_represent
YHR198C,966,13,7.601663477866295,1.799250239,not_preferentially_represent,YHR198C,63,15.766219498308887,16.338051293584336,not_preferentially_represent
YHR123W,1267,17,9.94063685567131,1.793897603,not_preferentially_represent,YHR123W,422,105.60864489343412,83.41915078470309,not_preferentially_represent
YCR002C,969,13,7.601663477866295,1.793679805,not_preferentially_represent,YCR002C,255,63.815650350297865,65.92525862634078,not_preferentially_represent
YCL004W,1566,21,12.279610233476323,1.792886843,not_preferentially_represent,YCL004W,67,16.767249307725322,10.713897321230238,not_preferentially_represent
YIL169C,2988,40,23.38973377805014,1.789800979,not_preferentially_represent,YIL169C,279,69.8218292067965,23.37523575721342,not_preferentially_represent
YPL253C,1944,26,15.20332695573259,1.788143756,not_preferentially_represent,YPL253C,20,5.005149047082186,2.575990245538953,not_preferentially_represent
YKR071C,1047,14,8.186406822317549,1.787749631,not_preferentially_represent,YKR071C,292,73.07517608739991,69.86154501663472,not_preferentially_represent
YOR008C-A,225,3,1.7542300333537604,1.782641775,not_preferentially_represent,YOR008C-A,2,0.5005149047082186,2.2344415388759757,not_preferentially_represent
YPL094C,825,11,6.432176788963788,1.782641775,not_preferentially_represent,YPL094C,351,87.84036577629236,106.60238565084025,not_preferentially_represent
YKR018C,2178,29,16.95755698908635,1.780186346,not_preferentially_represent,YKR018C,284,71.07311646856704,32.379551921898425,not_preferentially_represent
YGR001C,902,12,7.0169201334150415,1.778689133,not_preferentially_represent,YGR001C,294,73.57569099210814,81.6600343974563,not_preferentially_represent
YIR010W,1731,23,13.449096922378828,1.776462774,not_preferentially_represent,YIR010W,34,8.508753380039716,4.9183545549362515,not_preferentially_represent
YNR012W,1506,20,11.69486688902507,1.775539617,not_preferentially_represent,YNR012W,212,53.05457989907117,35.25221255752237,not_preferentially_represent
YLR332W,1131,15,8.771150166768802,1.77318479,not_preferentially_represent,YLR332W,495,123.8774389152841,109.62605213741955,not_preferentially_represent
YJL193W,1209,16,9.355893511220057,1.769371489,not_preferentially_represent,YJL193W,126,31.532438996617774,26.103012414418686,not_preferentially_represent
YOR127W,3024,40,23.38973377805014,1.768493825,not_preferentially_represent,YOR127W,93,23.273943068932162,7.698955695974914,not_preferentially_represent
YHR159W,1515,20,11.69486688902507,1.764991857,not_preferentially_represent,YHR159W,35,8.759010832393825,5.785344010828154,not_preferentially_represent
YLR352W,2424,32,18.711787022440113,1.764991857,not_preferentially_represent,YLR352W,40,10.010298094164373,4.131365288553186,not_preferentially_represent
YPL278C,303,4,2.338973377805014,1.764991857,not_preferentially_represent,YPL278C,2,0.5005149047082186,1.6573341215503927,not_preferentially_represent
YPL251W,303,4,2.338973377805014,1.764991857,not_preferentially_represent,YPL251W,81,20.270853640682855,67.1220319227909,not_preferentially_represent
YHR132C,1293,17,9.94063685567131,1.757825416,not_preferentially_represent,YHR132C,579,144.8990649130293,112.15097903485238,not_preferentially_represent
YHR192W,837,11,6.432176788963788,1.757084187,not_preferentially_represent,YHR192W,60,15.015447141246558,17.9610611737399,not_preferentially_represent
YDR397C,533,7,4.0932034111587745,1.755885426,not_preferentially_represent,YDR397C,121,30.281151734847224,56.91945814820907,not_preferentially_represent
YIL052C,838,11,6.432176788963788,1.754987428,not_preferentially_represent,YIL052C,2548,637.6559885982705,761.8351118258906,not_preferentially_represent
YBL062W,381,5,2.9237167222562674,1.754568676,not_preferentially_represent,YBL062W,21,5.255406499436296,13.830017103779724,not_preferentially_represent
YGR189C,1524,20,11.69486688902507,1.754568676,not_preferentially_represent,YGR189C,2790,698.2182920679649,458.4493053630761,not_preferentially_represent
YJL137C,1143,15,8.771150166768802,1.754568676,not_preferentially_represent,YJL137C,33,8.258495927685606,7.231607642456749,not_preferentially_represent
YMR244W,1068,14,8.186406822317549,1.752597251,not_preferentially_represent,YMR244W,15,3.7538617853116394,3.518146003103692,not_preferentially_represent
YNL336W,1146,15,8.771150166768802,1.749975565,not_preferentially_represent,YNL336W,208,52.053550089654735,45.46161579882509,not_preferentially_represent
YGL042C,306,4,2.338973377805014,1.747688015,not_preferentially_represent,YGL042C,60,15.015447141246558,49.23097423359527,not_preferentially_represent
YNR047W,2682,35,20.46601705579387,1.744755653,not_preferentially_represent,YNR047W,74,18.519051474204087,6.907516402164896,not_preferentially_represent
YOL127W,843,11,6.432176788963788,1.74457825,not_preferentially_represent,YOL127W,8399,2101.9123423221636,2496.3329481260853,not_preferentially_represent
YGL055W,1533,20,11.69486688902507,1.744267882,not_preferentially_represent,YGL055W,8226,2058.617803064903,1343.745302261686,not_preferentially_represent
YML119W,1074,14,8.186406822317549,1.742806205,not_preferentially_represent,YML119W,68,17.01750676007943,15.859745349561447,not_preferentially_represent
YNL191W,1074,14,8.186406822317549,1.742806205,not_preferentially_represent,YNL191W,85,21.271883450099292,19.82468168695181,not_preferentially_represent
YGL252C,1767,23,13.449096922378828,1.740269984,not_preferentially_represent,YGL252C,53,13.263644974767793,7.510557743356621,not_preferentially_represent
YIR027C,1383,18,10.525380200122562,1.740105854,not_preferentially_represent,YIR027C,23,5.755921404144513,4.164921421233367,not_preferentially_represent
YHL025W,999,13,7.601663477866295,1.739815546,not_preferentially_represent,YHL025W,220,55.056639517904046,55.16697346483371,not_preferentially_represent
YAL024C,4308,56,32.745627289270196,1.737951592,not_preferentially_represent,YAL024C,17,4.254376690019858,0.9877819108474246,not_preferentially_represent
YCL001W-A,462,6,3.5084600667075208,1.736339392,not_preferentially_represent,YCL001W-A,4,1.0010298094164372,2.1714312568686274,not_preferentially_represent
YLR315W,462,6,3.5084600667075208,1.736339392,not_preferentially_represent,YLR315W,29,7.2574661182691695,15.742876612297547,not_preferentially_represent
YJR042W,2235,29,16.95755698908635,1.73478562,not_preferentially_represent,YJR042W,76,19.019566378912305,8.513682354034156,not_preferentially_represent
YER161C,1002,13,7.601663477866295,1.734606518,not_preferentially_represent,YER161C,54,13.513902427121902,13.500402025096804,not_preferentially_represent
YEL059W,309,4,2.338973377805014,1.73072017,not_preferentially_represent,YEL059W,5,1.2512872617705466,4.062620979774501,not_preferentially_represent
YDL133W,1314,17,9.94063685567131,1.729732316,not_preferentially_represent,YDL133W,49,12.262615165351356,9.339387026162495,not_preferentially_represent
YBL043W,774,10,5.847433444512535,1.727366061,not_preferentially_represent,YBL043W,11,2.752831975895202,3.561231534146445,not_preferentially_represent
YPR151C,621,8,4.677946755610028,1.722359203,not_preferentially_represent,YPR151C,16,4.004119237665749,7.685449592448654,not_preferentially_represent
YMR237W,2175,28,16.372813644635098,1.721171369,not_preferentially_represent,YMR237W,158,39.540677471949266,18.187984117731954,not_preferentially_represent
YML126C,1476,19,11.110123544573817,1.721046429,not_preferentially_represent,YML126C,3113,779.0514491783422,528.170474019215,not_preferentially_represent
YDR106W,855,11,6.432176788963788,1.720092941,not_preferentially_represent,YDR106W,7,1.7518021664787649,2.0512905930664695,not_preferentially_represent
YOR279C,933,12,7.0169201334150415,1.719590137,not_preferentially_represent,YOR279C,20,5.005149047082186,5.370331595581744,not_preferentially_represent
YDL044C,1323,17,9.94063685567131,1.71796543,not_preferentially_represent,YDL044C,8,2.0020596188328743,1.5144172608418112,not_preferentially_represent
YFL041W,1869,24,14.033840266830083,1.71682996,not_preferentially_represent,YFL041W,298,74.57672080152457,390.4540356100763,not_preferentially_represent
YOR137C,1869,24,14.033840266830083,1.71682996,not_preferentially_represent,YOR137C,81,20.270853640682855,10.851634711286323,not_preferentially_represent
YJL157C,2493,32,18.711787022440113,1.7161413,not_preferentially_represent,YJL157C,301,75.32749315858689,30.227725986591853,not_preferentially_represent
YGL258W-A,234,3,1.7542300333537604,1.71407863,not_preferentially_represent,YGL258W-A,1,0.2502574523541093,1.0740663191163489,not_preferentially_represent
YHR162W,390,5,2.9237167222562674,1.71407863,not_preferentially_represent,YHR162W,1491,373.13386145997697,959.2130114652364,not_preferentially_represent
YKR077W,1092,14,8.186406822317549,1.71407863,not_preferentially_represent,YKR077W,89,22.272913259515725,20.415135893231646,not_preferentially_represent
YDL194W,2655,34,19.88127371134262,1.712141818,not_preferentially_represent,YDL194W,39,9.760040641810262,3.67748328628872,not_preferentially_represent
YCL049C,939,12,7.0169201334150415,1.708602341,not_preferentially_represent,YCL049C,276,69.07105684973416,73.6365211617635,not_preferentially_represent
YHR144C,939,12,7.0169201334150415,1.708602341,not_preferentially_represent,YHR144C,70,17.51802166478765,18.67592928015741,not_preferentially_represent
YDL126C,2508,32,18.711787022440113,1.705877297,not_preferentially_represent,YDL126C,1763,441.2038885002947,175.98878679708602,not_preferentially_represent
YGR086C,1020,13,7.601663477866295,1.703995815,not_preferentially_represent,YGR086C,986,246.75384802115178,242.1529421208555,not_preferentially_represent
YKR093W,1806,23,13.449096922378828,1.702689403,not_preferentially_represent,YKR093W,2098,525.0401350389213,290.8809612403996,not_preferentially_represent
YBR158W,1650,21,12.279610233476323,1.701612604,not_preferentially_represent,YBR158W,399,99.8527234892896,60.55350120636119,not_preferentially_represent
YBL064C,786,10,5.847433444512535,1.70099406,not_preferentially_represent,YBL064C,81,20.270853640682855,25.822743491315734,not_preferentially_represent
YCL007C,393,5,2.9237167222562674,1.70099406,not_preferentially_represent,YCL007C,103,25.776517592473258,65.75642242977872,not_preferentially_represent
YJR050W,708,9,5.262690100061281,1.69955254,not_preferentially_represent,YJR050W,15,3.7538617853116394,5.309564052774596,not_preferentially_represent
YNL332W,1023,13,7.601663477866295,1.698998759,not_preferentially_represent,YNL332W,17,4.254376690019858,4.162795195714147,not_preferentially_represent
YAL016C-A,315,4,2.338973377805014,1.697754072,not_preferentially_represent,YAL016C-A,36,9.009268284747934,28.69193721257304,not_preferentially_represent
YLR353W,1812,23,13.449096922378828,1.697051359,not_preferentially_represent,YLR353W,54,13.513902427121902,7.462121715694037,not_preferentially_represent
YOL019W,1656,21,12.279610233476323,1.695447341,not_preferentially_represent,YOL019W,402,100.60349584635193,165.46627606307885,not_preferentially_represent
YOL107W,1029,13,7.601663477866295,1.689092061,not_preferentially_represent,YOL107W,136,34.03501352015886,33.10798980560201,not_preferentially_represent
YOR057W,1188,15,8.771150166768802,1.688107742,not_preferentially_represent,YOR057W,104,26.026775044827367,21.926516465734935,not_preferentially_represent
YOR184W,1188,15,8.771150166768802,1.688107742,not_preferentially_represent,YOR184W,615,153.9083331977772,129.66161179256716,not_preferentially_represent
YLR047C,2061,26,15.20332695573259,1.686633412,not_preferentially_represent,YLR047C,30,7.507723570623279,3.6445260051569313,not_preferentially_represent
YHR032W,1746,22,12.864353577927576,1.684627107,not_preferentially_represent,YHR032W,529,132.3861922953238,75.86601277668987,not_preferentially_represent
YPL026C,1509,19,11.110123544573817,1.683409231,not_preferentially_represent,YPL026C,32,8.008238475331497,5.310502967726457,not_preferentially_represent
YDR203W,318,4,2.338973377805014,1.681737524,not_preferentially_represent,YDR203W,7,1.7518021664787649,5.526189799617555,not_preferentially_represent
YKR076W,1113,14,8.186406822317549,1.681737524,not_preferentially_represent,YKR076W,32,8.008238475331497,7.201653305154224,not_preferentially_represent
YMR310C,954,12,7.0169201334150415,1.681737524,not_preferentially_represent,YMR310C,495,123.8774389152841,120.85603796613083,not_preferentially_represent
YJR049C,1593,20,11.69486688902507,1.67857041,not_preferentially_represent,YJR049C,60,15.015447141246558,9.431813530933768,not_preferentially_represent
YEL058W,1674,21,12.279610233476323,1.677216724,not_preferentially_represent,YEL058W,1212,303.31203225318046,181.29828586561894,not_preferentially_represent
YGR003W,2235,28,16.372813644635098,1.674965426,not_preferentially_represent,YGR003W,50,12.512872617705465,5.601106811864577,not_preferentially_represent
YCL048W-A,240,3,1.7542300333537604,1.671226664,not_preferentially_represent,YCL048W-A,2,0.5005149047082186,2.0942046222101194,not_preferentially_represent
YGR097W,3441,43,25.1439638114039,1.670740984,not_preferentially_represent,YGR097W,235,58.81050130321568,17.096075960237116,not_preferentially_represent
YNL216W,2484,31,18.127043677988855,1.668535478,not_preferentially_represent,YNL216W,219,54.80638206554994,22.07264682462744,not_preferentially_represent
YPL068C,882,11,6.432176788963788,1.667437035,not_preferentially_represent,YPL068C,49,12.262615165351356,13.918972945915273,not_preferentially_represent
YDL081C,321,4,2.338973377805014,1.666020351,not_preferentially_represent,YDL081C,6389,1598.8948630904042,4996.546447157513,preferentially_represented
YFL032W,321,4,2.338973377805014,1.666020351,not_preferentially_represent,YFL032W,505,126.38001343882519,394.9375419963287,not_preferentially_represent
YKR073C,321,4,2.338973377805014,1.666020351,not_preferentially_represent,YKR073C,12,3.0030894282493112,9.384654463279098,not_preferentially_represent
YOL050C,321,4,2.338973377805014,1.666020351,not_preferentially_represent,YOL050C,19,4.754891594728076,14.85903623352524,not_preferentially_represent
YGL157W,1044,13,7.601663477866295,1.664823497,not_preferentially_represent,YGL157W,329,82.33470182450196,78.94027020565863,not_preferentially_represent
YOL141W,2088,26,15.20332695573259,1.664823497,not_preferentially_represent,YOL141W,31,7.757981022977387,3.717288463333679,not_preferentially_represent
YJR064W,1689,21,12.279610233476323,1.662321371,not_preferentially_represent,YJR064W,1195,299.0576555631606,177.1668575611141,not_preferentially_represent
YKR072C,1689,21,12.279610233476323,1.662321371,not_preferentially_represent,YKR072C,163,40.791964733719816,24.165855884905103,not_preferentially_represent
YOR274W,1287,16,9.355893511220057,1.662136853,not_preferentially_represent,YOR274W,42,10.510812998872591,8.173260496790505,not_preferentially_represent
YDR294C,1770,22,12.864353577927576,1.661784706,not_preferentially_represent,YDR294C,517,129.3831028670745,73.13911976657688,not_preferentially_represent
YIL172C,1770,22,12.864353577927576,1.661784706,not_preferentially_represent,YIL172C,8,2.0020596188328743,1.1317465341056383,not_preferentially_represent
YNL069C,1046,13,7.601663477866295,1.661640278,not_preferentially_represent,YNL069C,9991,2500.322206469906,2392.6528291578047,not_preferentially_represent
YDR401W,564,7,4.0932034111587745,1.659373993,not_preferentially_represent,YDR401W,5,1.2512872617705466,2.2225351008357843,not_preferentially_represent
YPL101W,1371,17,9.94063685567131,1.657817844,not_preferentially_represent,YPL101W,238,59.56127366027801,43.47538223377957,not_preferentially_represent
YPL024W,726,9,5.262690100061281,1.657414874,not_preferentially_represent,YPL024W,56,14.014417331830119,19.330230802524305,not_preferentially_represent
YGR168C,1131,14,8.186406822317549,1.65497247,not_preferentially_represent,YGR168C,49,12.262615165351356,10.851871827744562,not_preferentially_represent
YNL331C,1131,14,8.186406822317549,1.65497247,not_preferentially_represent,YNL331C,37,9.259525737102043,8.194270563807118,not_preferentially_represent
YBL045C,1374,17,9.94063685567131,1.654198154,not_preferentially_represent,YBL045C,368,92.09474246631221,67.07555897036578,not_preferentially_represent
YEL032C-A,162,2,1.169486688902507,1.650594236,not_preferentially_represent,YEL032C-A,17,4.254376690019858,26.42469993801154,not_preferentially_represent
YIR023C-A,324,4,2.338973377805014,1.650594236,not_preferentially_represent,YIR023C-A,17,4.254376690019858,13.171444860742595,not_preferentially_represent
YPL093W,1944,24,14.033840266830083,1.650594236,not_preferentially_represent,YPL093W,1201,300.55920027728524,154.68821424461413,not_preferentially_represent
YHR203C,1055,13,7.601663477866295,1.647465148,not_preferentially_represent,YHR203C,7900,1977.0338735974635,1875.7437130905726,not_preferentially_represent
YOR008C,1137,14,8.186406822317549,1.646239106,not_preferentially_represent,YOR008C,281,70.3223441115047,61.90347192914147,not_preferentially_represent
YJL008C,1707,21,12.279610233476323,1.644792499,not_preferentially_represent,YJL008C,776,194.1997830267888,595.7048559103952,not_preferentially_represent
YDR057W,1629,20,11.69486688902507,1.641474931,not_preferentially_represent,YDR057W,35,8.759010832393825,5.380227784025691,not_preferentially_represent
YDR151C,978,12,7.0169201334150415,1.640467891,not_preferentially_represent,YDR151C,89,22.272913259515725,22.79725000973974,not_preferentially_represent
YER093C-A,489,6,3.5084600667075208,1.640467891,not_preferentially_represent,YER093C-A,29,7.2574661182691695,11.165332489644875,not_preferentially_represent
YPL254W,1467,18,10.525380200122562,1.640467891,not_preferentially_represent,YPL254W,95,23.77445797364038,16.217229177108038,not_preferentially_represent
YPR148C,1308,16,9.355893511220057,1.63545117,not_preferentially_represent,YPR148C,93,23.273943068932162,17.807148484263323,not_preferentially_represent
YIL085C,1554,19,11.110123544573817,1.63466186,not_preferentially_represent,YIL085C,220,55.056639517904046,35.45179621243016,not_preferentially_represent
YMR070W,1473,18,10.525380200122562,1.633785741,not_preferentially_represent,YMR070W,51,12.763130070059574,8.670604667160037,not_preferentially_represent
YOR349W,3045,37,21.63550374469638,1.624575017,not_preferentially_represent,YOR349W,70,17.51802166478765,5.754934843885562,not_preferentially_represent
YDR525W,330,4,2.338973377805014,1.620583432,not_preferentially_represent,YDR525W,1,0.2502574523541093,0.7606609494045875,not_preferentially_represent
YIL057C,495,6,3.5084600667075208,1.620583432,not_preferentially_represent,YIL057C,1,0.2502574523541093,0.5065940331054843,not_preferentially_represent
YBR021W,1902,23,13.449096922378828,1.616749244,not_preferentially_represent,YBR021W,296,74.07620589681635,38.966967857346845,not_preferentially_represent
YJL212C,2400,29,16.95755698908635,1.615519109,not_preferentially_represent,YJL212C,657,164.4191461966498,68.53653447130046,not_preferentially_represent
YCR047C,828,10,5.847433444512535,1.614711753,not_preferentially_represent,YCR047C,282,70.57260156385881,85.33567299136496,not_preferentially_represent
YCR011C,3150,38,22.220247089147634,1.612866368,not_preferentially_represent,YCR011C,146,36.537588043699955,11.602917765544603,not_preferentially_represent
YBR231C,912,11,6.432176788963788,1.612587132,not_preferentially_represent,YBR231C,31,7.757981022977387,8.515895744212282,not_preferentially_represent
YDL022C-A,249,3,1.7542300333537604,1.610820881,not_preferentially_represent,YDL022C-A,1,0.2502574523541093,1.009102630460118,not_preferentially_represent
YMR023C,1581,19,11.110123544573817,1.606745433,not_preferentially_represent,YMR023C,22,5.505663951790404,3.484597437842028,not_preferentially_represent
YDR010C,333,4,2.338973377805014,1.605983581,not_preferentially_represent,YDR010C,7,1.7518021664787649,5.276512549634835,not_preferentially_represent
YNL117W,1665,20,11.69486688902507,1.605983581,not_preferentially_represent,YNL117W,22,5.505663951790404,3.308692278720195,not_preferentially_represent
YML032C,1416,17,9.94063685567131,1.605132954,not_preferentially_represent,YML032C,132,33.033983710742426,23.34557152702645,not_preferentially_represent
YKL023W,834,10,5.847433444512535,1.603095122,not_preferentially_represent,YKL023W,18,4.504634142373967,5.40772406047295,not_preferentially_represent
YOL015W,1761,21,12.279610233476323,1.594355932,not_preferentially_represent,YOL015W,8,2.0020596188328743,1.1375338743368604,not_preferentially_represent
YNL095C,1929,23,13.449096922378828,1.594119783,not_preferentially_represent,YNL095C,134,33.534498615450644,17.39341214494328,not_preferentially_represent
YDR276C,168,2,1.169486688902507,1.591644442,not_preferentially_represent,YDR276C,968,242.2492138787778,1450.5940950825018,not_preferentially_represent
YGL005C,840,10,5.847433444512535,1.591644442,not_preferentially_represent,YGL005C,24,6.0061788564986225,7.158735228246273,not_preferentially_represent
YKR003W,1347,16,9.355893511220057,1.588099577,not_preferentially_represent,YKR003W,45,11.261585355934917,8.36670531644496,not_preferentially_represent
YNL177C,930,11,6.432176788963788,1.581375768,not_preferentially_represent,YNL177C,77,19.269823831266415,20.742544490060727,not_preferentially_represent
YML115C,1608,19,11.110123544573817,1.579766499,not_preferentially_represent,YML115C,486,121.62512184409711,75.68458111020355,not_preferentially_represent
YAL012W,1185,14,8.186406822317549,1.579556003,not_preferentially_represent,YAL012W,4406,1102.6343350722057,931.2789992163898,not_preferentially_represent
YIL042C,1185,14,8.186406822317549,1.579556003,not_preferentially_represent,YIL042C,45,11.261585355934917,9.511474118188275,not_preferentially_represent
YEL074W,339,4,2.338973377805014,1.577559093,not_preferentially_represent,YEL074W,3,0.7507723570623278,2.2212199913086623,not_preferentially_represent
YGR139W,339,4,2.338973377805014,1.577559093,not_preferentially_represent,YGR139W,1,0.2502574523541093,0.7404066637695541,not_preferentially_represent
YCL001W-B,255,3,1.7542300333537604,1.572919213,not_preferentially_represent,YCL001W-B,6,1.5015447141246556,5.911593362695495,not_preferentially_represent
YLR438W,1275,15,8.771150166768802,1.572919213,not_preferentially_represent,YLR438W,65,16.266734403017104,71.6596229207802,not_preferentially_represent
YDR388W,1449,17,9.94063685567131,1.568577131,not_preferentially_represent,YDR388W,395,98.85169367987316,68.26774425405605,not_preferentially_represent
YMR017W,1194,14,8.186406822317549,1.567649802,not_preferentially_represent,YMR017W,7,1.7518021664787649,1.4684008101246984,not_preferentially_represent
YOL076W,2391,28,16.372813644635098,1.565682864,not_preferentially_represent,YOL076W,31,7.757981022977387,3.246017164425685,not_preferentially_represent
YEL039C,342,4,2.338973377805014,1.563720856,not_preferentially_represent,YEL039C,19,4.754891594728076,13.94396362090345,not_preferentially_represent
YJR017C,513,6,3.5084600667075208,1.563720856,not_preferentially_represent,YJR017C,242,60.56230346969445,118.28574896424696,not_preferentially_represent
YOL030W,1455,17,9.94063685567131,1.562108772,not_preferentially_represent,YOL030W,2732,683.7033598314266,470.2223932815864,not_preferentially_represent
YCL011C,1284,15,8.771150166768802,1.561894079,not_preferentially_represent,YCL011C,584,146.15035217479982,310.2979876322714,not_preferentially_represent
YIR033W,3342,39,22.804990433598885,1.560211608,not_preferentially_represent,YIR033W,62,15.515962045954774,4.644107167301639,not_preferentially_represent
YNR035C,1029,12,7.0169201334150415,1.559161903,not_preferentially_represent,YNR035C,379,94.84757444220742,92.26417747296442,not_preferentially_represent
YIL029C,429,5,2.9237167222562674,1.5582533,not_preferentially_represent,YIL029C,23,5.755921404144513,13.448414495664752,not_preferentially_represent
YNR042W,429,5,2.9237167222562674,1.5582533,not_preferentially_represent,YNR042W,125,31.28218154426366,73.0892092155693,not_preferentially_represent
YJR041C,3525,41,23.97447712250139,1.555070485,not_preferentially_represent,YJR041C,114,28.529349568368456,8.095729162420108,not_preferentially_represent
YNL279W,1986,23,13.449096922378828,1.548367101,not_preferentially_represent,YNL279W,50,12.512872617705465,6.3037141650909145,not_preferentially_represent
YOR041C,432,5,2.9237167222562674,1.547432097,not_preferentially_represent,YOR041C,45,11.261585355934917,26.12896834323647,not_preferentially_represent
YML015C,1041,12,7.0169201334150415,1.541188855,not_preferentially_represent,YML015C,38,9.509783189456153,9.144022297553994,not_preferentially_represent
YBR111C,696,8,4.677946755610028,1.536760151,not_preferentially_represent,YBR111C,277,69.32131430208827,99.742898276386,not_preferentially_represent
YER002W,696,8,4.677946755610028,1.536760151,not_preferentially_represent,YER002W,75,18.769308926558196,27.00619989432834,not_preferentially_represent
YKL006C-A,435,5,2.9237167222562674,1.536760151,not_preferentially_represent,YKL006C-A,131,32.78372625838831,75.5385397658717,not_preferentially_represent
YLR232W,348,4,2.338973377805014,1.536760151,not_preferentially_represent,YLR232W,21,5.255406499436296,15.145263687136296,not_preferentially_represent
YDL225W,1656,19,11.110123544573817,1.533976165,not_preferentially_represent,YDL225W,41,10.260555546518482,6.19973144804742,not_preferentially_represent
YLR003C,876,10,5.847433444512535,1.526234397,not_preferentially_represent,YLR003C,75,18.769308926558196,21.450638773209366,not_preferentially_represent
YKL109W,1665,19,11.110123544573817,1.525684402,not_preferentially_represent,YKL109W,182,45.54685632844789,27.371908851230703,not_preferentially_represent
YFL062W,1140,13,7.601663477866295,1.524627834,not_preferentially_represent,YFL062W,85,21.271883450099292,18.67592928015741,not_preferentially_represent
YEL040W,1404,16,9.355893511220057,1.523625449,not_preferentially_represent,YEL040W,5667,1418.2089824907375,1010.8403296441463,not_preferentially_represent
YGR035C,351,4,2.338973377805014,1.523625449,not_preferentially_represent,YGR035C,11,2.752831975895202,7.865234216843435,not_preferentially_represent
YLR269C,351,4,2.338973377805014,1.523625449,not_preferentially_represent,YLR269C,24,6.0061788564986225,17.160511018567494,not_preferentially_represent
YIL158W,615,7,4.0932034111587745,1.521767369,not_preferentially_represent,YIL158W,155,38.78990511488694,63.17574122945756,not_preferentially_represent
YKL024C,615,7,4.0932034111587745,1.521767369,not_preferentially_represent,YKL024C,363,90.84345520454167,147.95351010511672,not_preferentially_represent
YDR527W,1320,15,8.771150166768802,1.519296968,not_preferentially_represent,YDR527W,122,30.53140918720133,23.147391347385394,not_preferentially_represent
YGR142W,1233,14,8.186406822317549,1.518064772,not_preferentially_represent,YGR142W,8,2.0020596188328743,1.6250483919098007,not_preferentially_represent
YEL053C,2202,25,14.618583611281336,1.517917043,not_preferentially_represent,YEL053C,41,10.260555546518482,4.661769898463644,not_preferentially_represent
YOR373W,2556,29,16.95755698908635,1.516919351,not_preferentially_represent,YOR373W,91,22.773428164223944,8.913279124940878,not_preferentially_represent
YJL029C,2469,28,16.372813644635098,1.516220222,not_preferentially_represent,YJL029C,84,21.021625997745183,8.51767666035056,not_preferentially_represent
YIR023W,2913,33,19.296530366891364,1.51460295,not_preferentially_represent,YIR023W,72,18.01853656949587,6.187684261502702,not_preferentially_represent
YEL047C,1413,16,9.355893511220057,1.513920828,not_preferentially_represent,YEL047C,724,181.18639550437513,128.31897698610138,not_preferentially_represent
YDR490C,2301,26,15.20332695573259,1.510713369,not_preferentially_represent,YDR490C,105,26.277032497181477,11.42479673790499,not_preferentially_represent
YMR243C,1329,15,8.771150166768802,1.509008275,not_preferentially_represent,YMR243C,3723,931.7084951143489,701.5877222246603,not_preferentially_represent
YGR245C,2304,26,15.20332695573259,1.508746294,not_preferentially_represent,YGR245C,199,49.80123301846775,21.624504133073273,not_preferentially_represent
YDR152W,798,9,5.262690100061281,1.507873682,not_preferentially_represent,YDR152W,276,69.07105684973416,86.6638103509839,not_preferentially_represent
YDR054C,888,10,5.847433444512535,1.505609608,not_preferentially_represent,YDR054C,69,17.26776421243354,19.46760339620467,not_preferentially_represent
YJL085W,1872,21,12.279610233476323,1.499818801,not_preferentially_represent,YJL085W,24,6.0061788564986225,16.321138197007127,not_preferentially_represent
YER165C-A,357,4,2.338973377805014,1.498018299,not_preferentially_represent,YER165C-A,5,1.2512872617705466,3.514851858906029,not_preferentially_represent
YER137C,447,5,2.9237167222562674,1.495504845,not_preferentially_represent,YER137C,9,2.2523170711869835,5.050038276203999,not_preferentially_represent
YPL216W,3309,37,21.63550374469638,1.494962504,not_preferentially_represent,YPL216W,38,9.509783189456153,2.5065322059715744,not_preferentially_represent
YKR098C,2154,24,14.033840266830083,1.489672793,not_preferentially_represent,YKR098C,16,4.004119237665749,1.8597859905553873,not_preferentially_represent
YPR024W,2244,25,14.618583611281336,1.489506831,not_preferentially_represent,YPR024W,148,37.038102948408174,16.51275209469825,not_preferentially_represent
YPL231W,5664,63,36.838830700428964,1.487108472,not_preferentially_represent,YPL231W,4626,1157.6909745901096,204.430685959758,not_preferentially_represent
YEL066W,540,6,3.5084600667075208,1.485534813,not_preferentially_represent,YEL066W,165,41.292479638428034,76.60942419003345,not_preferentially_represent
YGL106W,450,5,2.9237167222562674,1.485534813,not_preferentially_represent,YGL106W,481,120.37383458232657,268.093172789146,not_preferentially_represent
YKL100W-A,90,1,0.5847433444512535,1.485534813,not_preferentially_represent,YKL100W-A,7,1.7518021664787649,19.683170409873764,not_preferentially_represent
YKR075W-A,270,3,1.7542300333537604,1.485534813,not_preferentially_represent,YKR075W-A,38,9.509783189456153,35.352353864149265,not_preferentially_represent
YIL061C,903,10,5.847433444512535,1.480599481,not_preferentially_represent,YIL061C,32,8.008238475331497,8.878313165555983,not_preferentially_represent
YBR082C,542,6,3.5084600667075208,1.480053134,not_preferentially_represent,YBR082C,587,146.90112453186217,271.536274550577,not_preferentially_represent
YOL142W,723,8,4.677946755610028,1.479370768,not_preferentially_represent,YOL142W,394,98.60143622751906,136.56708618769952,not_preferentially_represent
YPR019W,2802,31,18.127043677988855,1.479172779,not_preferentially_represent,YPR019W,168,42.043251995490365,15.010086396105091,not_preferentially_represent
YAL055W,543,6,3.5084600667075208,1.477327438,not_preferentially_represent,YAL055W,16,4.004119237665749,7.387673870232009,not_preferentially_represent
YMR242C,996,11,6.432176788963788,1.476585808,not_preferentially_represent,YMR242C,7443,1862.6662178716354,1872.0263496197342,not_preferentially_represent
YKL208W,816,9,5.262690100061281,1.474611763,not_preferentially_represent,YKL208W,43,10.7610704512267,13.203767424818036,not_preferentially_represent
YBR090C,726,8,4.677946755610028,1.473257666,not_preferentially_represent,YBR090C,123,30.781666639555443,45.06832597299479,not_preferentially_represent
YJR018W,363,4,2.338973377805014,1.473257666,not_preferentially_represent,YJR018W,118,29.530379377784897,81.57563364028977,not_preferentially_represent
YOL005C,363,4,2.338973377805014,1.473257666,not_preferentially_represent,YOL005C,292,73.07517608739991,201.86512731325942,not_preferentially_represent
YEL060C,1908,21,12.279610233476323,1.471520333,not_preferentially_represent,YEL060C,566,141.64571803242586,74.27672681301829,not_preferentially_represent
YNL239W,1365,15,8.771150166768802,1.469210254,not_preferentially_represent,YNL239W,431,107.86096196462111,79.07695158696562,not_preferentially_represent
YGR134W,3369,37,21.63550374469638,1.468338061,not_preferentially_represent,YGR134W,86,21.5221409024534,6.390184353460035,not_preferentially_represent
YEL032W,2916,32,18.711787022440113,1.467194877,not_preferentially_represent,YEL032W,323,80.8331571103773,27.730071049872144,not_preferentially_represent
YOR035C,2370,26,15.20332695573259,1.466730575,not_preferentially_represent,YOR035C,81,20.270853640682855,8.556713229498882,not_preferentially_represent
YAL023C,2280,25,14.618583611281336,1.465988302,not_preferentially_represent,YAL023C,1932,483.49739794813917,212.15331195618216,not_preferentially_represent
YAL022C,1554,17,9.94063685567131,1.46259219,not_preferentially_represent,YAL022C,743,185.94128709910322,119.73038448107096,not_preferentially_represent
YBL042C,1920,21,12.279610233476323,1.462323331,not_preferentially_represent,YBL042C,1119,280.0380891842483,145.92917622941548,not_preferentially_represent
YDL179W,915,10,5.847433444512535,1.461181783,not_preferentially_represent,YDL179W,54,13.513902427121902,14.785451233174948,not_preferentially_represent
YGL041C-B,183,2,1.169486688902507,1.461181783,not_preferentially_represent,YGL041C-B,1,0.2502574523541093,1.3750409470006004,not_preferentially_represent
YGR270W,4140,45,26.313450500306406,1.453240578,not_preferentially_represent,YGR270W,70,17.51802166478765,4.232428524954735,not_preferentially_represent
YPL028W,1197,13,7.601663477866295,1.452026509,not_preferentially_represent,YPL028W,3888,973.0009747527769,813.5459655123553,not_preferentially_represent
YPL090C,1105,12,7.0169201334150415,1.451925428,not_preferentially_represent,YPL090C,9052,2265.330458709397,2051.9297633237293,not_preferentially_represent
YKL151C,1014,11,6.432176788963788,1.450374225,not_preferentially_represent,YKL151C,143,35.78681568663763,35.327557439918685,not_preferentially_represent
YEL075C,369,4,2.338973377805014,1.449302256,not_preferentially_represent,YEL075C,8,2.0020596188328743,5.440379399002376,not_preferentially_represent
YGL096W,831,9,5.262690100061281,1.447994222,not_preferentially_represent,YGL096W,26,6.506693761206842,7.839390073743183,not_preferentially_represent
YOR222W,924,10,5.847433444512535,1.446949493,not_preferentially_represent,YOR222W,200,50.05149047082186,54.226966923967346,not_preferentially_represent
YPR091C,2313,25,14.618583611281336,1.445072775,not_preferentially_represent,YPR091C,68,17.01750676007943,7.360513304532626,not_preferentially_represent
YAL004W,648,7,4.0932034111587745,1.444269957,not_preferentially_represent,YAL004W,424,106.10915979814234,164.00179257827256,not_preferentially_represent
YGR061C,4077,44,25.72870715585515,1.442903571,not_preferentially_represent,YGR061C,1239,310.06898346674143,76.0718801439503,not_preferentially_represent
YEL056W,1206,13,7.601663477866295,1.44119049,not_preferentially_represent,YEL056W,124,31.03192409190955,25.752634101169754,not_preferentially_represent
YPR153W,557,6,3.5084600667075208,1.44019533,not_preferentially_represent,YPR153W,8,2.0020596188328743,3.600826652577112,not_preferentially_represent
YDR466W,2697,29,16.95755698908635,1.437614335,not_preferentially_represent,YDR466W,54,13.513902427121902,5.012575084244029,not_preferentially_represent
YIR024C,651,7,4.0932034111587745,1.437614335,not_preferentially_represent,YIR024C,14,3.5036043329575297,5.390160512242354,not_preferentially_represent
YNR075C-A,93,1,0.5847433444512535,1.437614335,not_preferentially_represent,YNR075C-A,3,0.7507723570623278,8.160569098503563,not_preferentially_represent
YGR029W,653,7,4.0932034111587745,1.433211228,not_preferentially_represent,YGR029W,193,48.29968830434309,74.07927654040351,not_preferentially_represent
YML121W,933,10,5.847433444512535,1.432991781,not_preferentially_represent,YML121W,54,13.513902427121902,14.49989530807071,not_preferentially_represent
YBR092C,1404,15,8.771150166768802,1.428398858,not_preferentially_represent,YBR092C,1676,419.4314901454872,298.95330730255677,not_preferentially_represent
YOL014W,375,4,2.338973377805014,1.42611342,not_preferentially_represent,YOL014W,122,30.53140918720133,81.63478392299822,not_preferentially_represent
YNL221C,2628,28,16.372813644635098,1.424485437,not_preferentially_represent,YNL221C,144,36.03707313899174,13.71795703806309,not_preferentially_represent
YOR131C,657,7,4.0932034111587745,1.424485437,not_preferentially_represent,YOR131C,187,46.79814359021844,71.33863352167445,not_preferentially_represent
YLR340W,939,10,5.847433444512535,1.423835284,not_preferentially_represent,YLR340W,19668,4922.063572900622,5247.402529744799,preferentially_represented
YJL146W,1410,15,8.771150166768802,1.422320565,not_preferentially_represent,YJL146W,58,14.514932236538339,10.30158427007689,not_preferentially_represent
YLR097C,1035,11,6.432176788963788,1.420946343,not_preferentially_represent,YLR097C,26,6.506693761206842,6.292740581437951,not_preferentially_represent
YIL119C,1224,13,7.601663477866295,1.419996512,not_preferentially_represent,YIL119C,39,9.760040641810262,7.980409355527606,not_preferentially_represent
YCL012C,472,5,2.9237167222562674,1.416293783,not_preferentially_represent,YCL012C,64,16.016476950662994,34.00525891860509,not_preferentially_represent
YJL014W,1605,17,9.94063685567131,1.416117298,not_preferentially_represent,YJL014W,996,249.25642254469287,155.39677216003295,not_preferentially_represent
YJR063W,378,4,2.338973377805014,1.41479506,not_preferentially_represent,YJR063W,432,108.11121941697522,286.7671602572287,not_preferentially_represent
YNL277W-A,189,2,1.169486688902507,1.41479506,not_preferentially_represent,YNL277W-A,1,0.2502574523541093,1.3311566614580281,not_preferentially_represent
YOR010C,756,8,4.677946755610028,1.41479506,not_preferentially_represent,YOR010C,31,7.757981022977387,10.275471553612434,not_preferentially_represent
YBL046W,1326,14,8.186406822317549,1.411594166,not_preferentially_represent,YBL046W,30,7.507723570623279,5.666206468394927,not_preferentially_represent
YDR329C,1326,14,8.186406822317549,1.411594166,not_preferentially_represent,YDR329C,96,24.02471542599449,18.13186069886377,not_preferentially_represent
YOR044W,474,5,2.9237167222562674,1.41031786,not_preferentially_represent,YOR044W,38,9.509783189456153,20.105249872000325,not_preferentially_represent
YPR158W,759,8,4.677946755610028,1.409202984,not_preferentially_represent,YPR158W,24,6.0061788564986225,7.923718808045677,not_preferentially_represent
YOR262W,1044,11,6.432176788963788,1.408696805,not_preferentially_represent,YOR262W,162,40.54170728136571,38.87028502527872,not_preferentially_represent
YFL001W,1329,14,8.186406822317549,1.408407723,not_preferentially_represent,YFL001W,87,21.772398354807507,16.39487827922252,not_preferentially_represent
YHR211W,3228,34,19.88127371134262,1.408220733,not_preferentially_represent,YHR211W,143,35.78681568663763,11.089809633293346,not_preferentially_represent
YAL032C,1140,12,7.0169201334150415,1.40734877,not_preferentially_represent,YAL032C,68,17.01750676007943,14.940743424125928,not_preferentially_represent
YIL058W,285,3,1.7542300333537604,1.40734877,not_preferentially_represent,YIL058W,9,2.2523170711869835,7.930693912630224,not_preferentially_represent
YLL063C,1425,15,8.771150166768802,1.40734877,not_preferentially_represent,YLL063C,41,10.260555546518482,7.2054463107573605,not_preferentially_represent
YCR018C,666,7,4.0932034111587745,1.405235634,not_preferentially_represent,YCR018C,64,16.016476950662994,24.084927745357888,not_preferentially_represent
YCL016C,1143,12,7.0169201334150415,1.403654941,not_preferentially_represent,YCL016C,76,19.019566378912305,16.65461154020342,not_preferentially_represent
YBR078W,1620,17,9.94063685567131,1.403005101,not_preferentially_represent,YBR078W,7733,1935.240879054327,1195.3309938569037,not_preferentially_represent
YLR174W,1239,13,7.601663477866295,1.402805271,not_preferentially_represent,YLR174W,12,3.0030894282493112,2.425758827341932,not_preferentially_represent
YNL011C,1335,14,8.186406822317549,1.402077801,not_preferentially_represent,YNL011C,30,7.507723570623279,5.6279786886231475,not_preferentially_represent
YLR233C,2100,22,12.864353577927576,1.400647109,not_preferentially_represent,YLR233C,14,3.5036043329575297,1.669177862295155,not_preferentially_represent
YOR004W,765,8,4.677946755610028,1.398150412,not_preferentially_represent,YOR004W,422,105.60864489343412,138.23121059350015,not_preferentially_represent
YJR043C,1053,11,6.432176788963788,1.396656662,not_preferentially_represent,YJR043C,21,5.255406499436296,4.995633554597239,not_preferentially_represent
YIL121W,1629,17,9.94063685567131,1.395253692,not_preferentially_represent,YIL121W,50,12.512872617705465,7.686039691465273,not_preferentially_represent
YMR012W,3834,40,23.38973377805014,1.394868369,not_preferentially_represent,YMR012W,147,36.78784549605407,9.597663839304479,not_preferentially_represent
YHR117W,1920,20,11.69486688902507,1.392688887,not_preferentially_represent,YHR117W,226,56.558184232028694,29.472738005226002,not_preferentially_represent
YOL013W-A,192,2,1.169486688902507,1.392688887,not_preferentially_represent,YOL013W-A,35,8.759010832393825,30.203485628944225,not_preferentially_represent
YMR037C,2115,22,12.864353577927576,1.390713442,not_preferentially_represent,YMR037C,124,31.03192409190955,14.679245076589192,not_preferentially_represent
YLR196W,1731,18,10.525380200122562,1.390275215,not_preferentially_represent,YLR196W,386,96.59937660868619,55.83778994721745,not_preferentially_represent
YOL091W,1830,19,11.110123544573817,1.388122694,not_preferentially_represent,YOL091W,4,1.0010298094164372,0.5473099012665047,not_preferentially_represent
YHR199C-A,289,3,1.7542300333537604,1.387869894,not_preferentially_represent,YHR199C-A,3,0.7507723570623278,2.6068484620219716,not_preferentially_represent
YGR032W,5688,59,34.49985732262395,1.386812563,not_preferentially_represent,YGR032W,259,64.8166801597143,11.397341332814191,not_preferentially_represent
YER027C,1254,13,7.601663477866295,1.386025304,not_preferentially_represent,YER027C,260,65.06693761206841,51.92892068002268,not_preferentially_represent
YNL304W,1254,13,7.601663477866295,1.386025304,not_preferentially_represent,YNL304W,21,5.255406499436296,4.194258978001832,not_preferentially_represent
YDR532C,1158,12,7.0169201334150415,1.385472882,not_preferentially_represent,YDR532C,14,3.5036043329575297,3.028180063057502,not_preferentially_represent
YJR103W,1737,18,10.525380200122562,1.385472882,not_preferentially_represent,YJR103W,251,62.81462054088143,36.18353717792709,not_preferentially_represent
YLR133W,1749,18,10.525380200122562,1.375967065,not_preferentially_represent,YLR133W,74,18.519051474204087,10.594423040162521,not_preferentially_represent
YMR307C-A,195,2,1.169486688902507,1.371262904,not_preferentially_represent,YMR307C-A,452,113.11636846405739,583.0740642477185,not_preferentially_represent
YOR130C,879,9,5.262690100061281,1.368922865,not_preferentially_represent,YOR130C,93,23.273943068932162,26.507907823385153,not_preferentially_represent
YBR077C,489,5,2.9237167222562674,1.367056576,not_preferentially_represent,YBR077C,94,23.52420052128627,48.205328937062035,not_preferentially_represent
YER048C,1176,12,7.0169201334150415,1.364266665,not_preferentially_represent,YER048C,81,20.270853640682855,17.251790332496046,not_preferentially_represent
YHR028C,2457,25,14.618583611281336,1.360379865,not_preferentially_represent,YHR028C,188,47.04840104257254,19.156515082480677,not_preferentially_represent
YER110C,3342,34,19.88127371134262,1.360184478,not_preferentially_represent,YER110C,1533,383.6446744588495,114.82929495924859,not_preferentially_represent
YDR358W,1674,17,9.94063685567131,1.357746872,not_preferentially_represent,YDR358W,21,5.255406499436296,3.1413069333151795,not_preferentially_represent
YML018C,1182,12,7.0169201334150415,1.357341453,not_preferentially_represent,YML018C,811,202.95879385918263,182.51690095250237,not_preferentially_represent
YDR233C,888,9,5.262690100061281,1.355048647,not_preferentially_represent,YDR233C,4739,1185.9700667061238,1337.0575723857091,not_preferentially_represent
YBL002W,396,4,2.338973377805014,1.350486193,not_preferentially_represent,YBL002W,1621,405.66733026601116,1027.0058994076232,not_preferentially_represent
YJL064W,396,4,2.338973377805014,1.350486193,not_preferentially_represent,YJL064W,82,20.521111093036964,51.95217998237206,not_preferentially_represent
YLR251W,594,6,3.5084600667075208,1.350486193,not_preferentially_represent,YLR251W,59,14.765189688892448,24.89913944163988,not_preferentially_represent
YOR273C,1980,20,11.69486688902507,1.350486193,not_preferentially_represent,YOR273C,423,105.85890234578824,53.49110780484499,not_preferentially_represent
YER060W,1587,16,9.355893511220057,1.347933289,not_preferentially_represent,YER060W,569,142.3964903894882,89.78341134267855,not_preferentially_represent
YEL054C,498,5,2.9237167222562674,1.342350734,not_preferentially_represent,YEL054C,6163,1542.3366788583755,3103.2931164152424,not_preferentially_represent
YML100W,3297,33,19.296530366891364,1.338197875,not_preferentially_represent,YML100W,200,50.05149047082186,289.31497381977954,not_preferentially_represent
YFR022W,2202,22,12.864353577927576,1.335766998,not_preferentially_represent,YFR022W,103,25.776517592473258,11.711275598579398,not_preferentially_represent
YDR488C,1602,16,9.355893511220057,1.335312191,not_preferentially_represent,YDR488C,61,15.265704593600665,9.535105929794295,not_preferentially_represent
YDR516C,1503,15,8.771150166768802,1.334312706,not_preferentially_represent,YDR516C,303,75.82800806329512,50.4846924522604,not_preferentially_represent
YGR005C,1203,12,7.0169201334150415,1.333647213,not_preferentially_represent,YGR005C,57,14.264674784184228,11.867449903647445,not_preferentially_represent
YBR093C,1404,14,8.186406822317549,1.333172268,not_preferentially_represent,YBR093C,2616,654.6734953583499,466.62401664885954,not_preferentially_represent
YLR437C,402,4,2.338973377805014,1.330329683,not_preferentially_represent,YLR437C,209,52.30380754200884,130.43343526685496,not_preferentially_represent
YLR427W,2013,20,11.69486688902507,1.328347075,not_preferentially_represent,YLR427W,91,22.773428164223944,11.318801274465182,not_preferentially_represent
YJL192C,705,7,4.0932034111587745,1.327499194,not_preferentially_represent,YJL192C,427,106.85993215520467,151.7896763568248,not_preferentially_represent
YLR250W,705,7,4.0932034111587745,1.327499194,not_preferentially_represent,YLR250W,275,68.82079939738006,97.75681732582395,not_preferentially_represent
YOL120C,1008,10,5.847433444512535,1.326370369,not_preferentially_represent,YOL120C,9997,2501.8237511840307,2484.432722129127,not_preferentially_represent
YDR275W,708,7,4.0932034111587745,1.321874198,not_preferentially_represent,YDR275W,47,11.762100260643136,16.636634032027068,not_preferentially_represent
YBR063C,1215,12,7.0169201334150415,1.320475389,not_preferentially_represent,YBR063C,25,6.256436308852733,5.153571918330092,not_preferentially_represent
YIR042C,711,7,4.0932034111587745,1.31629667,not_preferentially_represent,YIR042C,20,5.005149047082186,7.049505700115755,not_preferentially_represent
YER156C,1017,10,5.847433444512535,1.314632578,not_preferentially_represent,YER156C,981,245.50256075938125,241.63637870017837,not_preferentially_represent
YCR046C,510,5,2.9237167222562674,1.310766011,not_preferentially_represent,YCR046C,132,33.033983710742426,64.8997715338751,not_preferentially_represent
YEL052W,1530,15,8.771150166768802,1.310766011,not_preferentially_represent,YEL052W,189,47.298658494926656,30.934374424412464,not_preferentially_represent
YFL031C-A,102,1,0.5847433444512535,1.310766011,not_preferentially_represent,YFL031C-A,109,27.278062306597914,270.0798248178011,not_preferentially_represent
YGL041C,204,2,1.169486688902507,1.310766011,not_preferentially_represent,YGL041C,24,6.0061788564986225,33.000982728014414,not_preferentially_represent
YKL093W,1020,10,5.847433444512535,1.310766011,not_preferentially_represent,YKL093W,43,10.7610704512267,10.560422425148872,not_preferentially_represent
YLR252W,306,3,1.7542300333537604,1.310766011,not_preferentially_represent,YLR252W,15,3.7538617853116394,12.307743558398817,not_preferentially_represent
YNL288W,1122,11,6.432176788963788,1.310766011,not_preferentially_represent,YNL288W,576,144.14829255596695,128.58902101335144,not_preferentially_represent
YLR206W,1842,18,10.525380200122562,1.306496415,not_preferentially_represent,YLR206W,98,24.525230330702712,13.32168947892597,not_preferentially_represent
YBR270C,1638,16,9.355893511220057,1.305964671,not_preferentially_represent,YBR270C,14,3.5036043329575297,2.1402592137797987,not_preferentially_represent
YGR197C,1644,16,9.355893511220057,1.301198376,not_preferentially_represent,YGR197C,83,20.771368545391073,12.642342389160724,not_preferentially_represent
YNL291C,1647,16,9.355893511220057,1.298828252,not_preferentially_represent,YNL291C,151,37.788875305470505,22.958004438317438,not_preferentially_represent
YPR003C,2265,22,12.864353577927576,1.298613214,not_preferentially_represent,YPR003C,95,23.77445797364038,10.501085677402996,not_preferentially_represent
YGR242W,309,3,1.7542300333537604,1.298040128,not_preferentially_represent,YGR242W,16,4.004119237665749,13.000387135278405,not_preferentially_represent
YIL099W,1650,16,9.355893511220057,1.296466746,not_preferentially_represent,YIL099W,12,3.0030894282493112,1.8211579310183816,not_preferentially_represent
YJL013C,1548,15,8.771150166768802,1.295524546,not_preferentially_represent,YJL013C,11,2.752831975895202,1.7794647549419536,not_preferentially_represent
YOL016C,1344,13,7.601663477866295,1.293211109,not_preferentially_represent,YOL016C,442,110.61379394051632,82.3632121671752,not_preferentially_represent
YGR199W,2280,22,12.864353577927576,1.290069706,not_preferentially_represent,YGR199W,163,40.791964733719816,17.89906306876692,not_preferentially_represent
YLR234W,1971,19,11.110123544573817,1.288820157,not_preferentially_represent,YLR234W,27,6.756951213560951,3.4299244738888075,not_preferentially_represent
YOR154W,1764,17,9.94063685567131,1.288474072,not_preferentially_represent,YOR154W,62,15.515962045954774,8.800886015856367,not_preferentially_represent
YBL033C,1038,10,5.847433444512535,1.288035965,not_preferentially_represent,YBL033C,174,43.544796709615014,41.99112508159597,not_preferentially_represent
YER026C,831,8,4.677946755610028,1.287105975,not_preferentially_represent,YER026C,1018,254.76208649648328,306.94227288732924,not_preferentially_represent
YIL040W,417,4,2.338973377805014,1.282476097,not_preferentially_represent,YIL040W,191,47.799173399634874,114.90185913373767,not_preferentially_represent
YJL027C,417,4,2.338973377805014,1.282476097,not_preferentially_represent,YJL027C,1,0.2502574523541093,0.6015804143127628,not_preferentially_represent
YEL063C,1773,17,9.94063685567131,1.281933595,not_preferentially_represent,YEL063C,300,75.07723570623278,42.368643175074936,not_preferentially_represent
YNL277W,1461,14,8.186406822317549,1.281159387,not_preferentially_represent,YNL277W,57,14.264674784184228,75.8759297031076,not_preferentially_represent
YKL198C,1989,19,11.110123544573817,1.277156626,not_preferentially_represent,YKL198C,93,23.273943068932162,11.70721482340652,not_preferentially_represent
YLR004C,1572,15,8.771150166768802,1.275745545,not_preferentially_represent,YLR004C,14,3.5036043329575297,2.2301746231429216,not_preferentially_represent
YEL030C-A,315,3,1.7542300333537604,1.273315554,not_preferentially_represent,YEL030C-A,1,0.2502574523541093,0.7969982559048067,not_preferentially_represent
YLL009C,210,2,1.169486688902507,1.273315554,not_preferentially_represent,YLL009C,11,2.752831975895202,13.171444860742595,not_preferentially_represent
YMR244C-A,315,3,1.7542300333537604,1.273315554,not_preferentially_represent,YMR244C-A,72,18.01853656949587,57.38387442514608,not_preferentially_represent
YBL085W,2943,28,16.372813644635098,1.272017577,not_preferentially_represent,YBL085W,79,19.770338735974633,6.720033560834342,not_preferentially_represent
YMR049C,2424,23,13.449096922378828,1.268587897,not_preferentially_represent,YMR049C,497,124.37795381999231,51.332213710273344,not_preferentially_represent
YOL028C,738,7,4.0932034111587745,1.268139474,not_preferentially_represent,YOL028C,16,4.004119237665749,5.432997608773064,not_preferentially_represent
YPL207W,2433,23,13.449096922378828,1.263895217,not_preferentially_represent,YPL207W,324,81.08341456273142,33.34021980375469,not_preferentially_represent
YML101C-A,318,3,1.7542300333537604,1.261303143,not_preferentially_represent,YML101C-A,37,9.259525737102043,29.209860369407078,not_preferentially_represent
YMR321C,318,3,1.7542300333537604,1.261303143,not_preferentially_represent,YMR321C,45,11.261585355934917,35.52550585468428,not_preferentially_represent
YIL117C,957,9,5.262690100061281,1.257349215,not_preferentially_represent,YIL117C,330,82.58495927685607,86.38594066616743,not_preferentially_represent
YDR472W,852,8,4.677946755610028,1.255381532,not_preferentially_represent,YDR472W,210,52.55406499436295,61.75565804272967,not_preferentially_represent
YOR049C,1065,10,5.847433444512535,1.255381532,not_preferentially_represent,YOR049C,45,11.261585355934917,10.584196763096728,not_preferentially_represent
YPR089W,2667,25,14.618583611281336,1.25326334,not_preferentially_represent,YPR089W,49,12.262615165351356,4.599630594655422,not_preferentially_represent
YFR038W,2562,24,14.033840266830083,1.252441528,not_preferentially_represent,YFR038W,43,10.7610704512267,4.201901777128739,not_preferentially_represent
YDR046C,1815,17,9.94063685567131,1.252269016,not_preferentially_represent,YDR046C,626,156.66116517367243,86.36227407589439,not_preferentially_represent
YGR004W,1389,13,7.601663477866295,1.251314421,not_preferentially_represent,YGR004W,75,18.769308926558196,13.52255686351455,not_preferentially_represent
YIL043C,855,8,4.677946755610028,1.250976684,not_preferentially_represent,YIL043C,2047,512.2770049688617,599.8559777152948,not_preferentially_represent
YNL019C,855,8,4.677946755610028,1.250976684,not_preferentially_represent,YNL019C,23,5.755921404144513,6.739954805789829,not_preferentially_represent
YCR084C,2142,20,11.69486688902507,1.248348582,not_preferentially_represent,YCR084C,1039,260.01749299591955,121.44675058193347,not_preferentially_represent
YGL102C,429,4,2.338973377805014,1.24660264,not_preferentially_represent,YGL102C,10948,2739.818588372789,6401.445299936422,preferentially_represented
YLR370C,537,5,2.9237167222562674,1.244861575,not_preferentially_represent,YLR370C,165,41.292479638428034,77.03820828064931,not_preferentially_represent
YFL031W,969,9,5.262690100061281,1.241778326,not_preferentially_represent,YFL031W,4557,1140.423210377676,3563.8225324302375,not_preferentially_represent
YER028C,1185,11,6.432176788963788,1.241079717,not_preferentially_represent,YER028C,58,14.514932236538339,12.25923330788711,not_preferentially_represent
YPL214C,1623,15,8.771150166768802,1.235657423,not_preferentially_represent,YPL214C,59,14.765189688892448,9.103076257023703,not_preferentially_represent
YCR105W,1086,10,5.847433444512535,1.231106198,not_preferentially_represent,YCR105W,61,15.265704593600665,14.06977381898679,not_preferentially_represent
YOR186W,435,4,2.338973377805014,1.229408121,not_preferentially_represent,YOR186W,7,1.7518021664787649,4.503347471667777,not_preferentially_represent
YNR026C,1416,13,7.601663477866295,1.227454612,not_preferentially_represent,YNR026C,127,31.78269644897188,22.461269575245144,not_preferentially_represent
YBR197C,654,6,3.5084600667075208,1.226588377,not_preferentially_represent,YBR197C,81,20.270853640682855,31.042654886191198,not_preferentially_represent
YJR034W,327,3,1.7542300333537604,1.226588377,not_preferentially_represent,YJR034W,33,8.258495927685606,25.332809594127628,not_preferentially_represent
YNL306W,654,6,3.5084600667075208,1.226588377,not_preferentially_represent,YNL306W,217,54.30586716084172,83.16365568275914,not_preferentially_represent
YBL099W,1638,15,8.771150166768802,1.224341879,not_preferentially_represent,YBL099W,1026,256.7641461153161,156.85042523843381,not_preferentially_represent
YNL192W,3396,31,18.127043677988855,1.220448212,not_preferentially_represent,YNL192W,375,93.84654463279098,27.642575738671866,not_preferentially_represent
YBL022C,3402,31,18.127043677988855,1.218295746,not_preferentially_represent,YBL022C,88,22.022655807161616,6.475347194108091,not_preferentially_represent
YGL158W,1539,14,8.186406822317549,1.216227332,not_preferentially_represent,YGL158W,5,1.2512872617705466,0.813580794389172,not_preferentially_represent
YPR156C,1869,17,9.94063685567131,1.216087888,not_preferentially_represent,YPR156C,423,105.85890234578824,56.66964793671747,not_preferentially_represent
YCL005W,771,7,4.0932034111587745,1.213861131,not_preferentially_represent,YCL005W,215,53.8053522561335,137.25855167380993,not_preferentially_represent
YKL195W,1212,11,6.432176788963788,1.213431901,not_preferentially_represent,YKL195W,64,16.016476950662994,13.225827374618493,not_preferentially_represent
YOR224C,441,4,2.338973377805014,1.21268148,not_preferentially_represent,YOR224C,1192,298.3068832060983,677.9701891047688,not_preferentially_represent
YNL097C,993,9,5.262690100061281,1.211765557,not_preferentially_represent,YNL097C,104,26.026775044827367,213.33422167891283,not_preferentially_represent
YGR023W,1656,15,8.771150166768802,1.211033815,not_preferentially_represent,YGR023W,270,67.5695121356095,205.37845633923862,not_preferentially_represent
YLR339C,552,5,2.9237167222562674,1.211033815,not_preferentially_represent,YLR339C,9014,2255.8206755199412,4094.0484129218535,preferentially_represented
YBR019C,2100,19,11.110123544573817,1.209649776,not_preferentially_represent,YBR019C,35,8.759010832393825,4.172944655737887,not_preferentially_represent
YJL156C,2100,19,11.110123544573817,1.209649776,not_preferentially_represent,YJL156C,86,21.5221409024534,10.253521154098808,not_preferentially_represent
YBR248C,1659,15,8.771150166768802,1.20884388,not_preferentially_represent,YBR248C,284,71.07311646856704,42.866777122175534,not_preferentially_represent
YJL213W,996,9,5.262690100061281,1.208115661,not_preferentially_represent,YJL213W,68,17.01750676007943,17.103021869426563,not_preferentially_represent
YCR079W,1329,12,7.0169201334150415,1.20720662,not_preferentially_represent,YCR079W,154,38.53964766253283,29.02081902299159,not_preferentially_represent
YLR202C,443,4,2.338973377805014,1.20720662,not_preferentially_represent,YLR202C,9,2.2523170711869835,5.095739980061049,not_preferentially_represent
YGR276C,1662,15,8.771150166768802,1.206661852,not_preferentially_represent,YGR276C,69,17.26776421243354,10.396004944270645,not_preferentially_represent
YJL026C-A,222,2,1.169486688902507,1.204487686,not_preferentially_represent,YJL026C-A,491,122.87640910586765,556.0018511577722,not_preferentially_represent
YKR037C,888,8,4.677946755610028,1.204487686,not_preferentially_represent,YKR037C,81,20.270853640682855,22.85327355206635,not_preferentially_represent
YNL106C,3552,32,18.711787022440113,1.204487686,not_preferentially_represent,YNL106C,67,16.767249307725322,4.721838723662439,not_preferentially_represent
YFL034W,3222,29,16.95755698908635,1.203366189,not_preferentially_represent,YFL034W,44,11.011327903580808,3.4186053721145013,not_preferentially_represent
YGR130C,2451,22,12.864353577927576,1.200064843,not_preferentially_represent,YGR130C,91,22.773428164223944,9.295276801724059,not_preferentially_represent
YOR331C,558,5,2.9237167222562674,1.198011946,not_preferentially_represent,YOR331C,1420,355.3655823428352,637.99925016667,not_preferentially_represent
YCL031C,894,8,4.677946755610028,1.196403876,not_preferentially_represent,YCL031C,89,22.272913259515725,24.941672183108317,not_preferentially_represent
YBL109W,336,3,1.7542300333537604,1.193733332,not_preferentially_represent,YBL109W,1,0.2502574523541093,0.7470371712062964,not_preferentially_represent
YBR110W,1350,12,7.0169201334150415,1.18842785,not_preferentially_represent,YBR110W,216,54.05560970848761,40.07087450592113,not_preferentially_represent
YMR141W-A,225,2,1.169486688902507,1.18842785,not_preferentially_represent,YMR141W-A,6,1.5015447141246556,6.703324616627928,not_preferentially_represent
YAL054C,2142,19,11.110123544573817,1.185931153,not_preferentially_represent,YAL054C,95,23.77445797364038,11.104370842428951,not_preferentially_represent
YPL132W,903,8,4.677946755610028,1.184479585,not_preferentially_represent,YPL132W,42,10.510812998872591,11.652786029792228,not_preferentially_represent
YEL069C,1695,15,8.771150166768802,1.18316932,not_preferentially_represent,YEL069C,6,1.5015447141246556,0.8863900319508004,not_preferentially_represent
YNL335W,678,6,3.5084600667075208,1.18316932,not_preferentially_represent,YNL335W,7,1.7518021664787649,2.587595519170997,not_preferentially_represent
YPL049C,1359,12,7.0169201334150415,1.180557467,not_preferentially_represent,YPL049C,202,50.55200537553008,37.22533532807811,not_preferentially_represent
YBR089C-A,684,6,3.5084600667075208,1.172790642,not_preferentially_represent,YBR089C-A,164,41.04222218607393,60.09110129732639,not_preferentially_represent
YCR075W-A,228,2,1.169486688902507,1.172790642,not_preferentially_represent,YCR075W-A,44,11.011327903580808,48.50805243868198,not_preferentially_represent
YLL030C,342,3,1.7542300333537604,1.172790642,not_preferentially_represent,YLL030C,1,0.2502574523541093,0.7338928221528132,not_preferentially_represent
YOL056W,912,8,4.677946755610028,1.172790642,not_preferentially_represent,YOL056W,45,11.261585355934917,12.361784144824279,not_preferentially_represent
YJR101W,801,7,4.0932034111587745,1.168398167,not_preferentially_represent,YJR101W,191,47.799173399634874,59.74896674954359,not_preferentially_represent
YNL311C,2292,20,11.69486688902507,1.166650376,not_preferentially_represent,YNL311C,30,7.507723570623279,3.2770508819830986,not_preferentially_represent
YNL174W,573,5,2.9237167222562674,1.166650376,not_preferentially_represent,YNL174W,106,26.527289949535586,46.37638103065662,not_preferentially_represent
YKL206C,804,7,4.0932034111587745,1.164038473,not_preferentially_represent,YKL206C,121,30.281151734847224,37.71002706705757,not_preferentially_represent
YLR090W,1380,12,7.0169201334150415,1.162592462,not_preferentially_represent,YLR090W,95,23.77445797364038,17.24036111213951,not_preferentially_represent
YLR219W,2187,19,11.110123544573817,1.161529277,not_preferentially_represent,YLR219W,126,31.532438996617774,14.424720492505841,not_preferentially_represent
YDL045C,921,8,4.677946755610028,1.161330147,not_preferentially_represent,YDL045C,76,19.019566378912305,20.673441716209027,not_preferentially_represent
YEL028W,462,4,2.338973377805014,1.157559594,not_preferentially_represent,YEL028W,8,2.0020596188328743,4.342862513737255,not_preferentially_represent
YER148W-A,579,5,2.9237167222562674,1.154560735,not_preferentially_represent,YER148W-A,24,6.0061788564986225,10.391312900516649,not_preferentially_represent
YDR075W,927,8,4.677946755610028,1.153813447,not_preferentially_represent,YDR075W,70,17.51802166478765,18.917949961973704,not_preferentially_represent
YEL053W-A,348,3,1.7542300333537604,1.152570113,not_preferentially_represent,YEL053W-A,2700,675.6951213560951,1947.2481883460953,not_preferentially_represent
YOR327C,348,3,1.7542300333537604,1.152570113,not_preferentially_represent,YOR327C,200,50.05149047082186,144.2406065441552,not_preferentially_represent
YPR081C,1857,16,9.355893511220057,1.151949451,not_preferentially_represent,YPR081C,22,5.505663951790404,2.9664137671284507,not_preferentially_represent
YER038C,1395,12,7.0169201334150415,1.150091468,not_preferentially_represent,YER038C,68,17.01750676007943,12.207680602639478,not_preferentially_represent
YGL041W-A,465,4,2.338973377805014,1.150091468,not_preferentially_represent,YGL041W-A,61,15.265704593600665,32.900225417242815,not_preferentially_represent
YGR060W,930,8,4.677946755610028,1.150091468,not_preferentially_represent,YGR060W,1304,326.3357178697585,351.2763378576518,not_preferentially_represent
YNL312W,930,8,4.677946755610028,1.150091468,not_preferentially_represent,YNL312W,227,56.80844168438281,61.15009869147773,not_preferentially_represent
YOR153W,4536,39,22.804990433598885,1.149520986,not_preferentially_represent,YOR153W,2893,723.9948096604381,159.6460440265575,not_preferentially_represent
YOL086C,1047,9,5.262690100061281,1.14926762,not_preferentially_represent,YOL086C,49880,12482.841723422971,11933.88310078678,preferentially_represented
YBR246W,1164,10,5.847433444512535,1.148609391,not_preferentially_represent,YBR246W,279,69.8218292067965,60.03596664384909,not_preferentially_represent
YKL188C,2562,22,12.864353577927576,1.148071401,not_preferentially_represent,YKL188C,11,2.752831975895202,1.074905105777119,not_preferentially_represent
YBR039W,936,8,4.677946755610028,1.142719087,not_preferentially_represent,YBR039W,204,51.0525202802383,54.6016259681693,not_preferentially_represent
YCR045W-A,351,3,1.7542300333537604,1.142719087,not_preferentially_represent,YCR045W-A,24,6.0061788564986225,17.160511018567494,not_preferentially_represent
YJL195C,702,6,3.5084600667075208,1.142719087,not_preferentially_represent,YJL195C,4,1.0010298094164372,1.4280025811932056,not_preferentially_represent
YOR189W,351,3,1.7542300333537604,1.142719087,not_preferentially_represent,YOR189W,73,18.268794021849978,52.1965543481428,not_preferentially_represent
YOR332W,702,6,3.5084600667075208,1.142719087,not_preferentially_represent,YOR332W,1881,470.73426787807955,845.1243588475396,not_preferentially_represent
YDR202C,1056,9,5.262690100061281,1.139472726,not_preferentially_represent,YDR202C,29,7.2574661182691695,6.879114804046606,not_preferentially_represent
YML125C,939,8,4.677946755610028,1.139068227,not_preferentially_represent,YML125C,842,210.71677488216002,224.64474934132198,not_preferentially_represent
YDL180W,1644,14,8.186406822317549,1.138548579,not_preferentially_represent,YDL180W,100,25.02574523541093,15.231737818265934,not_preferentially_represent
YAR028W,705,6,3.5084600667075208,1.137856452,not_preferentially_represent,YAR028W,142,35.53655823428352,50.47806567369818,not_preferentially_represent
YOL121C,825,7,4.0932034111587745,1.134408402,not_preferentially_represent,YOL121C,3562,891.4170452853373,1081.816802530749,not_preferentially_represent
YML114C,1533,13,7.601663477866295,1.133774123,not_preferentially_represent,YML114C,148,37.038102948408174,24.176307407577138,not_preferentially_represent
YKL051W,1062,9,5.262690100061281,1.133035027,not_preferentially_represent,YKL051W,309,77.32955277741978,72.88365012009403,not_preferentially_represent
YLR255C,354,3,1.7542300333537604,1.133035027,not_preferentially_represent,YLR255C,4,1.0010298094164372,2.8357784969304167,not_preferentially_represent
YML101C,354,3,1.7542300333537604,1.133035027,not_preferentially_represent,YML101C,148,37.038102948408174,116.83944147762831,not_preferentially_represent
YGL172W,1419,12,7.0169201334150415,1.130639604,not_preferentially_represent,YGL172W,191,47.799173399634874,33.708866995511194,not_preferentially_represent
YPL258C,1656,14,8.186406822317549,1.130298227,not_preferentially_represent,YPL258C,18,4.504634142373967,2.7218333186549653,not_preferentially_represent
YBL023C,2607,22,12.864353577927576,1.128254288,not_preferentially_represent,YBL023C,144,36.03707313899174,13.828500820794988,not_preferentially_represent
YHR114W,1902,16,9.355893511220057,1.124695126,not_preferentially_represent,YHR114W,55,13.764159879476011,7.240483892412421,not_preferentially_represent
YPR099C,357,3,1.7542300333537604,1.123513724,not_preferentially_represent,YPR099C,54,13.513902427121902,37.96040007618512,not_preferentially_represent
YMR323W,1314,11,6.432176788963788,1.119238558,not_preferentially_represent,YMR323W,1,0.2502574523541093,0.19059973522780602,not_preferentially_represent
YOR126C,717,6,3.5084600667075208,1.11881283,not_preferentially_represent,YOR126C,101,25.27600268776504,35.301679731515414,not_preferentially_represent
YDR524C-A,120,1,0.5847433444512535,1.11415111,not_preferentially_represent,YDR524C-A,2,0.5005149047082186,4.206007602590072,not_preferentially_represent
YML030W,480,4,2.338973377805014,1.11415111,not_preferentially_represent,YML030W,48,12.012357712997245,25.077991050098635,not_preferentially_represent
YML014W,840,7,4.0932034111587745,1.11415111,not_preferentially_represent,YML014W,148,37.038102948408174,44.14553390751868,not_preferentially_represent
YHR024C,1449,12,7.0169201334150415,1.107230916,not_preferentially_represent,YHR024C,274,68.57054194502594,47.355346647117365,not_preferentially_represent
YDR542W,363,3,1.7542300333537604,1.104943249,not_preferentially_represent,YDR542W,3,0.7507723570623278,2.073956787464994,not_preferentially_represent
YIL105C,2061,17,9.94063685567131,1.102798769,not_preferentially_represent,YIL105C,46,11.511842808289027,5.588273207907295,not_preferentially_represent
YJL096W,486,4,2.338973377805014,1.100396158,not_preferentially_represent,YJL096W,86,21.5221409024534,44.37554825248124,not_preferentially_represent
YBR083W,1461,12,7.0169201334150415,1.098136617,not_preferentially_represent,YBR083W,203,50.802262827884185,34.79607043005766,not_preferentially_represent
YLR256W,4509,37,21.63550374469638,1.097101558,not_preferentially_represent,YLR256W,204,51.0525202802383,11.324871402004945,not_preferentially_represent
YIL059C,366,3,1.7542300333537604,1.095886337,not_preferentially_represent,YIL059C,17,4.254376690019858,11.655826547999611,not_preferentially_represent
YIR013C,366,3,1.7542300333537604,1.095886337,not_preferentially_represent,YIR013C,2,0.5005149047082186,1.371273711529366,not_preferentially_represent
YDR520C,2319,19,11.110123544573817,1.095413769,not_preferentially_represent,YDR520C,52,13.013387522413684,5.614058465234549,not_preferentially_represent
YBR020W,1587,13,7.601663477866295,1.095195798,not_preferentially_represent,YBR020W,9,2.2523170711869835,1.4201242567383252,not_preferentially_represent
YLR310C,4770,39,22.804990433598885,1.093129391,not_preferentially_represent,YLR310C,161,40.2914498290116,8.448616026213378,not_preferentially_represent
YDR058C,981,8,4.677946755610028,1.09030078,not_preferentially_represent,YDR058C,24,6.0061788564986225,6.128753935202677,not_preferentially_represent
YDR531W,1104,9,5.262690100061281,1.089930433,not_preferentially_represent,YDR531W,270,67.5695121356095,61.25975714923799,not_preferentially_represent
YJR065C,1350,11,6.432176788963788,1.089392196,not_preferentially_represent,YJR065C,655,163.91863129194158,121.51121667304787,not_preferentially_represent
YOR322C,2457,20,11.69486688902507,1.088303892,not_preferentially_represent,YOR322C,146,36.537588043699955,14.876868095969037,not_preferentially_represent
YER189W,369,3,1.7542300333537604,1.086976692,not_preferentially_represent,YER189W,5,1.2512872617705466,3.400237124376485,not_preferentially_represent
YHR057C,618,5,2.9237167222562674,1.081700106,not_preferentially_represent,YHR057C,141,35.286300781929405,57.19011471949661,not_preferentially_represent
YOR042W,1236,10,5.847433444512535,1.081700106,not_preferentially_represent,YOR042W,196,49.050460661405424,39.71697219546998,not_preferentially_represent
YKR004C,1238,10,5.847433444512535,1.07995261,not_preferentially_represent,YKR004C,11,2.752831975895202,2.225409843084238,not_preferentially_represent
YEL041W,1488,12,7.0169201334150415,1.078210751,not_preferentially_represent,YEL041W,32,8.008238475331497,5.385499983410556,not_preferentially_represent
YPR032W,3102,25,14.618583611281336,1.07751558,not_preferentially_represent,YPR032W,52,13.013387522413684,4.196513228769327,not_preferentially_represent
YGR013W,1863,15,8.771150166768802,1.076474502,not_preferentially_represent,YGR013W,59,14.765189688892448,7.929747416161358,not_preferentially_represent
YCR017C,2862,23,13.449096922378828,1.074443418,not_preferentially_represent,YCR017C,889,222.47887514280316,77.76262675386339,not_preferentially_represent
YML127W,1746,14,8.186406822317549,1.072035432,not_preferentially_represent,YML127W,301,75.32749315858689,43.16761785592372,not_preferentially_represent
YJR009C,999,8,4.677946755610028,1.070655721,not_preferentially_represent,YJR009C,22886,5727.392054576145,5738.869794164474,preferentially_represented
YNR009W,750,6,3.5084600667075208,1.069585065,not_preferentially_represent,YNR009W,55,13.764159879476011,18.376715459914568,not_preferentially_represent
YOR034C,2250,18,10.525380200122562,1.069585065,not_preferentially_represent,YOR034C,254,63.56539289794376,28.263847442393846,not_preferentially_represent
YER155C,6504,52,30.40665391146518,1.068927264,not_preferentially_represent,YER155C,129,32.283211353680095,4.964356659031232,not_preferentially_represent
YCL052C,1251,10,5.847433444512535,1.068730081,not_preferentially_represent,YCL052C,215,53.8053522561335,43.044281804906795,not_preferentially_represent
YEL044W,501,4,2.338973377805014,1.067450165,not_preferentially_represent,YEL044W,170,42.543766900198584,85.08753380039715,not_preferentially_represent
YPL111W,1002,8,4.677946755610028,1.067450165,not_preferentially_represent,YPL111W,245,61.31307582675678,61.25182400275402,not_preferentially_represent
YHR108W,1758,14,8.186406822317549,1.064717784,not_preferentially_represent,YHR108W,578,144.64880746067516,82.32715279492041,not_preferentially_represent
YJR016C,1758,14,8.186406822317549,1.064717784,not_preferentially_represent,YJR016C,5118,1280.8176411483314,728.979875440143,not_preferentially_represent
YOR272W,1383,11,6.432176788963788,1.063398022,not_preferentially_represent,YOR272W,416,104.10710017930947,75.33075266230786,not_preferentially_represent
YGR058W,1008,8,4.677946755610028,1.061096295,not_preferentially_represent,YGR058W,57,14.264674784184228,14.165516170987319,not_preferentially_represent
YJL065C,504,4,2.338973377805014,1.061096295,not_preferentially_represent,YJL065C,149,37.288360400762286,74.13192922616756,not_preferentially_represent
YNL309W,1263,10,5.847433444512535,1.058575876,not_preferentially_represent,YNL309W,65,16.266734403017104,12.889646912057927,not_preferentially_represent
YGL062W,3537,28,16.372813644635098,1.058396304,not_preferentially_represent,YGL062W,628,157.16168007838064,44.4461764927547,not_preferentially_represent
YJL066C,759,6,3.5084600667075208,1.056902238,not_preferentially_represent,YJL066C,46,11.511842808289027,15.18712771542088,not_preferentially_represent
YBR199W,1395,11,6.432176788963788,1.054250512,not_preferentially_represent,YBR199W,347,86.83933596687592,62.29507601641028,not_preferentially_represent
YGR093W,1524,12,7.0169201334150415,1.052741206,not_preferentially_represent,YGR093W,49,12.262615165351356,8.051618624656175,not_preferentially_represent
YJR008W,1017,8,4.677946755610028,1.051706062,not_preferentially_represent,YJR008W,53,13.263644974767793,13.054768675952552,not_preferentially_represent
YLR371W,4071,32,18.711787022440113,1.050931039,not_preferentially_represent,YLR371W,44,11.011327903580808,2.705485971395776,not_preferentially_represent
YGL216W,2418,19,11.110123544573817,1.050564322,not_preferentially_represent,YGL216W,61,15.265704593600665,44.7674621513216,not_preferentially_represent
YPL283C,5728,45,26.313450500306406,1.050351954,not_preferentially_represent,YPL283C,147,36.78784549605407,6.4235804952076245,not_preferentially_represent
YJL001W,764,6,3.5084600667075208,1.049985339,not_preferentially_represent,YJL001W,481,120.37383458232657,157.76387232283955,not_preferentially_represent
YBL005W,2931,23,13.449096922378828,1.049149458,not_preferentially_represent,YBL005W,56,14.014417331830119,4.783077587655331,not_preferentially_represent
YGR202C,1275,10,5.847433444512535,1.048612809,not_preferentially_represent,YGR202C,125,31.28218154426366,24.554302625010724,not_preferentially_represent
YHR215W,1404,11,6.432176788963788,1.047492496,not_preferentially_represent,YHR215W,2086,522.037045610672,372.0862762727527,not_preferentially_represent
YFR039C,1533,12,7.0169201334150415,1.046560729,not_preferentially_represent,YFR039C,50,12.512872617705465,8.167671421478763,not_preferentially_represent
YNR014W,639,5,2.9237167222562674,1.046151277,not_preferentially_represent,YNR014W,183,45.797113780802,48.66855874686716,not_preferentially_represent
YGR174C,513,4,2.338973377805014,1.04248057,not_preferentially_represent,YGR174C,67,16.767249307725322,32.74853380415102,not_preferentially_represent
YOL132W,1416,11,6.432176788963788,1.038615441,not_preferentially_represent,YOL132W,15,3.7538617853116394,2.652905855343915,not_preferentially_represent
YJL043W,774,6,3.5084600667075208,1.036419637,not_preferentially_represent,YJL043W,3,0.7507723570623278,0.9712449638581214,not_preferentially_represent
YHR042W,2076,16,9.355893511220057,1.030428772,not_preferentially_represent,YHR042W,2342,586.102953413324,282.4592546570236,not_preferentially_represent
YAL009W,780,6,3.5084600667075208,1.028447178,not_preferentially_represent,YAL009W,97,24.2749728783486,31.161711012000772,not_preferentially_represent
YFR036W-A,651,5,2.9237167222562674,1.026867382,not_preferentially_represent,YFR036W-A,133,33.28424116309653,51.20652486630236,not_preferentially_represent
YML036W,652,5,2.9237167222562674,1.025292432,not_preferentially_represent,YML036W,85,21.271883450099292,32.67570422442287,not_preferentially_represent
YDL046W,522,4,2.338973377805014,1.024506767,not_preferentially_represent,YDL046W,1572,393.4047151006598,755.0954224580803,not_preferentially_represent
YKL053C-A,261,2,1.169486688902507,1.024506767,not_preferentially_represent,YKL053C-A,68,17.01750676007943,65.45194907722859,not_preferentially_represent
YAL053W,2352,18,10.525380200122562,1.023199999,not_preferentially_represent,YAL053W,1237,309.56846856203316,131.6752312046079,not_preferentially_represent
YKL068W,2880,22,12.864353577927576,1.021305184,not_preferentially_represent,YKL068W,162,40.54170728136571,171.78689526002418,not_preferentially_represent
YOR329C,2619,20,11.69486688902507,1.020986126,not_preferentially_represent,YOR329C,67,16.767249307725322,6.4046024857621555,not_preferentially_represent
YBR236C,1311,10,5.847433444512535,1.019817949,not_preferentially_represent,YBR236C,105,26.277032497181477,20.058803432962957,not_preferentially_represent
YPR102C,525,4,2.338973377805014,1.018652443,not_preferentially_represent,YPR102C,5418,1355.894876854564,2587.5856428522216,not_preferentially_represent
YGR012W,1182,9,5.262690100061281,1.01800609,not_preferentially_represent,YGR012W,136,34.03501352015886,28.81880907718786,not_preferentially_represent
YOR048C,3021,23,13.449096922378828,1.017893764,not_preferentially_represent,YOR048C,161,40.2914498290116,13.341539678480661,not_preferentially_represent
YGR200C,2367,18,10.525380200122562,1.016715841,not_preferentially_represent,YGR200C,327,81.83418691979374,34.58756843609203,not_preferentially_represent
YCL005W-A,395,3,1.7542300333537604,1.015428859,not_preferentially_represent,YCL005W-A,299,74.82697825387868,190.88514860683335,not_preferentially_represent
YDL056W,2502,19,11.110123544573817,1.015293577,not_preferentially_represent,YDL056W,13,3.253346880603421,1.3008184248714196,not_preferentially_represent
YEL017C-A,132,1,0.5847433444512535,1.012864645,not_preferentially_represent,YEL017C-A,860,215.221409024534,1642.9115192712518,not_preferentially_represent
YJR060W,1056,8,4.677946755610028,1.012864645,not_preferentially_represent,YJR060W,127,31.78269644897188,30.125778624617894,not_preferentially_represent
YKL142W,660,5,2.9237167222562674,1.012864645,not_preferentially_represent,YKL142W,171,42.79402435255269,64.93782147580075,not_preferentially_represent
YPR145W,1719,13,7.601663477866295,1.011096993,not_preferentially_represent,YPR145W,4252,1064.0946874096726,619.379911181416,not_preferentially_represent
YOL092W,927,7,4.0932034111587745,1.009586766,not_preferentially_represent,YOL092W,1845,461.7249995933317,498.62310971202123,not_preferentially_represent
YML038C,1329,10,5.847433444512535,1.006005517,not_preferentially_represent,YML038C,145,36.28733059134585,27.324797132037535,not_preferentially_represent
YLR235C,399,3,1.7542300333537604,1.005249121,not_preferentially_represent,YLR235C,4,1.0010298094164372,2.5151502749156713,not_preferentially_represent
YLR152C,1731,13,7.601663477866295,1.004087655,not_preferentially_represent,YLR152C,74,18.519051474204087,10.704654031331842,not_preferentially_represent
YJL010C,2001,15,8.771150166768802,1.002234881,not_preferentially_represent,YJL010C,101,25.27600268776504,12.63800134388252,not_preferentially_represent
YGL013C,3207,24,14.033840266830083,1.000547301,not_preferentially_represent,YGL013C,35,8.759010832393825,2.732068257140931,not_preferentially_represent
YNL334C,669,5,2.9237167222562674,0.999238663,not_preferentially_represent,YNL334C,14,3.5036043329575297,5.244916666104087,not_preferentially_represent
YMR079W,1071,8,4.677946755610028,0.998678866,not_preferentially_represent,YMR079W,800,200.20596188328744,187.10837559185742,not_preferentially_represent
YNL103W,2019,15,8.771150166768802,0.993299652,not_preferentially_represent,YNL103W,34,8.508753380039716,95.603970562244,not_preferentially_represent
YNL175C,1212,9,5.262690100061281,0.992807919,not_preferentially_represent,YNL175C,331,82.83521672921017,68.40232595310502,not_preferentially_represent
YGL211W,1080,8,4.677946755610028,0.990356542,not_preferentially_represent,YGL211W,286,71.57363137327526,66.33330062398078,not_preferentially_represent
YJR144W,810,6,3.5084600667075208,0.990356542,not_preferentially_represent,YJR144W,250,62.56436308852732,77.3354302701203,not_preferentially_represent
YNR005C,405,3,1.7542300333537604,0.990356542,not_preferentially_represent,YNR005C,14,3.5036043329575297,8.672287952865174,not_preferentially_represent
YGR204W,2841,21,12.279610233476323,0.988264976,not_preferentially_represent,YGR204W,2026,507.02159846942544,178.5287318554315,not_preferentially_represent
YNL218W,1764,13,7.601663477866295,0.985303702,not_preferentially_represent,YNL218W,29,7.2574661182691695,4.116543459029591,not_preferentially_represent
YDR519W,408,3,1.7542300333537604,0.983074508,not_preferentially_represent,YDR519W,342,85.58804870510538,210.29004595848988,not_preferentially_represent
YNL107W,681,5,2.9237167222562674,0.981630934,not_preferentially_represent,YNL107W,55,13.764159879476011,20.24141158746472,not_preferentially_represent
YNR027W,954,7,4.0932034111587745,0.981013556,not_preferentially_represent,YNR027W,199,49.80123301846775,52.25732740657686,not_preferentially_represent
YOL086W-A,273,2,1.169486688902507,0.979473503,not_preferentially_represent,YOL086W-A,64,16.016476950662994,58.88410643626101,not_preferentially_represent
YPR125W,1365,10,5.847433444512535,0.979473503,not_preferentially_represent,YPR125W,136,34.03501352015886,24.95235595319565,not_preferentially_represent
YMR251W,1101,8,4.677946755610028,0.971466908,not_preferentially_represent,YMR251W,9,2.2523170711869835,2.0475609738063487,not_preferentially_represent
YIR018C-A,138,1,0.5847433444512535,0.968827052,not_preferentially_represent,YIR018C-A,9,2.2523170711869835,16.44027059260572,not_preferentially_represent
YKR045C,552,4,2.338973377805014,0.968827052,not_preferentially_represent,YKR045C,34,8.508753380039716,15.442383629836145,not_preferentially_represent
YOL013C,1656,12,7.0169201334150415,0.968827052,not_preferentially_represent,YOL013C,106,26.527289949535586,16.028573987634793,not_preferentially_represent
YOL010W,1104,8,4.677946755610028,0.968827052,not_preferentially_represent,YOL010W,236,59.06075875556979,53.54556550822284,not_preferentially_represent
YLR467W,5391,39,22.804990433598885,0.967209644,not_preferentially_represent,YLR467W,154,38.53964766253283,7.150212924403123,not_preferentially_represent
YOR396W,5391,39,22.804990433598885,0.967209644,not_preferentially_represent,YOR396W,134,33.534498615450644,6.221613843311808,not_preferentially_represent
YKR007W,555,4,2.338973377805014,0.963590149,not_preferentially_represent,YKR007W,120,30.030894282493115,54.20739040161212,not_preferentially_represent
YKL194C,1389,10,5.847433444512535,0.962549555,not_preferentially_represent,YKL194C,46,11.511842808289027,8.293834876288924,not_preferentially_represent
YCR012W,1251,9,5.262690100061281,0.961857073,not_preferentially_represent,YCR012W,24782,6201.880184239537,4961.504147391629,preferentially_represented
YIL108W,2091,15,8.771150166768802,0.959097081,not_preferentially_represent,YIL108W,294,73.57569099210814,35.203679900530204,not_preferentially_represent
YER066W,558,4,2.338973377805014,0.958409557,not_preferentially_represent,YER066W,9,2.2523170711869835,4.043657219366218,not_preferentially_represent
YKL096W-A,279,2,1.169486688902507,0.958409557,not_preferentially_represent,YKL096W-A,12358,3092.6815961920825,11124.753943136988,preferentially_represented
YJL180C,978,7,4.0932034111587745,0.956939603,not_preferentially_represent,YJL180C,47,11.762100260643136,12.038997196154694,not_preferentially_represent
YDR517W,1119,8,4.677946755610028,0.955840094,not_preferentially_represent,YDR517W,359,89.84242539512523,80.35995115843045,not_preferentially_represent
YBR235W,3363,24,14.033840266830083,0.954134759,not_preferentially_represent,YBR235W,171,42.79402435255269,12.728740140557017,not_preferentially_represent
YNR024W,561,4,2.338973377805014,0.953284372,not_preferentially_represent,YNR024W,30,7.507723570623279,13.406649233255855,not_preferentially_represent
YJL025W,1545,11,6.432176788963788,0.951896094,not_preferentially_represent,YJL025W,69,17.26776421243354,11.183785111679754,not_preferentially_represent
YIL084C,984,7,4.0932034111587745,0.951104606,not_preferentially_represent,YIL084C,34,8.508753380039716,8.655903743682316,not_preferentially_represent
YBR068C,1830,13,7.601663477866295,0.949768159,not_preferentially_represent,YBR068C,3840,960.9886170397797,525.4175052158446,not_preferentially_represent
YHR188C,1833,13,7.601663477866295,0.94821371,not_preferentially_represent,YHR188C,875,218.97527080984563,119.52798624991574,not_preferentially_represent
YJR044C,423,3,1.7542300333537604,0.94821371,not_preferentially_represent,YJR044C,247,61.81359073146499,146.4777031551303,not_preferentially_represent
YPR100W,423,3,1.7542300333537604,0.94821371,not_preferentially_represent,YPR100W,69,17.26776421243354,48.504955652903206,not_preferentially_represent
YMR001C,2118,15,8.771150166768802,0.946870631,not_preferentially_represent,YMR001C,47,11.762100260643136,5.55602279671381,not_preferentially_represent
YBR127C,1554,11,6.432176788963788,0.946383182,not_preferentially_represent,YBR127C,3458,865.39027024051,557.2377786481069,not_preferentially_represent
YGR019W,1416,10,5.847433444512535,0.944195856,not_preferentially_represent,YGR019W,236,59.06075875556979,41.739052124077595,not_preferentially_represent
YKR046C,852,6,3.5084600667075208,0.941536149,not_preferentially_represent,YKR046C,2518,630.1482650276472,740.4797473885396,not_preferentially_represent
YHR112C,1137,8,4.677946755610028,0.940708061,not_preferentially_represent,YHR112C,120,30.030894282493115,26.43564637543408,not_preferentially_represent
YPR155C,1851,13,7.601663477866295,0.938992831,not_preferentially_represent,YPR155C,32,8.008238475331497,4.328777554233242,not_preferentially_represent
YBR233W-A,285,2,1.169486688902507,0.938232513,not_preferentially_represent,YBR233W-A,27,6.756951213560951,23.792081737890673,not_preferentially_represent
YPR160C-A,285,2,1.169486688902507,0.938232513,not_preferentially_represent,YPR160C-A,8,2.0020596188328743,7.049505700115755,not_preferentially_represent
YER159C,429,3,1.7542300333537604,0.93495198,not_preferentially_represent,YER159C,49,12.262615165351356,28.650970012503166,not_preferentially_represent
YHR189W,573,4,2.338973377805014,0.933320301,not_preferentially_represent,YHR189W,24,6.0061788564986225,10.500312686186403,not_preferentially_represent
YLL039C,1146,8,4.677946755610028,0.933320301,not_preferentially_represent,YLL039C,627,156.9114226260265,137.04054377818912,not_preferentially_represent
YPR079W,1146,8,4.677946755610028,0.933320301,not_preferentially_represent,YPR079W,64,16.016476950662994,13.988189476561567,not_preferentially_represent
YFL033C,5313,37,21.63550374469638,0.931080543,not_preferentially_represent,YFL033C,146,36.537588043699955,6.878311002202552,not_preferentially_represent
YDL045W-A,288,2,1.169486688902507,0.928459258,not_preferentially_represent,YDL045W-A,59,14.765189688892448,51.44665396826637,not_preferentially_represent
YGL057C,864,6,3.5084600667075208,0.928459258,not_preferentially_represent,YGL057C,28,7.007208665915059,8.11959289213796,not_preferentially_represent
YPL283W-A,576,4,2.338973377805014,0.928459258,not_preferentially_represent,YPL283W-A,18,4.504634142373967,7.834146334563421,not_preferentially_represent
YEL064C,1443,10,5.847433444512535,0.926528989,not_preferentially_represent,YEL064C,55,13.764159879476011,9.545187156363392,not_preferentially_represent
YGL038C,1443,10,5.847433444512535,0.926528989,not_preferentially_represent,YGL038C,89,22.272913259515725,15.445848307569852,not_preferentially_represent
YLR337C,2454,17,9.94063685567131,0.926189186,not_preferentially_represent,YLR337C,168,42.043251995490365,17.139523846510542,not_preferentially_represent
YNR015W,1155,8,4.677946755610028,0.926047675,not_preferentially_represent,YNR015W,231,57.80947149379924,50.09486264627318,not_preferentially_represent
YEL065W,1887,13,7.601663477866295,0.921078819,not_preferentially_represent,YEL065W,172,43.0442818049068,22.823055039717286,not_preferentially_represent
YOL013W-B,291,2,1.169486688902507,0.918887513,not_preferentially_represent,YOL013W-B,1,0.2502574523541093,0.8629567322555493,not_preferentially_represent
YIR003W,2040,14,8.186406822317549,0.917536208,not_preferentially_represent,YIR003W,129,32.283211353680095,15.832864812986806,not_preferentially_represent
YJL176C,2478,17,9.94063685567131,0.917218831,not_preferentially_represent,YJL176C,43,10.7610704512267,4.344396629481913,not_preferentially_represent
YIL051C,438,3,1.7542300333537604,0.915740638,not_preferentially_represent,YIL051C,1231,308.0669238479086,704.958635807571,not_preferentially_represent
YPL277C,1464,10,5.847433444512535,0.913238614,not_preferentially_represent,YPL277C,13,3.253346880603421,2.223750431034464,not_preferentially_represent
YNL339C,5728,39,22.804990433598885,0.910305027,not_preferentially_represent,YNL339C,145,36.28733059134585,6.336184842211602,not_preferentially_represent
YBR111W-A,441,3,1.7542300333537604,0.90951111,not_preferentially_represent,YBR111W-A,57,14.264674784184228,32.419715418600525,not_preferentially_represent
YEL067C,588,4,2.338973377805014,0.90951111,not_preferentially_represent,YEL067C,17,4.254376690019858,7.247660459999758,not_preferentially_represent
YFL066C,1179,8,4.677946755610028,0.907196832,not_preferentially_represent,YFL066C,41,10.260555546518482,8.71014902081365,not_preferentially_represent
YKR081C,1035,7,4.0932034111587745,0.904238582,not_preferentially_represent,YKR081C,382,95.59834679926975,92.4548808503576,not_preferentially_represent
YGR121C,1479,10,5.847433444512535,0.903976559,not_preferentially_represent,YGR121C,577,144.39855000832108,97.69861299615769,not_preferentially_represent
YER152C,1332,9,5.262690100061281,0.903365765,not_preferentially_represent,YER152C,273,68.32028449267183,51.33004094115089,not_preferentially_represent
YKL090W,1332,9,5.262690100061281,0.903365765,not_preferentially_represent,YKL090W,29,7.2574661182691695,5.452641711697347,not_preferentially_represent
YDR406W,4590,31,18.127043677988855,0.902972141,not_preferentially_represent,YDR406W,82,20.521111093036964,4.471804552851811,not_preferentially_represent
YGR195W,741,5,2.9237167222562674,0.902146647,not_preferentially_represent,YGR195W,245,61.31307582675678,82.85550787399565,not_preferentially_represent
YBR114W,2373,16,9.355893511220057,0.901462339,not_preferentially_represent,YBR114W,55,13.764159879476011,5.802765547839802,not_preferentially_represent
YGR010W,1188,8,4.677946755610028,0.900324129,not_preferentially_represent,YGR010W,46,11.511842808289027,9.698266898305835,not_preferentially_represent
YLR329W,892,6,3.5084600667075208,0.899314797,not_preferentially_represent,YLR329W,9,2.2523170711869835,2.527853054081912,not_preferentially_represent
YLL038C,744,5,2.9237167222562674,0.898508959,not_preferentially_represent,YLL038C,47,11.762100260643136,15.830552167756577,not_preferentially_represent
YNR043W,1191,8,4.677946755610028,0.89805631,not_preferentially_represent,YNR043W,1836,459.4726825221446,386.11149791776865,not_preferentially_represent
YHR027C,2982,20,11.69486688902507,0.896701094,not_preferentially_represent,YHR027C,219,54.80638206554994,18.385233836145566,not_preferentially_represent
YBL014C,2685,18,10.525380200122562,0.896300334,not_preferentially_represent,YBL014C,80,20.020596188328746,7.4592385202417075,not_preferentially_represent
YDR232W,1647,11,6.432176788963788,0.892944423,not_preferentially_represent,YDR232W,1586,396.90831943361735,241.13506648457917,not_preferentially_represent
YKR005C,1647,11,6.432176788963788,0.892944423,not_preferentially_represent,YKR005C,19,4.754891594728076,2.888755525351201,not_preferentially_represent
YLR096W,3444,23,13.449096922378828,0.892873711,not_preferentially_represent,YLR096W,111,27.778577211306132,8.068131632676774,not_preferentially_represent
YJL042W,4197,28,16.372813644635098,0.891958,not_preferentially_represent,YJL042W,192,48.04943085198898,11.451246628214724,not_preferentially_represent
YAR070C,300,2,1.169486688902507,0.891320888,not_preferentially_represent,YAR070C,2,0.5005149047082186,1.673962892000731,not_preferentially_represent
YBL006W-A,150,1,0.5847433444512535,0.891320888,not_preferentially_represent,YBL006W-A,38,9.509783189456153,63.82404825138358,not_preferentially_represent
YGL063C-A,150,1,0.5847433444512535,0.891320888,not_preferentially_represent,YGL063C-A,7,1.7518021664787649,11.757061519991712,not_preferentially_represent
YHR213W-B,300,2,1.169486688902507,0.891320888,not_preferentially_represent,YHR213W-B,3,0.7507723570623278,2.5109443380010967,not_preferentially_represent
YNL208W,600,4,2.338973377805014,0.891320888,not_preferentially_represent,YNL208W,828,207.2131705492025,345.9318373108556,not_preferentially_represent
YNR010W,450,3,1.7542300333537604,0.891320888,not_preferentially_represent,YNR010W,37,9.259525737102043,20.622551753011233,not_preferentially_represent
YBL111C,2103,14,8.186406822317549,0.890049389,not_preferentially_represent,YBL111C,34,8.508753380039716,4.047932150351911,not_preferentially_represent
YLR073C,603,4,2.338973377805014,0.886886455,not_preferentially_represent,YLR073C,188,47.04840104257254,78.15349010394111,not_preferentially_represent
YDR522C,1509,10,5.847433444512535,0.886004858,not_preferentially_represent,YDR522C,10,2.502574523541093,1.6595321774145178,not_preferentially_represent
YJL155C,1359,9,5.262690100061281,0.8854181,not_preferentially_represent,YJL155C,65,16.266734403017104,11.978449486757809,not_preferentially_represent
YOR052C,453,3,1.7542300333537604,0.8854181,not_preferentially_represent,YOR052C,260,65.06693761206841,143.95340179661153,not_preferentially_represent
YGR140W,2871,19,11.110123544573817,0.884801299,not_preferentially_represent,YGR140W,48,12.012357712997245,4.185490492333535,not_preferentially_represent
YFL022C,1512,10,5.847433444512535,0.884246912,not_preferentially_represent,YFL022C,1844,461.4747421409775,305.4101536340023,not_preferentially_represent
YIL013C,4236,28,16.372813644635098,0.883745923,not_preferentially_represent,YIL013C,66,16.516991855371213,3.9001161405835214,not_preferentially_represent
YDR125C,1362,9,5.262690100061281,0.88346784,not_preferentially_represent,YDR125C,27,6.756951213560951,4.964695968817745,not_preferentially_represent
YPL005W,1821,12,7.0169201334150415,0.881042064,not_preferentially_represent,YPL005W,27,6.756951213560951,3.7126105569016215,not_preferentially_represent
YFR015C,2127,14,8.186406822317549,0.880006518,not_preferentially_represent,YFR015C,108,27.027804854243804,12.712984409333869,not_preferentially_represent
YBL011W,2280,15,8.771150166768802,0.879592981,not_preferentially_represent,YBL011W,301,75.32749315858689,33.05287106563708,not_preferentially_represent
YJR102C,609,4,2.338973377805014,0.878148658,not_preferentially_represent,YJR102C,87,21.772398354807507,35.80986571514393,not_preferentially_represent
YIL049W,762,5,2.9237167222562674,0.877284338,not_preferentially_represent,YIL049W,109,27.278062306597914,35.845022741915784,not_preferentially_represent
YCL069W,1377,9,5.262690100061281,0.873844007,not_preferentially_represent,YCL069W,1,0.2502574523541093,0.18187314851316083,not_preferentially_represent
YJL004C,612,4,2.338973377805014,0.873844007,not_preferentially_represent,YJL004C,121,30.281151734847224,49.559986472745045,not_preferentially_represent
YOL019W-A,153,1,0.5847433444512535,0.873844007,not_preferentially_represent,YOL019W-A,1,0.2502574523541093,1.6464306075928243,not_preferentially_represent
YPR192W,918,6,3.5084600667075208,0.873844007,not_preferentially_represent,YPR192W,14,3.5036043329575297,3.820724463421516,not_preferentially_represent
YMR004W,1536,10,5.847433444512535,0.870430554,not_preferentially_represent,YMR004W,30,7.507723570623279,4.891025127441876,not_preferentially_represent
YNR036C,462,3,1.7542300333537604,0.868169696,not_preferentially_represent,YNR036C,414,103.60658527460124,224.7431350859029,not_preferentially_represent
YDL128W,1236,8,4.677946755610028,0.865360085,not_preferentially_represent,YDL128W,1451,363.1235633658126,294.0271768144231,not_preferentially_represent
YDR056C,618,4,2.338973377805014,0.865360085,not_preferentially_represent,YDR056C,248,62.0638481838191,100.58970532223518,not_preferentially_represent
YER094C,618,4,2.338973377805014,0.865360085,not_preferentially_represent,YER094C,562,140.6446882230094,227.9492515770007,not_preferentially_represent
YLR465C,309,2,1.169486688902507,0.865360085,not_preferentially_represent,YLR465C,6,1.5015447141246556,1.61630216805668,not_preferentially_represent
YMR141C,309,2,1.169486688902507,0.865360085,not_preferentially_represent,YMR141C,10,2.502574523541093,8.125241959549003,not_preferentially_represent
YOL118C,309,2,1.169486688902507,0.865360085,not_preferentially_represent,YOL118C,24,6.0061788564986225,19.500580702917606,not_preferentially_represent
YPR203W,309,2,1.169486688902507,0.865360085,not_preferentially_represent,YPR203W,2,0.5005149047082186,1.6250483919098007,not_preferentially_represent
YGR296W,5728,37,21.63550374469638,0.863622718,not_preferentially_represent,YGR296W,156,39.04016256724105,6.816860933689724,not_preferentially_represent
YOR138C,2016,13,7.601663477866295,0.86214074,not_preferentially_represent,YOR138C,186,46.547886137864324,23.100687909610087,not_preferentially_represent
YPR002W,1551,10,5.847433444512535,0.862012464,not_preferentially_represent,YPR002W,19,4.754891594728076,3.067671996598759,not_preferentially_represent
YGR241C,1707,11,6.432176788963788,0.861557976,not_preferentially_represent,YGR241C,296,74.07620589681635,43.42098821618778,not_preferentially_represent
YMR245W,621,4,2.338973377805014,0.861179602,not_preferentially_represent,YMR245W,68,17.01750676007943,27.447591548515213,not_preferentially_represent
YOL152W,1863,12,7.0169201334150415,0.861179602,not_preferentially_represent,YOL152W,21,5.255406499436296,2.8224524701591274,not_preferentially_represent
YCL047C,777,5,2.9237167222562674,0.860348347,not_preferentially_represent,YCL047C,61,15.265704593600665,19.67229973402148,not_preferentially_represent
YDR090C,933,6,3.5084600667075208,0.859795068,not_preferentially_represent,YDR090C,177,44.29556906667734,47.52743462089844,not_preferentially_represent
YHR199C,933,6,3.5084600667075208,0.859795068,not_preferentially_represent,YHR199C,222,55.557154422612264,59.61068071095736,not_preferentially_represent
YNR044W,2178,14,8.186406822317549,0.859400305,not_preferentially_represent,YNR044W,373,93.34602972808277,42.878286508076606,not_preferentially_represent
YMR308C,3270,21,12.279610233476323,0.858611864,not_preferentially_represent,YMR308C,706,176.68176136200114,54.04764801529555,not_preferentially_represent
YML087C,939,6,3.5084600667075208,0.85430117,not_preferentially_represent,YML087C,22,5.505663951790404,5.8695777737637576,not_preferentially_represent
YDR207C,2511,16,9.355893511220057,0.851919606,not_preferentially_represent,YDR207C,27,6.756951213560951,2.692012435681654,not_preferentially_represent
YIL055C,1884,12,7.0169201334150415,0.851580466,not_preferentially_represent,YIL055C,18,4.504634142373967,2.392264547198071,not_preferentially_represent
YOR334W,1413,9,5.262690100061281,0.851580466,not_preferentially_represent,YOR334W,24,6.0061788564986225,4.253667745395625,not_preferentially_represent
YML083C,1257,8,4.677946755610028,0.850902995,not_preferentially_represent,YML083C,12,3.0030894282493112,2.39099476771442,not_preferentially_represent
YIL113W,630,4,2.338973377805014,0.848877036,not_preferentially_represent,YIL113W,33,8.258495927685606,13.12956427295009,not_preferentially_represent
YFR013W,2364,15,8.771150166768802,0.848338408,not_preferentially_represent,YFR013W,57,14.264674784184228,6.0366799763792764,not_preferentially_represent
YER178W,1263,8,4.677946755610028,0.846860701,not_preferentially_represent,YER178W,4386,1097.6291860251233,869.7537131736318,not_preferentially_represent
YCR073W-A,948,6,3.5084600667075208,0.846190716,not_preferentially_represent,YCR073W-A,163,40.791964733719816,43.074936360844575,not_preferentially_represent
YEL034W,474,3,1.7542300333537604,0.846190716,not_preferentially_represent,YEL034W,16579,4149.018302578778,6892.05698102787,preferentially_represented
YPR026W,3636,23,13.449096922378828,0.845725265,not_preferentially_represent,YPR026W,24,6.0061788564986225,1.6523188050890296,not_preferentially_represent
YBL015W,1581,10,5.847433444512535,0.845655491,not_preferentially_represent,YBL015W,153,38.28939021017872,24.233791272265012,not_preferentially_represent
YDR545W,5391,34,19.88127371134262,0.843208408,not_preferentially_represent,YDR545W,138,34.53552842486708,6.407333659530071,not_preferentially_represent
YBR071W,636,4,2.338973377805014,0.840868762,not_preferentially_represent,YBR071W,269,67.3192546832554,106.0145743043392,not_preferentially_represent
YHR218W-A,318,2,1.169486688902507,0.840868762,not_preferentially_represent,YHR218W-A,6,1.5015447141246556,4.736734113957905,not_preferentially_represent
YPR160W,2709,17,9.94063685567131,0.839006373,not_preferentially_represent,YPR160W,99,24.77548778305682,9.148998442783169,not_preferentially_represent
YDL040C,2565,16,9.355893511220057,0.833984456,not_preferentially_represent,YDL040C,296,74.07620589681635,28.89087593479577,not_preferentially_represent
YHR195W,966,6,3.5084600667075208,0.830423187,not_preferentially_represent,YHR195W,162,40.54170728136571,42.012131897788294,not_preferentially_represent
YNL339W-B,483,3,1.7542300333537604,0.830423187,not_preferentially_represent,YNL339W-B,14,3.5036043329575297,7.268888657588237,not_preferentially_represent
YKL007W,807,5,2.9237167222562674,0.828365137,not_preferentially_represent,YKL007W,212,53.05457989907117,65.82454081770616,not_preferentially_represent
YNL098C,969,6,3.5084600667075208,0.827852218,not_preferentially_represent,YNL098C,201,50.30174792317597,51.96461562311567,not_preferentially_represent
YIL045W,1617,10,5.847433444512535,0.826828282,not_preferentially_represent,YIL045W,20,5.005149047082186,3.097245697451848,not_preferentially_represent
YAR068W,486,3,1.7542300333537604,0.825297118,not_preferentially_represent,YAR068W,24,6.0061788564986225,12.383873930924995,not_preferentially_represent
YCR013C,648,4,2.338973377805014,0.825297118,not_preferentially_represent,YCR013C,9877,2471.7928569015376,3820.39081437641,not_preferentially_represent
YDR269C,324,2,1.169486688902507,0.825297118,not_preferentially_represent,YDR269C,2,0.5005149047082186,1.5495817483226582,not_preferentially_represent
YPR154W,648,4,2.338973377805014,0.825297118,not_preferentially_represent,YPR154W,174,43.544796709615014,67.30262242598921,not_preferentially_represent
YNL066W,1621,10,5.847433444512535,0.82478799,not_preferentially_represent,YNL066W,3029,758.0298231805971,467.91964393864015,not_preferentially_represent
YML085C,1460,9,5.262690100061281,0.824166574,not_preferentially_represent,YML085C,1321,330.5900945597784,226.58676803274733,not_preferentially_represent
YDL054C,1461,9,5.262690100061281,0.823602463,not_preferentially_represent,YDL054C,170,42.543766900198584,29.139566369999027,not_preferentially_represent
YLL001W,2274,14,8.186406822317549,0.823119553,not_preferentially_represent,YLL001W,58,14.514932236538339,6.385803887610356,not_preferentially_represent
YGL037C,651,4,2.338973377805014,0.821493906,not_preferentially_represent,YGL037C,528,132.1359348429697,203.28605360456876,not_preferentially_represent
YLR103C,1953,12,7.0169201334150415,0.821493906,not_preferentially_represent,YLR103C,20,5.005149047082186,2.564113241333087,not_preferentially_represent
YJL053W,1140,7,4.0932034111587745,0.820953449,not_preferentially_represent,YJL053W,68,17.01750676007943,14.940743424125928,not_preferentially_represent
YDL132W,2448,15,8.771150166768802,0.819228757,not_preferentially_represent,YDL132W,84,21.021625997745183,8.590774825396478,not_preferentially_represent
YPR011C,981,6,3.5084600667075208,0.817725585,not_preferentially_represent,YPR011C,110,27.528319758952023,28.090122203012267,not_preferentially_represent
YCL024W,3114,19,11.110123544573817,0.815756111,not_preferentially_represent,YCL024W,48,12.012357712997245,3.8587721532275125,not_preferentially_represent
YJR093C,984,6,3.5084600667075208,0.815232519,not_preferentially_represent,YJR093C,163,40.791964733719816,41.49742088882992,not_preferentially_represent
YER054C,1647,10,5.847433444512535,0.811767657,not_preferentially_represent,YER054C,7,1.7518021664787649,1.0642783514451792,not_preferentially_represent
YDL196W,330,2,1.169486688902507,0.810291716,not_preferentially_represent,YDL196W,1,0.2502574523541093,0.7606609494045875,not_preferentially_represent
YJR048W,330,2,1.169486688902507,0.810291716,not_preferentially_represent,YJR048W,721,180.4356231473128,548.4365445207076,not_preferentially_represent
YKR097W,1650,10,5.847433444512535,0.810291716,not_preferentially_represent,YKR097W,23,5.755921404144513,3.490552701118565,not_preferentially_represent
YLR157W-E,165,1,0.5847433444512535,0.810291716,not_preferentially_represent,YLR157W-E,1,0.2502574523541093,1.5259600753299347,not_preferentially_represent
YOR142W,990,6,3.5084600667075208,0.810291716,not_preferentially_represent,YOR142W,900,225.23170711869835,227.73681205126223,not_preferentially_represent
YOR145C,825,5,2.9237167222562674,0.810291716,not_preferentially_represent,YOR145C,955,238.9958669981744,290.04352791040577,not_preferentially_represent
YIL116W,1158,7,4.0932034111587745,0.808192515,not_preferentially_represent,YIL116W,294,73.57569099210814,63.591781324207545,not_preferentially_represent
YNR008W,1986,12,7.0169201334150415,0.807843705,not_preferentially_represent,YNR008W,83,20.771368545391073,10.464165514050917,not_preferentially_represent
YBR200W,1656,10,5.847433444512535,0.807355876,not_preferentially_represent,YBR200W,30,7.507723570623279,4.536388864424942,not_preferentially_represent
YBL093C,663,4,2.338973377805014,0.806625238,not_preferentially_represent,YBL093C,202,50.55200537553008,76.36254588448652,not_preferentially_represent
YBR066C,663,4,2.338973377805014,0.806625238,not_preferentially_represent,YBR066C,124,31.03192409190955,46.8760182657244,not_preferentially_represent
YEL046C,1164,7,4.0932034111587745,0.804026574,not_preferentially_represent,YEL046C,1568,392.4036852912434,337.40643619195475,not_preferentially_represent
YBL094C,333,2,1.169486688902507,0.802991791,not_preferentially_represent,YBL094C,29,7.2574661182691695,21.859837705630028,not_preferentially_represent
YJL225C,5665,34,19.88127371134262,0.802424806,not_preferentially_represent,YJL225C,232,58.059728946153356,10.250658359137246,not_preferentially_represent
YJL163C,1668,10,5.847433444512535,0.801547561,not_preferentially_represent,YJL163C,39,9.760040641810262,5.8548534144032764,not_preferentially_represent
YDR055W,1335,8,4.677946755610028,0.801187315,not_preferentially_represent,YDR055W,1106,276.7847423036449,207.48481432057338,not_preferentially_represent
YER066C-A,501,3,1.7542300333537604,0.800587624,not_preferentially_represent,YER066C-A,21,5.255406499436296,10.51081299887259,not_preferentially_represent
YLR074C,501,3,1.7542300333537604,0.800587624,not_preferentially_represent,YLR074C,348,87.08959341923003,174.17918683846005,not_preferentially_represent
YGL210W,669,4,2.338973377805014,0.799390931,not_preferentially_represent,YGL210W,218,54.55612461319583,50.56174662946786,not_preferentially_represent
YDL019C,3852,23,13.449096922378828,0.798301418,not_preferentially_represent,YDL019C,101,25.27600268776504,6.563490700536234,not_preferentially_represent
YLL043W,2010,12,7.0169201334150415,0.79819781,not_preferentially_represent,YLL043W,136,34.03501352015886,16.94127104039764,not_preferentially_represent
YDR521W,336,2,1.169486688902507,0.795822221,not_preferentially_represent,YDR521W,1,0.2502574523541093,0.7470371712062964,not_preferentially_represent
YFL042C,2025,12,7.0169201334150415,0.792285233,not_preferentially_represent,YFL042C,57,14.264674784184228,7.047764221434896,not_preferentially_represent
YDL042C,1689,10,5.847433444512535,0.791581605,not_preferentially_represent,YDL042C,108,27.027804854243804,16.011732733556755,not_preferentially_represent
YLR017W,1014,6,3.5084600667075208,0.791113214,not_preferentially_represent,YLR017W,930,232.73943068932164,229.75264628758305,not_preferentially_represent
YOR347C,1521,9,5.262690100061281,0.791113214,not_preferentially_represent,YOR347C,87,21.772398354807507,14.323946286057572,not_preferentially_represent
YFL061W,678,4,2.338973377805014,0.788779547,not_preferentially_represent,YFL061W,11,2.752831975895202,4.066221530125852,not_preferentially_represent
YGR201C,678,4,2.338973377805014,0.788779547,not_preferentially_represent,YGR201C,176,44.04531161432323,65.05954448201364,not_preferentially_represent
YKL153W,510,3,1.7542300333537604,0.786459607,not_preferentially_represent,YKL153W,12402,3103.692924095664,6097.628534569083,preferentially_represented
YGL217C,342,2,1.169486688902507,0.781860428,not_preferentially_represent,YGL217C,4,1.0010298094164372,2.9355712886112526,not_preferentially_represent
YLL066W-B,171,1,0.5847433444512535,0.781860428,not_preferentially_represent,YLL066W-B,1,0.2502574523541093,1.4721026609065253,not_preferentially_represent
YOL109W,342,2,1.169486688902507,0.781860428,not_preferentially_represent,YOL109W,2839,710.4809072333162,2083.5217220918366,not_preferentially_represent
YOR053W,342,2,1.169486688902507,0.781860428,not_preferentially_represent,YOR053W,19,4.754891594728076,13.94396362090345,not_preferentially_represent
YGR249W,1371,8,4.677946755610028,0.780149573,not_preferentially_represent,YGR249W,62,15.515962045954774,11.32551974157283,not_preferentially_represent
YOR323C,1371,8,4.677946755610028,0.780149573,not_preferentially_represent,YOR323C,766,191.6972085032477,139.92496971039978,not_preferentially_represent
YCL022C,516,3,1.7542300333537604,0.777314728,not_preferentially_represent,YCL022C,11,2.752831975895202,5.345304807563499,not_preferentially_represent
YDR404C,516,3,1.7542300333537604,0.777314728,not_preferentially_represent,YDR404C,504,126.1297559864711,244.91214754654578,not_preferentially_represent
YLR328W,1206,7,4.0932034111587745,0.776025648,not_preferentially_represent,YLR328W,177,44.29556906667734,36.75980835408908,not_preferentially_represent
YLR428C,345,2,1.169486688902507,0.775061641,not_preferentially_represent,YLR428C,11,2.752831975895202,8.002418534579077,not_preferentially_represent
YIL034C,864,5,2.9237167222562674,0.773716048,not_preferentially_represent,YIL034C,456,114.11739827347382,132.23336995767536,not_preferentially_represent
YCR005C,1383,8,4.677946755610028,0.77338038,not_preferentially_represent,YCR005C,758,189.69514888441483,137.2613233606475,not_preferentially_represent
YLR005W,1386,8,4.677946755610028,0.771706396,not_preferentially_represent,YLR005W,139,34.78578587722119,25.116090886080283,not_preferentially_represent
YOR007C,1041,6,3.5084600667075208,0.770594427,not_preferentially_represent,YOR007C,1121,280.5386040889565,269.7486577778428,not_preferentially_represent
YDR009W,1563,9,5.262690100061281,0.769854893,not_preferentially_represent,YDR009W,18,4.504634142373967,2.8838886955018994,not_preferentially_represent
YGR176W,348,2,1.169486688902507,0.768380076,not_preferentially_represent,YGR176W,60,15.015447141246558,43.27218196324656,not_preferentially_represent
YHR194W,1740,10,5.847433444512535,0.768380076,not_preferentially_represent,YHR194W,112,28.028834663660238,74.94340819160492,not_preferentially_represent
YHR098C,2790,16,9.355893511220057,0.766727645,not_preferentially_represent,YHR098C,277,69.32131430208827,24.855257906808273,not_preferentially_represent
YHR216W,1572,9,5.262690100061281,0.765447327,not_preferentially_represent,YHR216W,385,96.34911915633208,61.329802136430345,not_preferentially_represent
YOR111W,699,4,2.338973377805014,0.765082307,not_preferentially_represent,YOR111W,51,12.763130070059574,18.28528663332317,not_preferentially_represent
YJR019C,1050,6,3.5084600667075208,0.763989332,not_preferentially_represent,YJR019C,154,38.53964766253283,36.73941626552224,not_preferentially_represent
YAL005C,1929,11,6.432176788963788,0.762405114,not_preferentially_represent,YAL005C,1890,472.98658494926656,245.32499219360298,not_preferentially_represent
YDR154C,351,2,1.169486688902507,0.761812724,not_preferentially_represent,YDR154C,476,119.12254732055602,340.3501352015886,not_preferentially_represent
YKL150W,1053,6,3.5084600667075208,0.761812724,not_preferentially_represent,YKL150W,440,110.11327903580809,104.67041733441833,not_preferentially_represent
YOL115W,1755,10,5.847433444512535,0.761812724,not_preferentially_represent,YOL115W,109,27.278062306597914,15.551916936486837,not_preferentially_represent
YPR157W,1404,8,4.677946755610028,0.761812724,not_preferentially_represent,YPR157W,102,25.52626014011915,18.19405569502434,not_preferentially_represent
YHR109W,1758,10,5.847433444512535,0.760512703,not_preferentially_represent,YHR109W,29,7.2574661182691695,4.130601091786664,not_preferentially_represent
YNL232W,879,5,2.9237167222562674,0.760512703,not_preferentially_represent,YNL232W,352,88.09062322864646,100.33100595517821,not_preferentially_represent
YBR145W,1056,6,3.5084600667075208,0.759648484,not_preferentially_represent,YBR145W,143,35.78681568663763,33.92115230960913,not_preferentially_represent
YBR254C,528,3,1.7542300333537604,0.759648484,not_preferentially_represent,YBR254C,163,40.791964733719816,77.4041076541173,not_preferentially_represent
YLR193C,528,3,1.7542300333537604,0.759648484,not_preferentially_represent,YLR193C,71,17.76827911714176,33.715899653020415,not_preferentially_represent
YIR038C,705,4,2.338973377805014,0.758570968,not_preferentially_represent,YIR038C,176,44.04531161432323,62.56436308852732,not_preferentially_represent
YDL174C,1764,10,5.847433444512535,0.757925925,not_preferentially_represent,YDL174C,272,68.07002704031773,38.61033865020858,not_preferentially_represent
YFL054C,1941,11,6.432176788963788,0.757691636,not_preferentially_represent,YFL054C,37,9.259525737102043,4.772951410877342,not_preferentially_represent
YIL152W,708,4,2.338973377805014,0.755356684,not_preferentially_represent,YIL152W,20,5.005149047082186,7.079418737032794,not_preferentially_represent
YJR056C,711,4,2.338973377805014,0.752169525,not_preferentially_represent,YJR056C,67,16.767249307725322,23.61584409538778,not_preferentially_represent
YKL221W,1422,8,4.677946755610028,0.752169525,not_preferentially_represent,YKL221W,8,2.0020596188328743,1.4089089506213048,not_preferentially_represent
YGR177C,1608,9,5.262690100061281,0.748310447,not_preferentially_represent,YGR177C,318,79.58186984860676,49.522009862231954,not_preferentially_represent
YER055C,894,5,2.9237167222562674,0.747752423,not_preferentially_represent,YER055C,2340,585.6024385086158,655.7698079603759,not_preferentially_represent
YGR017W,894,5,2.9237167222562674,0.747752423,not_preferentially_represent,YGR017W,87,21.772398354807507,24.381185167757568,not_preferentially_represent
YJL054W,1437,8,4.677946755610028,0.744318069,not_preferentially_represent,YJL054W,190,47.54891594728076,33.11205845910917,not_preferentially_represent
YLR304C,2337,13,7.601663477866295,0.743720895,not_preferentially_represent,YLR304C,1722,430.9433329537762,184.479166504185,not_preferentially_represent
YJL215C,360,2,1.169486688902507,0.742767406,not_preferentially_represent,YJL215C,3,0.7507723570623278,2.091287902680579,not_preferentially_represent
YKL096W,720,4,2.338973377805014,0.742767406,not_preferentially_represent,YKL096W,1653,413.67556874134266,1488.0416141774915,not_preferentially_represent
YMR009W,540,3,1.7542300333537604,0.742767406,not_preferentially_represent,YMR009W,208,52.053550089654735,96.57430443349672,not_preferentially_represent
YPR159W,2163,12,7.0169201334150415,0.741737216,not_preferentially_represent,YPR159W,1268,317.3264495850106,146.77449101989387,not_preferentially_represent
YDL055C,1086,6,3.5084600667075208,0.738663719,not_preferentially_represent,YDL055C,7173,1795.096705736026,1654.4670098949548,not_preferentially_represent
YHR031C,2172,12,7.0169201334150415,0.738663719,not_preferentially_represent,YHR031C,56,14.014417331830119,6.455282050589646,not_preferentially_represent
YOR046C,1449,8,4.677946755610028,0.738153944,not_preferentially_represent,YOR046C,205,51.3027777325924,35.43009511919365,not_preferentially_represent
YBL092W,726,4,2.338973377805014,0.736628833,not_preferentially_represent,YBL092W,7123,1782.5838331183206,2458.736321542511,not_preferentially_represent
YLR461W,363,2,1.169486688902507,0.736628833,not_preferentially_represent,YLR461W,1,0.2502574523541093,0.691318929154998,not_preferentially_represent
YPL091W,1452,8,4.677946755610028,0.736628833,not_preferentially_represent,YPL091W,603,150.90524376952789,104.00085718092895,not_preferentially_represent
YHR030C,1455,8,4.677946755610028,0.73511001,not_preferentially_represent,YHR030C,528,132.1359348429697,90.87753427989664,not_preferentially_represent
YLR316C,1093,6,3.5084600667075208,0.733933027,not_preferentially_represent,YLR316C,184,46.047371233156106,42.167922374685084,not_preferentially_represent
YPR033C,1641,9,5.262690100061281,0.733262156,not_preferentially_represent,YPR033C,929,232.48917323696753,141.76169099815093,not_preferentially_represent
YIL177C,5665,31,18.127043677988855,0.731622617,not_preferentially_represent,YIL177C,221,55.30689697025816,9.764635764522978,not_preferentially_represent
YBR084W,2928,16,9.355893511220057,0.730590892,not_preferentially_represent,YBR084W,803,200.95673424034976,68.6562125863853,not_preferentially_represent
YDR273W,1098,6,3.5084600667075208,0.730590892,not_preferentially_represent,YDR273W,5,1.2512872617705466,1.140644723582996,not_preferentially_represent
YHR072W,2196,12,7.0169201334150415,0.730590892,not_preferentially_represent,YHR072W,946,236.74354992698738,739.8235935218356,not_preferentially_represent
YPR147C,915,5,2.9237167222562674,0.730590892,not_preferentially_represent,YPR147C,276,69.07105684973416,75.57008408067195,not_preferentially_represent
YBL104C,3117,17,9.94063685567131,0.729184557,not_preferentially_represent,YBL104C,70,17.51802166478765,5.62195817226818,not_preferentially_represent
YHR041C,734,4,2.338973377805014,0.728600181,not_preferentially_represent,YHR041C,386,96.59937660868619,131.78632552344638,not_preferentially_represent
YJR024C,735,4,2.338973377805014,0.727608888,not_preferentially_represent,YJR024C,570,142.64674784184228,194.34161831313665,not_preferentially_represent
YDR394W,1287,7,4.0932034111587745,0.727184873,not_preferentially_represent,YDR394W,353,88.34088068100057,68.6943084611202,not_preferentially_represent
YNL034W,1839,10,5.847433444512535,0.727015406,not_preferentially_represent,YNL034W,14,3.5036043329575297,1.9062047513370675,not_preferentially_represent
YHR078W,1659,9,5.262690100061281,0.725306328,not_preferentially_represent,YHR078W,255,63.815650350297865,38.489535796319586,not_preferentially_represent
YCR102C,1107,6,3.5084600667075208,0.724651128,not_preferentially_represent,YCR102C,23,5.755921404144513,5.204268900673159,not_preferentially_represent
YJL055W,738,4,2.338973377805014,0.724651128,not_preferentially_represent,YJL055W,248,62.0638481838191,84.2114629359825,not_preferentially_represent
YMR123W,369,2,1.169486688902507,0.724651128,not_preferentially_represent,YMR123W,461,115.36868553524438,313.50186286751193,not_preferentially_represent
YOL129W,555,3,1.7542300333537604,0.722692612,not_preferentially_represent,YOL129W,449,112.36559610699507,202.82598575269867,not_preferentially_represent
YDL127W,927,5,2.9237167222562674,0.721133404,not_preferentially_represent,YDL127W,74,18.519051474204087,19.998975674086488,not_preferentially_represent
YKL152C,744,4,2.338973377805014,0.718807167,not_preferentially_represent,YKL152C,18208,4556.687692463623,6132.823273840676,preferentially_represented
YNL220W,1302,7,4.0932034111587745,0.718807167,not_preferentially_represent,YNL220W,549,137.391341342406,105.60441302260261,not_preferentially_represent
YOL124C,1302,7,4.0932034111587745,0.718807167,not_preferentially_represent,YOL124C,76,19.019566378912305,14.619190145205462,not_preferentially_represent
YPL025C,558,3,1.7542300333537604,0.718807167,not_preferentially_represent,YPL025C,7,1.7518021664787649,3.1450667261737255,not_preferentially_represent
YMR307W,1680,9,5.262690100061281,0.716239999,not_preferentially_represent,YMR307W,10440,2612.687802576901,1556.0975596050632,not_preferentially_represent
YJL098W,3177,17,9.94063685567131,0.715413366,not_preferentially_represent,YJL098W,40,10.010298094164373,3.1518570825454573,not_preferentially_represent
YGR137W,375,2,1.169486688902507,0.71305671,not_preferentially_represent,YGR137W,26,6.506693761206842,17.39757690162257,not_preferentially_represent
YHR193C-A,375,2,1.169486688902507,0.71305671,not_preferentially_represent,YHR193C-A,24,6.0061788564986225,16.059301755343913,not_preferentially_represent
YMR309C,2439,13,7.601663477866295,0.712618176,not_preferentially_represent,YMR309C,219,54.80638206554994,22.48005827134944,not_preferentially_represent
YKL187C,2253,12,7.0169201334150415,0.712107234,not_preferentially_represent,YKL187C,70,17.51802166478765,7.778872852925244,not_preferentially_represent
YGR087C,1692,9,5.262690100061281,0.711160283,not_preferentially_represent,YGR087C,4,1.0010298094164372,0.5919750499210155,not_preferentially_represent
YCR076C,753,4,2.338973377805014,0.710215847,not_preferentially_represent,YCR076C,57,14.264674784184228,18.9689824257769,not_preferentially_represent
YGL148W,1131,6,3.5084600667075208,0.709273916,not_preferentially_represent,YGL148W,1606,401.9134684806995,355.6756358236279,not_preferentially_represent
YER152W-A,567,3,1.7542300333537604,0.70739753,not_preferentially_represent,YER152W-A,78,19.520081283620524,34.487776119470894,not_preferentially_represent
YNL063W,945,5,2.9237167222562674,0.70739753,not_preferentially_represent,YNL063W,90,22.523170711869835,23.85929100833669,not_preferentially_represent
YOR179C,567,3,1.7542300333537604,0.70739753,not_preferentially_represent,YOR179C,27,6.756951213560951,11.938076349047616,not_preferentially_represent
YBL061C,2091,11,6.432176788963788,0.70333786,not_preferentially_represent,YBL061C,64,16.016476950662994,7.663386100795691,not_preferentially_represent
YOR181W,1902,10,5.847433444512535,0.702934454,not_preferentially_represent,YOR181W,55,13.764159879476011,7.240483892412421,not_preferentially_represent
YLR458W,381,2,1.169486688902507,0.701827471,not_preferentially_represent,YLR458W,1,0.2502574523541093,0.6585722430371297,not_preferentially_represent
YMR007W,381,2,1.169486688902507,0.701827471,not_preferentially_represent,YMR007W,10,2.502574523541093,6.585722430371297,not_preferentially_represent
YHR190W,1335,7,4.0932034111587745,0.7010389,not_preferentially_represent,YHR190W,828,207.2131705492025,155.33221180599887,not_preferentially_represent
YIR028W,1908,10,5.847433444512535,0.700723968,not_preferentially_represent,YIR028W,57,14.264674784184228,7.480165067742123,not_preferentially_represent
YPR013C,954,5,2.9237167222562674,0.700723968,not_preferentially_represent,YPR013C,57,14.264674784184228,14.96817920690895,not_preferentially_represent
YEL050W-A,192,1,0.5847433444512535,0.696344443,not_preferentially_represent,YEL050W-A,35,8.759010832393825,45.85869545755929,not_preferentially_represent
YFL041W-A,192,1,0.5847433444512535,0.696344443,not_preferentially_represent,YFL041W-A,3,0.7507723570623278,3.9307453249336537,not_preferentially_represent
YCL050C,966,5,2.9237167222562674,0.692019323,not_preferentially_represent,YCL050C,662,165.67043345842035,171.67920565639415,not_preferentially_represent
YBR016W,387,2,1.169486688902507,0.690946425,not_preferentially_represent,YBR016W,228,57.05869913673691,147.82046408481068,not_preferentially_represent
YMR143W,976,5,2.9237167222562674,0.684928961,not_preferentially_represent,YMR143W,3825,957.234755254468,981.7792361584287,not_preferentially_represent
YLL028W,1761,9,5.262690100061281,0.683295399,not_preferentially_represent,YLL028W,259,64.8166801597143,36.827659181655854,not_preferentially_represent
YCR075C,783,4,2.338973377805014,0.683004512,not_preferentially_represent,YCR075C,77,19.269823831266415,24.64171845430488,not_preferentially_represent
YBR237W,2550,13,7.601663477866295,0.681598326,not_preferentially_represent,YBR237W,16,4.004119237665749,1.5708588613831889,not_preferentially_represent
YNL217W,981,5,2.9237167222562674,0.681437987,not_preferentially_represent,YNL217W,457,114.36765572582794,116.70168951615096,not_preferentially_represent
YER166W,4716,24,14.033840266830083,0.680397624,not_preferentially_represent,YER166W,219,54.80638206554994,153.9505114200841,not_preferentially_represent
YHR059W,393,2,1.169486688902507,0.680397624,not_preferentially_represent,YHR059W,30,7.507723570623279,19.152356047508363,not_preferentially_represent
YOL157C,1770,9,5.262690100061281,0.679821016,not_preferentially_represent,YOL157C,21,5.255406499436296,2.9708346520273006,not_preferentially_represent
YML086C,1581,8,4.677946755610028,0.676524393,not_preferentially_represent,YML086C,619,154.90936300719363,98.04390063746433,not_preferentially_represent
YBR162W-A,198,1,0.5847433444512535,0.675243097,not_preferentially_represent,YBR162W-A,356,89.0916530380629,452.241893594228,not_preferentially_represent
YCR102W-A,198,1,0.5847433444512535,0.675243097,not_preferentially_represent,YCR102W-A,1,0.2502574523541093,1.2703423977365953,not_preferentially_represent
YHR132W-A,396,2,1.169486688902507,0.675243097,not_preferentially_represent,YHR132W-A,105,26.277032497181477,66.5241329042569,not_preferentially_represent
YDR267C,993,5,2.9237167222562674,0.673203087,not_preferentially_represent,YDR267C,114,28.529349568368456,28.759424968113365,not_preferentially_represent
YKL141W,597,3,1.7542300333537604,0.671849915,not_preferentially_represent,YKL141W,455,113.86714082111972,191.0522496998653,not_preferentially_represent
YGR080W,999,5,2.9237167222562674,0.669159826,not_preferentially_represent,YGR080W,193,48.29968830434309,48.39648126687685,not_preferentially_represent
YJL052W,999,5,2.9237167222562674,0.669159826,not_preferentially_represent,YJL052W,548,137.14108389005187,137.41591572149488,not_preferentially_represent
YKL145W,1404,7,4.0932034111587745,0.666586134,not_preferentially_represent,YKL145W,300,75.07723570623278,53.511928514777466,not_preferentially_represent
YBL012C,402,2,1.169486688902507,0.665164842,not_preferentially_represent,YBL012C,27,6.756951213560951,16.85025240289514,not_preferentially_represent
YDR157W,402,2,1.169486688902507,0.665164842,not_preferentially_represent,YDR157W,27,6.756951213560951,16.85025240289514,not_preferentially_represent
YDR524C-B,201,1,0.5847433444512535,0.665164842,not_preferentially_represent,YDR524C-B,4458,1115.6477225946192,4667.982102906357,preferentially_represented
YIL156W-A,402,2,1.169486688902507,0.665164842,not_preferentially_represent,YIL156W-A,44,11.011327903580808,27.459670582495782,not_preferentially_represent
YNL292W,1212,6,3.5084600667075208,0.661871946,not_preferentially_represent,YNL292W,67,16.767249307725322,13.845788032803734,not_preferentially_represent
YOL012C,405,2,1.169486688902507,0.660237695,not_preferentially_represent,YOL012C,229,57.308956589091025,141.8538529432946,not_preferentially_represent
YPL062W,405,2,1.169486688902507,0.660237695,not_preferentially_represent,YPL062W,1,0.2502574523541093,0.6194491394903695,not_preferentially_represent
YLR462W,609,3,1.7542300333537604,0.658611493,not_preferentially_represent,YLR462W,9,2.2523170711869835,3.704468867083855,not_preferentially_represent
YOL114C,609,3,1.7542300333537604,0.658611493,not_preferentially_represent,YOL114C,10,2.502574523541093,4.1160765189820605,not_preferentially_represent
YJL088W,1017,5,2.9237167222562674,0.657316289,not_preferentially_represent,YJL088W,24,6.0061788564986225,5.911593362695495,not_preferentially_represent
YKL193C,1017,5,2.9237167222562674,0.657316289,not_preferentially_represent,YKL193C,41,10.260555546518482,10.098971994604804,not_preferentially_represent
YAR066W,612,3,1.7542300333537604,0.655383006,not_preferentially_represent,YAR066W,27,6.756951213560951,11.058839956728233,not_preferentially_represent
YGL200C,612,3,1.7542300333537604,0.655383006,not_preferentially_represent,YGL200C,1438,359.87021648520914,588.9856243620444,not_preferentially_represent
YHR214W,612,3,1.7542300333537604,0.655383006,not_preferentially_represent,YHR214W,35,8.759010832393825,14.335533277240303,not_preferentially_represent
YHR097C,1225,6,3.5084600667075208,0.654847999,not_preferentially_represent,YHR097C,138,34.53552842486708,23.039044979897987,not_preferentially_represent
YGR002C,1431,7,4.0932034111587745,0.654009037,not_preferentially_represent,YGR002C,59,14.765189688892448,10.325307474749964,not_preferentially_represent
YNL064C,1230,6,3.5084600667075208,0.652186015,not_preferentially_represent,YNL064C,608,152.15653103129844,123.80515136802153,not_preferentially_represent
YOR134W,1230,6,3.5084600667075208,0.652186015,not_preferentially_represent,YOR134W,53,13.263644974767793,10.792225365962402,not_preferentially_represent
YKR019C,1848,9,5.262690100061281,0.651127272,not_preferentially_represent,YKR019C,59,14.765189688892448,7.994147097397103,not_preferentially_represent
YFR052W,825,4,2.338973377805014,0.648233373,not_preferentially_represent,YFR052W,274,68.57054194502594,83.21667711774994,not_preferentially_represent
YKR102W,3510,17,9.94063685567131,0.647540816,not_preferentially_represent,YKR102W,45,11.261585355934917,3.209343219132208,not_preferentially_represent
YBR126W-A,207,1,0.5847433444512535,0.645884701,not_preferentially_represent,YBR126W-A,116,29.029864473076678,140.92167219940134,not_preferentially_represent
YDR156W,414,2,1.169486688902507,0.645884701,not_preferentially_represent,YDR156W,590,147.65189688892448,357.5106462201561,not_preferentially_represent
YBR112C,2901,14,8.186406822317549,0.645216775,not_preferentially_represent,YBR112C,101,25.27600268776504,8.715862995781048,not_preferentially_represent
YER041W,2280,11,6.432176788963788,0.645034853,not_preferentially_represent,YER041W,22,5.505663951790404,2.4158244632691552,not_preferentially_represent
YLR466W,4149,20,11.69486688902507,0.64448365,not_preferentially_represent,YLR466W,137,34.28527097251297,36.90556617062753,not_preferentially_represent
YJL174W,831,4,2.338973377805014,0.643552987,not_preferentially_represent,YJL174W,453,113.36662591641151,136.58629628483314,not_preferentially_represent
YIL131C,1455,7,4.0932034111587745,0.643221259,not_preferentially_represent,YIL131C,145,36.28733059134585,24.956898618532218,not_preferentially_represent
YNL219C,1668,8,4.677946755610028,0.641238049,not_preferentially_represent,YNL219C,615,153.9083331977772,92.32653461174398,not_preferentially_represent
YHL027W,1878,9,5.262690100061281,0.640725878,not_preferentially_represent,YHL027W,283,70.82285901621293,37.73194406830737,not_preferentially_represent
YML001W,627,3,1.7542300333537604,0.639703986,not_preferentially_represent,YML001W,441,110.3635364881622,176.2995790545722,not_preferentially_represent
YBR146W,837,4,2.338973377805014,0.638939704,not_preferentially_represent,YBR146W,120,30.030894282493115,35.9221223474798,not_preferentially_represent
YFR037C,1674,8,4.677946755610028,0.638939704,not_preferentially_represent,YFR037C,310,77.57981022977388,119.35355419965212,not_preferentially_represent
YJL084C,3141,15,8.771150166768802,0.638482011,not_preferentially_represent,YJL084C,95,23.77445797364038,7.571483431095663,not_preferentially_represent
YDR402C,1470,7,4.0932034111587745,0.636657777,not_preferentially_represent,YDR402C,5,1.2512872617705466,0.8517952769030268,not_preferentially_represent
YGL100W,1050,5,2.9237167222562674,0.636657777,not_preferentially_represent,YGL100W,359,89.84242539512523,85.64578207352262,not_preferentially_represent
YNL289W,840,4,2.338973377805014,0.636657777,not_preferentially_represent,YNL289W,49,12.262615165351356,14.615751091002807,not_preferentially_represent
YHR113W,1473,7,4.0932034111587745,0.635361122,not_preferentially_represent,YHR113W,307,76.82903787271155,52.193639859179044,not_preferentially_represent
YJL016W,1686,8,4.677946755610028,0.634392091,not_preferentially_represent,YJL016W,126,31.532438996617774,18.713613647844376,not_preferentially_represent
YDR049W,1899,9,5.262690100061281,0.633640441,not_preferentially_represent,YDR049W,27,6.756951213560951,21.51895290942978,not_preferentially_represent
YGR081C,633,3,1.7542300333537604,0.633640441,not_preferentially_represent,YGR081C,62,15.515962045954774,24.55057285752338,not_preferentially_represent
YLR076C,423,2,1.169486688902507,0.632142474,not_preferentially_represent,YLR076C,10448,2614.689862195734,6195.947540748184,preferentially_represented
YBR201W,636,3,1.7542300333537604,0.630651571,not_preferentially_represent,YBR201W,39,9.760040641810262,15.370142743008287,not_preferentially_represent
YNL278W,3183,15,8.771150166768802,0.630057178,not_preferentially_represent,YNL278W,75,18.769308926558196,5.898588600426837,not_preferentially_represent
YDL195W,3822,18,10.525380200122562,0.629661538,not_preferentially_represent,YDL195W,566,141.64571803242586,37.070326624555314,not_preferentially_represent
YHR218W,1911,9,5.262690100061281,0.629661538,not_preferentially_represent,YHR218W,29,7.2574661182691695,3.7997204807691984,not_preferentially_represent
YIR021W-A,213,1,0.5847433444512535,0.627690766,not_preferentially_represent,YIR021W-A,2,0.5005149047082186,2.3609193618312196,not_preferentially_represent
YNL020C,1917,9,5.262690100061281,0.627690766,not_preferentially_represent,YNL020C,113,28.279092116014347,14.759442649276801,not_preferentially_represent
YHR073W,2991,14,8.186406822317549,0.625802027,not_preferentially_represent,YHR073W,125,31.28218154426366,10.46226807500457,not_preferentially_represent
YJL214W,1710,8,4.677946755610028,0.625488342,not_preferentially_represent,YJL214W,9,2.2523170711869835,1.3179151967156135,not_preferentially_represent
YGR244C,1284,6,3.5084600667075208,0.624757632,not_preferentially_represent,YGR244C,106,26.527289949535586,20.67598593104878,not_preferentially_represent
YFL018C,1500,7,4.0932034111587745,0.623924621,not_preferentially_represent,YFL018C,533,133.38722210474026,88.98413749482339,not_preferentially_represent
YLR338W,858,4,2.338973377805014,0.62330132,not_preferentially_represent,YLR338W,39,9.760040641810262,11.388612184142664,not_preferentially_represent
YOL021C,3006,14,8.186406822317549,0.622679263,not_preferentially_represent,YOL021C,372,93.09577227572865,30.98029027478491,not_preferentially_represent
YEL030W,1935,9,5.262690100061281,0.621851782,not_preferentially_represent,YEL030W,74,18.519051474204087,9.575517825338205,not_preferentially_represent
YJR147W,1077,5,2.9237167222562674,0.620696997,not_preferentially_represent,YJR147W,459,114.86817063053616,106.7548054187139,not_preferentially_represent
YER158W-A,216,1,0.5847433444512535,0.618972839,not_preferentially_represent,YER158W-A,32,8.008238475331497,37.24762081549534,not_preferentially_represent
YGL101W,648,3,1.7542300333537604,0.618972839,not_preferentially_represent,YGL101W,259,64.8166801597143,90.52608960853954,not_preferentially_represent
YER086W,1731,8,4.677946755610028,0.617900095,not_preferentially_represent,YER086W,2325,581.8485767233042,336.3286570654937,not_preferentially_represent
YDL224C,1950,9,5.262690100061281,0.617068307,not_preferentially_represent,YDL224C,227,56.80844168438281,29.147481623593027,not_preferentially_represent
YBR198C,2397,11,6.432176788963788,0.613550048,not_preferentially_represent,YBR198C,106,26.527289949535586,11.071489962243566,not_preferentially_represent
YOR110W,1308,6,3.5084600667075208,0.613294189,not_preferentially_represent,YOR110W,82,20.521111093036964,15.700926620533252,not_preferentially_represent
YNR064C,873,4,2.338973377805014,0.612591675,not_preferentially_represent,YNR064C,34,8.508753380039716,9.757744701880409,not_preferentially_represent
YIR021W,1092,5,2.9237167222562674,0.612170939,not_preferentially_represent,YIR021W,101,25.27600268776504,23.167738485577487,not_preferentially_represent
YIL115C,4383,20,11.69486688902507,0.610075898,not_preferentially_represent,YIL115C,83,20.771368545391073,55.987516294854636,not_preferentially_represent
YNR011C,2631,12,7.0169201334150415,0.609797643,not_preferentially_represent,YNR011C,37,9.259525737102043,3.520732219430435,not_preferentially_represent
YFL016C,1536,7,4.0932034111587745,0.609301388,not_preferentially_represent,YFL016C,64,16.016476950662994,10.434186938542668,not_preferentially_represent
YKL052C,879,4,2.338973377805014,0.608410162,not_preferentially_represent,YKL052C,90,22.523170711869835,25.652814022630793,not_preferentially_represent
YLR187W,3081,14,8.186406822317549,0.60752154,not_preferentially_represent,YLR187W,26,6.506693761206842,2.1125629094827407,not_preferentially_represent
YLR091W,882,4,2.338973377805014,0.60634074,not_preferentially_represent,YLR091W,76,19.019566378912305,21.588611099786952,not_preferentially_represent
YNR004W,441,2,1.169486688902507,0.60634074,not_preferentially_represent,YNR004W,35,8.759010832393825,19.906842800895056,not_preferentially_represent
YHR029C,885,4,2.338973377805014,0.604285348,not_preferentially_represent,YHR029C,202,50.55200537553008,57.185526442907324,not_preferentially_represent
YHR058C,888,4,2.338973377805014,0.602243843,not_preferentially_represent,YHR058C,70,17.51802166478765,19.74974257585981,not_preferentially_represent
YFL060C,669,3,1.7542300333537604,0.599543198,not_preferentially_represent,YFL060C,17,4.254376690019858,6.3688273802692486,not_preferentially_represent
YNL305C,894,4,2.338973377805014,0.598201938,not_preferentially_represent,YNL305C,247,61.81359073146499,69.22014639581747,not_preferentially_represent
YNL333W,897,4,2.338973377805014,0.596201263,not_preferentially_represent,YNL333W,12,3.0030894282493112,3.351662308313964,not_preferentially_represent
YLR093C,903,4,2.338973377805014,0.592239792,not_preferentially_represent,YLR093C,212,53.05457989907117,58.81882472180839,not_preferentially_represent
YLR207W,2502,11,6.432176788963788,0.587801545,not_preferentially_represent,YLR207W,166,41.54273709078215,16.610450656050435,not_preferentially_represent
YPR018W,1821,8,4.677946755610028,0.587361376,not_preferentially_represent,YPR018W,26,6.506693761206842,3.5751064622015614,not_preferentially_represent
YNR063W,1824,8,4.677946755610028,0.586395321,not_preferentially_represent,YNR063W,17,4.254376690019858,2.3337228140536794,not_preferentially_represent
YOL108C,456,2,1.169486688902507,0.586395321,not_preferentially_represent,YOL108C,31,7.757981022977387,17.050507742807447,not_preferentially_represent
YBR035C,687,3,1.7542300333537604,0.583834643,not_preferentially_represent,YBR035C,438,109.61276413109988,159.78537045349836,not_preferentially_represent
YER036C,1833,8,4.677946755610028,0.583516129,not_preferentially_represent,YER036C,2555,639.4077907647492,349.02171984975394,not_preferentially_represent
YKL191W,1605,7,4.0932034111587745,0.583107123,not_preferentially_represent,YKL191W,1045,261.51903771004424,163.0417940835687,not_preferentially_represent
YPL092W,1377,6,3.5084600667075208,0.582562672,not_preferentially_represent,YPL092W,102,25.52626014011915,18.551061148342402,not_preferentially_represent
YCL054W,2526,11,6.432176788963788,0.582216732,not_preferentially_represent,YCL054W,122,30.53140918720133,355.01638589768993,not_preferentially_represent
YKL050C,2769,12,7.0169201334150415,0.579406861,not_preferentially_represent,YKL050C,9,2.2523170711869835,0.8136983638681299,not_preferentially_represent
YKL217W,1851,8,4.677946755610028,0.577841742,not_preferentially_represent,YKL217W,42,10.510812998872591,5.68152053993113,not_preferentially_represent
YGL043W,930,4,2.338973377805014,0.575045734,not_preferentially_represent,YGL043W,176,44.04531161432323,47.411530262995946,not_preferentially_represent
YHR187W,930,4,2.338973377805014,0.575045734,not_preferentially_represent,YHR187W,195,48.80020320905131,52.5298204618421,not_preferentially_represent
YPR152C,1398,6,3.5084600667075208,0.57381173,not_preferentially_represent,YPR152C,31,7.757981022977387,5.553314977077586,not_preferentially_represent
YAR071W,1404,6,3.5084600667075208,0.571359543,not_preferentially_represent,YAR071W,1491,373.13386145997697,265.954284718444,not_preferentially_represent
YFL017W-A,234,1,0.5847433444512535,0.571359543,not_preferentially_represent,YFL017W-A,126,31.532438996617774,135.33235620865995,not_preferentially_represent
YGR112W,1170,5,2.9237167222562674,0.571359543,not_preferentially_represent,YGR112W,38,9.509783189456153,8.134972788243074,not_preferentially_represent
YGR141W,1404,6,3.5084600667075208,0.571359543,not_preferentially_represent,YGR141W,87,21.772398354807507,15.518459269285465,not_preferentially_represent
YHR213W-A,234,1,0.5847433444512535,0.571359543,not_preferentially_represent,YHR213W-A,5,1.2512872617705466,5.370331595581744,not_preferentially_represent
YEL029C,939,4,2.338973377805014,0.569534114,not_preferentially_represent,YEL029C,170,42.543766900198584,45.355828251810856,not_preferentially_represent
YLR325C,237,1,0.5847433444512535,0.564127144,not_preferentially_represent,YLR325C,4870,1218.7537929645123,5164.210987137763,preferentially_represented
YGR030C,477,2,1.169486688902507,0.560579175,not_preferentially_represent,YGR030C,19,4.754891594728076,9.98926805615142,not_preferentially_represent
YGR247W,720,3,1.7542300333537604,0.557075555,not_preferentially_represent,YGR247W,82,20.521111093036964,28.54118371771483,not_preferentially_represent
YGR255C,1440,6,3.5084600667075208,0.557075555,not_preferentially_represent,YGR255C,178,44.54582651903145,30.956099040327626,not_preferentially_represent
YLR457C,960,4,2.338973377805014,0.557075555,not_preferentially_represent,YLR457C,15,3.7538617853116394,3.9143501410966,not_preferentially_represent
YBR113W,483,2,1.169486688902507,0.553615458,not_preferentially_represent,YBR113W,10,2.502574523541093,5.19206332684874,not_preferentially_represent
YGR296C-B,483,2,1.169486688902507,0.553615458,not_preferentially_represent,YGR296C-B,15,3.7538617853116394,7.788094990273111,not_preferentially_represent
YHL050W-A,483,2,1.169486688902507,0.553615458,not_preferentially_represent,YHL050W-A,33,8.258495927685606,17.133808978600843,not_preferentially_represent
YIL177W-A,483,2,1.169486688902507,0.553615458,not_preferentially_represent,YIL177W-A,25,6.256436308852733,12.980158317121852,not_preferentially_represent
YML133W-B,483,2,1.169486688902507,0.553615458,not_preferentially_represent,YML133W-B,16,4.004119237665749,8.307301322957985,not_preferentially_represent
YGR136W,726,3,1.7542300333537604,0.552471625,not_preferentially_represent,YGR136W,191,47.799173399634874,65.92989434432397,not_preferentially_represent
YHR214W-A,486,2,1.169486688902507,0.550198079,not_preferentially_represent,YHR214W-A,60,15.015447141246558,30.95968482731249,not_preferentially_represent
YGL253W,1461,6,3.5084600667075208,0.549068309,not_preferentially_represent,YGL253W,4030,1008.5375329870604,690.7791321829181,not_preferentially_represent
YKL149C,1218,5,2.9237167222562674,0.548842911,not_preferentially_represent,YKL149C,28,7.007208665915059,5.757772116610567,not_preferentially_represent
YDR155C,489,2,1.169486688902507,0.54682263,not_preferentially_represent,YDR155C,3976,995.0236305599385,2038.9828495080708,not_preferentially_represent
YHR107C,1224,5,2.9237167222562674,0.546152505,not_preferentially_represent,YHR107C,274,68.57054194502594,56.067491369604205,not_preferentially_represent
YIR020C-B,735,3,1.7542300333537604,0.545706666,not_preferentially_represent,YIR020C-B,51,12.763130070059574,17.388460585912227,not_preferentially_represent
YMR140W,1470,6,3.5084600667075208,0.545706666,not_preferentially_represent,YMR140W,44,11.011327903580808,7.495798436746636,not_preferentially_represent
YIR037W,492,2,1.169486688902507,0.543488346,not_preferentially_represent,YIR037W,471,117.87126005878547,240.06366610750607,not_preferentially_represent
YOL112W,1479,6,3.5084600667075208,0.542385936,not_preferentially_represent,YOL112W,54,13.513902427121902,9.143371060298985,not_preferentially_represent
YJL051W,2469,10,5.847433444512535,0.541507222,not_preferentially_represent,YJL051W,88,22.022655807161616,8.923280310843444,not_preferentially_represent
YDR465C,1239,5,2.9237167222562674,0.539540489,not_preferentially_represent,YDR465C,347,86.83933596687592,70.14485942397086,not_preferentially_represent
YLL066C,3717,15,8.771150166768802,0.539540489,not_preferentially_represent,YLL066C,111,27.778577211306132,7.475397527262145,not_preferentially_represent
YBR126C,1488,6,3.5084600667075208,0.539105376,not_preferentially_represent,YBR126C,639,159.91451205427583,107.54170279372954,not_preferentially_represent
YER039C,750,3,1.7542300333537604,0.534792533,not_preferentially_represent,YER039C,15,3.7538617853116394,9.878583645556946,not_preferentially_represent
YOL154W,750,3,1.7542300333537604,0.534792533,not_preferentially_represent,YOL154W,23,5.755921404144513,7.684808283237001,not_preferentially_represent
YLL061W,1752,7,4.0932034111587745,0.534182039,not_preferentially_represent,YLL061W,177,44.29556906667734,25.29729815344223,not_preferentially_represent
YAL020C,1002,4,2.338973377805014,0.533725082,not_preferentially_represent,YAL020C,165,41.292479638428034,41.251228410018015,not_preferentially_represent
YGR043C,1002,4,2.338973377805014,0.533725082,not_preferentially_represent,YGR043C,12,3.0030894282493112,3.000089338910401,not_preferentially_represent
YMR142C,1002,4,2.338973377805014,0.533725082,not_preferentially_represent,YMR142C,10051,2515.3376536111523,2512.82482878237,not_preferentially_represent
YIL160C,1254,5,2.9237167222562674,0.533086655,not_preferentially_represent,YIL160C,29,7.2574661182691695,5.792071922002529,not_preferentially_represent
YKR048C,1254,5,2.9237167222562674,0.533086655,not_preferentially_represent,YKR048C,1319,330.0895796550701,263.43940914211504,not_preferentially_represent
YOL119C,1506,6,3.5084600667075208,0.532661885,not_preferentially_represent,YOL119C,316,79.08135494389853,52.545750793288065,not_preferentially_represent
YCL055W,1008,4,2.338973377805014,0.530548147,not_preferentially_represent,YCL055W,50,12.512872617705465,12.42589137805905,not_preferentially_represent
YIR022W,504,2,1.169486688902507,0.530548147,not_preferentially_represent,YIR022W,427,106.85993215520467,212.44519315150032,not_preferentially_represent
YLL036C,1512,6,3.5084600667075208,0.530548147,not_preferentially_represent,YLL036C,242,60.56230346969445,40.080942071273626,not_preferentially_represent
YPL215W,1008,4,2.338973377805014,0.530548147,not_preferentially_represent,YPL215W,71,17.76827911714176,17.644765756843853,not_preferentially_represent
YOL058W,1263,5,2.9237167222562674,0.529287938,not_preferentially_represent,YOL058W,140,35.0360433295753,27.76231642597092,not_preferentially_represent
YLR413W,2028,8,4.677946755610028,0.527408809,not_preferentially_represent,YLR413W,4094,1024.5540099377233,454.952935141085,not_preferentially_represent
YDR073W,510,2,1.169486688902507,0.524306404,not_preferentially_represent,YDR073W,72,18.01853656949587,35.39987538211369,not_preferentially_represent
YER153C,765,3,1.7542300333537604,0.524306404,not_preferentially_represent,YER153C,26,6.506693761206842,8.516614870689583,not_preferentially_represent
YNL290W,1023,4,2.338973377805014,0.522768849,not_preferentially_represent,YNL290W,233,58.30998639850746,57.05478121184684,not_preferentially_represent
YHR106W,1029,4,2.338973377805014,0.519720634,not_preferentially_represent,YHR106W,89,22.272913259515725,21.666258034548374,not_preferentially_represent
YDR300C,1287,5,2.9237167222562674,0.519417767,not_preferentially_represent,YDR300C,179,44.79608397138556,34.833657831559535,not_preferentially_represent
YIL159W,4128,16,9.355893511220057,0.518209818,not_preferentially_represent,YIL159W,21,5.255406499436296,1.273420523246013,not_preferentially_represent
YHR020W,2067,8,4.677946755610028,0.5174577,not_preferentially_represent,YHR020W,3267,817.591096840875,395.7362521011012,not_preferentially_represent
YOR324C,1809,7,4.0932034111587745,0.517350432,not_preferentially_represent,YOR324C,51,12.763130070059574,7.059253357333835,not_preferentially_represent
YCL032W,1041,4,2.338973377805014,0.513729618,not_preferentially_represent,YCL032W,61,15.265704593600665,14.678562109231411,not_preferentially_represent
YIL154C,1041,4,2.338973377805014,0.513729618,not_preferentially_represent,YIL154C,82,20.521111093036964,19.731837589458618,not_preferentially_represent
YAL033W,522,2,1.169486688902507,0.512253384,not_preferentially_represent,YAL033W,297,74.32646334917045,142.66115805982813,not_preferentially_represent
YFL064C,525,2,1.169486688902507,0.509326222,not_preferentially_represent,YFL064C,5,1.2512872617705466,2.3879527896384474,not_preferentially_represent
YGR131W,525,2,1.169486688902507,0.509326222,not_preferentially_represent,YGR131W,27,6.756951213560951,12.894945064047617,not_preferentially_represent
YHR193C,525,2,1.169486688902507,0.509326222,not_preferentially_represent,YHR193C,3258,815.338779769688,1555.9900377284123,not_preferentially_represent
YNL310C,525,2,1.169486688902507,0.509326222,not_preferentially_represent,YNL310C,80,20.020596188328746,38.20724463421516,not_preferentially_represent
YGR254W,1314,5,2.9237167222562674,0.508744799,not_preferentially_represent,YGR254W,8714,2180.7434398137084,1660.8860927751016,not_preferentially_represent
YGR138C,1845,7,4.0932034111587745,0.50725579,not_preferentially_represent,YGR138C,698,174.67970174316827,94.72868858089386,not_preferentially_represent
YGL056C,1584,6,3.5084600667075208,0.506432323,not_preferentially_represent,YGL056C,169,42.29350944784447,26.7173148754545,not_preferentially_represent
YOL155C,2904,11,6.432176788963788,0.506432323,not_preferentially_represent,YOL155C,992,248.2553927352764,83.11194935898105,not_preferentially_represent
YOL059W,1323,5,2.9237167222562674,0.50528395,not_preferentially_represent,YOL059W,1125,281.5396338983729,212.96492730587968,not_preferentially_represent
YLL067C,3717,14,8.186406822317549,0.503571123,not_preferentially_represent,YLL067C,103,25.776517592473258,6.936630137909918,not_preferentially_represent
YLR109W,531,2,1.169486688902507,0.503571123,not_preferentially_represent,YLR109W,705,176.43150390964706,332.88963001820196,not_preferentially_represent
YBL090W,534,2,1.169486688902507,0.500742072,not_preferentially_represent,YBL090W,103,25.776517592473258,48.36119623353331,not_preferentially_represent
YBR076C-A,267,1,0.5847433444512535,0.500742072,not_preferentially_represent,YBR076C-A,39,9.760040641810262,36.691882112068654,not_preferentially_represent
YJR025C,534,2,1.169486688902507,0.500742072,not_preferentially_represent,YJR025C,99,24.77548778305682,46.483091525434936,not_preferentially_represent
YOL123W,1605,6,3.5084600667075208,0.499806105,not_preferentially_represent,YOL123W,207,51.80329263730062,32.296317105549015,not_preferentially_represent
YCR044C,1074,4,2.338973377805014,0.49794463,not_preferentially_represent,YCR044C,387,96.84963406104029,90.26060956294529,not_preferentially_represent
YHR025W,1074,4,2.338973377805014,0.49794463,not_preferentially_represent,YHR025W,3589,898.1739964988982,837.0680302878828,not_preferentially_represent
YDR074W,2691,10,5.847433444512535,0.496834386,not_preferentially_represent,YDR074W,376,94.09680208514509,34.98022382347401,not_preferentially_represent
YIL079C,1083,4,2.338973377805014,0.493806586,not_preferentially_represent,YIL079C,124,31.03192409190955,28.68015165610864,not_preferentially_represent
YBL006C,543,2,1.169486688902507,0.492442479,not_preferentially_represent,YBL006C,242,60.56230346969445,111.73856728725913,not_preferentially_represent
YHL049C,816,3,1.7542300333537604,0.491537254,not_preferentially_represent,YHL049C,11,2.752831975895202,3.377707945883684,not_preferentially_represent
YIL111W,544,2,1.169486688902507,0.491537254,not_preferentially_represent,YIL111W,100,25.02574523541093,46.0879286103332,not_preferentially_represent
YKR043C,816,3,1.7542300333537604,0.491537254,not_preferentially_represent,YKR043C,1344,336.3460159639229,412.6944981152428,not_preferentially_represent
YNL176C,1911,7,4.0932034111587745,0.489736751,not_preferentially_represent,YNL176C,260,65.06693761206841,34.06645948275833,not_preferentially_represent
YOR375C,1365,5,2.9237167222562674,0.489736751,not_preferentially_represent,YOR375C,4437,1110.3923160951829,814.070612973008,not_preferentially_represent
YDR158W,1098,4,2.338973377805014,0.487060594,not_preferentially_represent,YDR158W,2933,734.0051077546026,669.1021948537854,not_preferentially_represent
YJR131W,1650,6,3.5084600667075208,0.48617503,not_preferentially_represent,YJR131W,90,22.523170711869835,13.658684482637863,not_preferentially_represent
YNL173C,1101,4,2.338973377805014,0.485733454,not_preferentially_represent,YNL173C,87,21.772398354807507,19.79308941346137,not_preferentially_represent
YGL008C,2757,10,5.847433444512535,0.484940635,not_preferentially_represent,YGL008C,16764,4195.315931264287,1522.2481608360988,not_preferentially_represent
YCR003W,552,2,1.169486688902507,0.484413526,not_preferentially_represent,YCR003W,68,17.01750676007943,30.88476725967229,not_preferentially_represent
YNR037C,276,1,0.5847433444512535,0.484413526,not_preferentially_represent,YNR037C,78,19.520081283620524,70.98211375862009,not_preferentially_represent
YOR278W,828,3,1.7542300333537604,0.484413526,not_preferentially_represent,YOR278W,88,22.022655807161616,26.629571713617434,not_preferentially_represent
YBR196C,1665,6,3.5084600667075208,0.481795074,not_preferentially_represent,YBR196C,15394,3852.4632215391584,2315.182224482667,not_preferentially_represent
YDL053C,558,2,1.169486688902507,0.479204778,not_preferentially_represent,YDL053C,71,17.76827911714176,31.899962508333502,not_preferentially_represent
YGR088W,1689,6,3.5084600667075208,0.474948963,not_preferentially_represent,YGR088W,62,15.515962045954774,9.191920643338138,not_preferentially_represent
YIR017C,564,2,1.169486688902507,0.474106855,not_preferentially_represent,YIR017C,20,5.005149047082186,8.890140403343137,not_preferentially_represent
YLR417W,1701,6,3.5084600667075208,0.471598353,not_preferentially_represent,YLR417W,54,13.513902427121902,7.949354368895237,not_preferentially_represent
YOL126C,1134,4,2.338973377805014,0.471598353,not_preferentially_represent,YOL126C,139,34.78578587722119,30.702370588897786,not_preferentially_represent
YDR536W,1710,6,3.5084600667075208,0.469116257,not_preferentially_represent,YDR536W,14,3.5036043329575297,2.0500903060020654,not_preferentially_represent
YLR114C,2295,8,4.677946755610028,0.466050137,not_preferentially_represent,YLR114C,32,8.008238475331497,3.490949640510679,not_preferentially_represent
YER115C,576,2,1.169486688902507,0.464229629,not_preferentially_represent,YER115C,39,9.760040641810262,16.97398372488741,not_preferentially_represent
YER190C-A,576,2,1.169486688902507,0.464229629,not_preferentially_represent,YER190C-A,20,5.005149047082186,8.704607038403802,not_preferentially_represent
YFR034W-A,288,1,0.5847433444512535,0.464229629,not_preferentially_represent,YFR034W-A,34,8.508753380039716,29.647224320695873,not_preferentially_represent
YNL339W-A,576,2,1.169486688902507,0.464229629,not_preferentially_represent,YNL339W-A,17,4.254376690019858,7.398915982643231,not_preferentially_represent
YBR234C,1155,4,2.338973377805014,0.463023838,not_preferentially_represent,YBR234C,746,186.69205945616554,161.778214433419,not_preferentially_represent
YGR143W,2316,8,4.677946755610028,0.461824294,not_preferentially_represent,YGR143W,133,33.28424116309653,14.377641971100015,not_preferentially_represent
YCL051W,1752,6,3.5084600667075208,0.457870319,not_preferentially_represent,YCL051W,97,24.2749728783486,13.863491078440092,not_preferentially_represent
YCR045C,1476,5,2.9237167222562674,0.452906955,not_preferentially_represent,YCR045C,82,20.521111093036964,13.91261769019455,not_preferentially_represent
YBR125C,1182,4,2.338973377805014,0.452447151,not_preferentially_represent,YBR125C,143,35.78681568663763,30.302130132631355,not_preferentially_represent
YDR121W,591,2,1.169486688902507,0.452447151,not_preferentially_represent,YDR121W,141,35.286300781929405,59.8072894608973,not_preferentially_represent
YFR047C,888,3,1.7542300333537604,0.451682882,not_preferentially_represent,YFR047C,362,90.59319775218756,102.13438303516072,not_preferentially_represent
YER190W,5046,17,9.94063685567131,0.450429699,not_preferentially_represent,YER190W,133,33.28424116309653,6.597470993676221,not_preferentially_represent
YIL157C,594,2,1.169486688902507,0.450162064,not_preferentially_represent,YIL157C,213,53.30483735142528,89.89011357744566,not_preferentially_represent
YOL084W,2976,10,5.847433444512535,0.44925448,not_preferentially_represent,YOL084W,51,12.763130070059574,4.2901277546418735,not_preferentially_represent
YPL131W,894,3,1.7542300333537604,0.448651454,not_preferentially_represent,YPL131W,16983,4250.122313329838,4759.375490850883,preferentially_represented
YDR543C,300,1,0.5847433444512535,0.445660444,not_preferentially_represent,YDR543C,1,0.2502574523541093,0.8369814460003655,not_preferentially_represent
YER188C-A,300,1,0.5847433444512535,0.445660444,not_preferentially_represent,YER188C-A,1,0.2502574523541093,0.8369814460003655,not_preferentially_represent
YIR017W-A,600,2,1.169486688902507,0.445660444,not_preferentially_represent,YIR017W-A,14,3.5036043329575297,5.849089036656978,not_preferentially_represent
YJL026W,1200,4,2.338973377805014,0.445660444,not_preferentially_represent,YJL026W,3405,852.1266252657421,710.6977691957816,not_preferentially_represent
YEL036C,1503,5,2.9237167222562674,0.444770902,not_preferentially_represent,YEL036C,254,63.56539289794376,42.32050126361103,not_preferentially_represent
YOR033C,2109,7,4.0932034111587745,0.443758621,not_preferentially_represent,YOR033C,55,13.764159879476011,6.529487608859588,not_preferentially_represent
YBL013W,1206,4,2.338973377805014,0.443443228,not_preferentially_represent,YBL013W,7,1.7518021664787649,1.4537777315176472,not_preferentially_represent
YHR202W,1809,6,3.5084600667075208,0.443443228,not_preferentially_represent,YHR202W,62,15.515962045954774,8.581837414797995,not_preferentially_represent
YLR182W,2412,8,4.677946755610028,0.443443228,not_preferentially_represent,YLR182W,27,6.756951213560951,2.8025513121364374,not_preferentially_represent
YKR053C,1215,4,2.338973377805014,0.440158463,not_preferentially_represent,YKR053C,33,8.258495927685606,6.802714932195722,not_preferentially_represent
YAL013W,1218,4,2.338973377805014,0.439074329,not_preferentially_represent,YAL013W,84,21.021625997745183,17.273316349831703,not_preferentially_represent
YMR010W,1218,4,2.338973377805014,0.439074329,not_preferentially_represent,YMR010W,244,61.06281837440266,113.28908789314039,not_preferentially_represent
YEL075W-A,612,2,1.169486688902507,0.436922004,not_preferentially_represent,YEL075W-A,10,2.502574523541093,4.095866650640087,not_preferentially_represent
YER137W-A,306,1,0.5847433444512535,0.436922004,not_preferentially_represent,YER137W-A,2,0.5005149047082186,1.6410324744531757,not_preferentially_represent
YJR059W,2457,8,4.677946755610028,0.435321557,not_preferentially_represent,YJR059W,107,26.777547401889695,10.902910179922515,not_preferentially_represent
YDR153C,1236,4,2.338973377805014,0.432680043,not_preferentially_represent,YDR153C,132,33.033983710742426,26.748164947969578,not_preferentially_represent
YOR051C,1239,4,2.338973377805014,0.431632391,not_preferentially_represent,YOR051C,380,95.09783189456152,76.81569619916117,not_preferentially_represent
YNL104C,1860,6,3.5084600667075208,0.4312843,not_preferentially_represent,YNL104C,3867,967.7455682533406,520.5731943267028,not_preferentially_represent
YOR107W,930,3,1.7542300333537604,0.4312843,not_preferentially_represent,YOR107W,105,26.277032497181477,28.2852879409919,not_preferentially_represent
YDR518W,1554,5,2.9237167222562674,0.430174174,not_preferentially_represent,YDR518W,101,25.27600268776504,16.27559735207021,not_preferentially_represent
YLR209C,936,3,1.7542300333537604,0.428519658,not_preferentially_represent,YLR209C,322,80.5828996580232,86.18491942034566,not_preferentially_represent
YOL150C,312,1,0.5847433444512535,0.428519658,not_preferentially_represent,YOL150C,81,20.270853640682855,65.17959369994486,not_preferentially_represent
YOL008W,624,2,1.169486688902507,0.428519658,not_preferentially_represent,YOL008W,111,27.778577211306132,44.58840643869363,not_preferentially_represent
YOR374W,1560,5,2.9237167222562674,0.428519658,not_preferentially_represent,YOR374W,139,34.78578587722119,22.312883821181007,not_preferentially_represent
YHR219W,1875,6,3.5084600667075208,0.427834026,not_preferentially_represent,YHR219W,63,15.766219498308887,8.413137405714453,not_preferentially_represent
YLR185W,626,2,1.169486688902507,0.427150585,not_preferentially_represent,YLR185W,3753,939.2162186849721,1502.7459498959554,not_preferentially_represent
YMR262W,942,3,1.7542300333537604,0.425790233,not_preferentially_represent,YMR262W,120,30.030894282493115,31.913809014339122,not_preferentially_represent
YAL021C,2514,8,4.677946755610028,0.425451498,not_preferentially_represent,YAL021C,652,163.16785893487926,64.92951012132083,not_preferentially_represent
YBR144C,315,1,0.5847433444512535,0.424438518,not_preferentially_represent,YBR144C,1,0.2502574523541093,0.7969982559048067,not_preferentially_represent
YDR048C,315,1,0.5847433444512535,0.424438518,not_preferentially_represent,YDR048C,1,0.2502574523541093,0.7969982559048067,not_preferentially_represent
YKL216W,945,3,1.7542300333537604,0.424438518,not_preferentially_represent,YKL216W,488,122.12563674880532,129.37037791187007,not_preferentially_represent
YBL091C,1266,4,2.338973377805014,0.422426961,not_preferentially_represent,YBL091C,633,158.41296734015117,257.582060715693,not_preferentially_represent
YJL183W,1269,4,2.338973377805014,0.421428316,not_preferentially_represent,YJL183W,643,160.91554186369225,126.90500146978886,not_preferentially_represent
YBL112C,318,1,0.5847433444512535,0.420434381,not_preferentially_represent,YBL112C,13,3.253346880603421,10.26292391357546,not_preferentially_represent
YIL056W,1923,6,3.5084600667075208,0.417154862,not_preferentially_represent,YIL056W,187,46.79814359021844,24.348669922069945,not_preferentially_represent
YHR071C-A,321,1,0.5847433444512535,0.416505088,not_preferentially_represent,YHR071C-A,47,11.762100260643136,36.756563314509805,not_preferentially_represent
YIL132C,642,2,1.169486688902507,0.416505088,not_preferentially_represent,YIL132C,13,3.253346880603421,5.075424150707365,not_preferentially_represent
YOL130W,2580,8,4.677946755610028,0.414567855,not_preferentially_represent,YOL130W,154,38.53964766253283,14.943640039756817,not_preferentially_represent
YLR236C,324,1,0.5847433444512535,0.412648559,not_preferentially_represent,YLR236C,1,0.2502574523541093,0.6287875687289178,not_preferentially_represent
YLL062C,975,3,1.7542300333537604,0.411378871,not_preferentially_represent,YLL062C,28,7.007208665915059,7.194259410590411,not_preferentially_represent
YMR011W,1626,5,2.9237167222562674,0.411125871,not_preferentially_represent,YMR011W,2729,682.9525874743642,420.2785153688395,not_preferentially_represent
YGL002W,651,2,1.169486688902507,0.410746953,not_preferentially_represent,YGL002W,118,29.530379377784897,45.43135288889984,not_preferentially_represent
YLR350W,651,2,1.169486688902507,0.410746953,not_preferentially_represent,YLR350W,772,193.19875321737237,297.2288511036498,not_preferentially_represent
YJL009W,327,1,0.5847433444512535,0.408862792,not_preferentially_represent,YJL009W,104,26.026775044827367,79.83673326634161,not_preferentially_represent
YJR045C,1965,6,3.5084600667075208,0.408238574,not_preferentially_represent,YJR045C,1417,354.61480998577287,180.5574388929597,not_preferentially_represent
YLL002W,1311,4,2.338973377805014,0.40792718,not_preferentially_represent,YLL002W,59,14.765189688892448,11.271137167093471,not_preferentially_represent
YJR022W,330,1,0.5847433444512535,0.405145858,not_preferentially_represent,YJR022W,19,4.754891594728076,14.452558038687163,not_preferentially_represent
YAL063C,3969,12,7.0169201334150415,0.40422716,not_preferentially_represent,YAL063C,97,24.2749728783486,83.70680302878829,not_preferentially_represent
YLR075W,666,2,1.169486688902507,0.401495895,not_preferentially_represent,YLR075W,16131,4036.902963924137,6070.530772818251,preferentially_represented
YLR154C,333,1,0.5847433444512535,0.401495895,not_preferentially_represent,YLR154C,42,10.510812998872591,31.659075297809007,not_preferentially_represent
YOR047C,1335,4,2.338973377805014,0.400593657,not_preferentially_represent,YOR047C,65,16.266734403017104,12.193953825350153,not_preferentially_represent
YML031C-A,336,1,0.5847433444512535,0.397911111,not_preferentially_represent,YML031C-A,14,3.5036043329575297,10.458520396888149,not_preferentially_represent
YOR054C,2025,6,3.5084600667075208,0.396142617,not_preferentially_represent,YOR054C,35,8.759010832393825,25.68624877534846,not_preferentially_represent
YPR028W,676,2,1.169486688902507,0.395556607,not_preferentially_represent,YPR028W,1869,467.7311784498303,692.9350791849337,not_preferentially_represent
YIL120W,1692,5,2.9237167222562674,0.395089046,not_preferentially_represent,YIL120W,67,16.767249307725322,9.91558208617701,not_preferentially_represent
YBL031W,1017,3,1.7542300333537604,0.394389773,not_preferentially_represent,YBL031W,10,2.502574523541093,2.463163901123123,not_preferentially_represent
YJR021C,1025,3,1.7542300333537604,0.391311609,not_preferentially_represent,YJR021C,34,8.508753380039716,8.309329472695035,not_preferentially_represent
YFR035C,345,1,0.5847433444512535,0.387530821,not_preferentially_represent,YFR035C,50,12.512872617705465,43.59885929514099,not_preferentially_represent
YOR056C,1380,4,2.338973377805014,0.387530821,not_preferentially_represent,YOR056C,157,39.29042001959516,28.491965206377927,not_preferentially_represent
YER004W,696,2,1.169486688902507,0.384190038,not_preferentially_represent,YER004W,472,118.12151751113959,169.9590180016397,not_preferentially_represent
YOR050C,348,1,0.5847433444512535,0.384190038,not_preferentially_represent,YOR050C,3,0.7507723570623278,2.163609098162328,not_preferentially_represent
YKL184W,1401,4,2.338973377805014,0.381722008,not_preferentially_represent,YKL184W,342,85.58804870510538,61.1343205036467,not_preferentially_represent
YJL067W,351,1,0.5847433444512535,0.380906362,not_preferentially_represent,YJL067W,25,6.256436308852733,17.875532311007806,not_preferentially_represent
YAR033W,705,2,1.169486688902507,0.379285484,not_preferentially_represent,YAR033W,73,18.268794021849978,25.94999150830963,not_preferentially_represent
YOR203W,354,1,0.5847433444512535,0.377678342,not_preferentially_represent,YOR203W,3,0.7507723570623278,2.1268338726978127,not_preferentially_represent
YFL053W,1776,5,2.9237167222562674,0.376402402,not_preferentially_represent,YFL053W,14,3.5036043329575297,1.9738615960324113,not_preferentially_represent
YOL020W,1779,5,2.9237167222562674,0.375767659,not_preferentially_represent,YOL020W,845,211.46754723922234,118.9356283685165,not_preferentially_represent
YOL057W,2136,6,3.5084600667075208,0.375556554,not_preferentially_represent,YOL057W,242,60.56230346969445,28.366418486976322,not_preferentially_represent
YBR070C,714,2,1.169486688902507,0.374504575,not_preferentially_represent,YBR070C,139,34.78578587722119,48.787918481376146,not_preferentially_represent
YHR074W,2145,6,3.5084600667075208,0.373980792,not_preferentially_represent,YHR074W,788,197.20287245503812,91.97895170477524,not_preferentially_represent
YPL213W,717,2,1.169486688902507,0.37293761,not_preferentially_represent,YPL213W,25,6.256436308852733,8.738039537503816,not_preferentially_represent
YBR232C,360,1,0.5847433444512535,0.371383703,not_preferentially_represent,YBR232C,5,1.2512872617705466,3.485479837800965,not_preferentially_represent
YER188W,720,2,1.169486688902507,0.371383703,not_preferentially_represent,YER188W,20,5.005149047082186,6.961264321393861,not_preferentially_represent
YKL186C,722,2,1.169486688902507,0.370354939,not_preferentially_represent,YKL186C,289,72.32440373033758,100.31123957050983,not_preferentially_represent
YOR221C,1083,3,1.7542300333537604,0.370354939,not_preferentially_represent,YOR221C,250,62.56436308852732,57.82288640344485,not_preferentially_represent
YKR039W,1809,5,2.9237167222562674,0.369536023,not_preferentially_represent,YKR039W,2056,514.5293220400487,284.58480201330127,not_preferentially_represent
YBL041W,726,2,1.169486688902507,0.368314416,not_preferentially_represent,YBL041W,269,67.3192546832554,92.8541443906971,not_preferentially_represent
YEL049W,363,1,0.5847433444512535,0.368314416,not_preferentially_represent,YEL049W,4,1.0010298094164372,2.765275716619992,not_preferentially_represent
YCR107W,1092,3,1.7542300333537604,0.367302564,not_preferentially_represent,YCR107W,31,7.757981022977387,7.110890030226753,not_preferentially_represent
YOR376W,369,1,0.5847433444512535,0.362325564,not_preferentially_represent,YOR376W,2,0.5005149047082186,1.360094849750594,not_preferentially_represent
YPR016C,738,2,1.169486688902507,0.362325564,not_preferentially_represent,YPR016C,2046,512.0267475165076,694.7445692218556,not_preferentially_represent
YDR274C,372,1,0.5847433444512535,0.359403584,not_preferentially_represent,YDR274C,5,1.2512872617705466,3.372741945473171,not_preferentially_represent
YDR493W,372,1,0.5847433444512535,0.359403584,not_preferentially_represent,YDR493W,58,14.514932236538339,39.123806567488785,not_preferentially_represent
YFR049W,372,1,0.5847433444512535,0.359403584,not_preferentially_represent,YFR049W,66,16.516991855371213,44.52019368024586,not_preferentially_represent
YIL115W-A,372,1,0.5847433444512535,0.359403584,not_preferentially_represent,YIL115W-A,15,3.7538617853116394,10.118225836419514,not_preferentially_represent
YPR015C,744,2,1.169486688902507,0.359403584,not_preferentially_represent,YPR015C,10,2.502574523541093,3.368202588884378,not_preferentially_represent
YGR175C,1491,4,2.338973377805014,0.358680438,not_preferentially_represent,YGR175C,6226,1558.1028983566844,1045.7066431924056,not_preferentially_represent
YCL039W,2238,6,3.5084600667075208,0.358440035,not_preferentially_represent,YCL039W,135,33.78475606780475,15.1027072274496,not_preferentially_represent
YKR041W,753,2,1.169486688902507,0.355107923,not_preferentially_represent,YKR041W,7,1.7518021664787649,3.482708084450825,not_preferentially_represent
YGL255W,1131,3,1.7542300333537604,0.354636958,not_preferentially_represent,YGL255W,2436,609.6271539346102,539.4930565793011,not_preferentially_represent
YJR148W,1131,3,1.7542300333537604,0.354636958,not_preferentially_represent,YJR148W,958,239.74663935523668,212.16516757100592,not_preferentially_represent
YLR460C,1131,3,1.7542300333537604,0.354636958,not_preferentially_represent,YLR460C,6,1.5015447141246556,1.328800631968722,not_preferentially_represent
YLR094C,1509,4,2.338973377805014,0.354401943,not_preferentially_represent,YLR094C,94,23.52420052128627,15.599602467696467,not_preferentially_represent
YLL035W,1899,5,2.9237167222562674,0.352022467,not_preferentially_represent,YLL035W,173,43.29453925726091,22.81061077832503,not_preferentially_represent
YER038W-A,381,1,0.5847433444512535,0.350913735,not_preferentially_represent,YER038W-A,7,1.7518021664787649,4.610005701259908,not_preferentially_represent
YLR194C,765,2,1.169486688902507,0.349537603,not_preferentially_represent,YLR194C,1367,342.1019373680674,447.7774049320254,not_preferentially_represent
YKL148C,1923,5,2.9237167222562674,0.347629051,not_preferentially_represent,YKL148C,576,144.14829255596695,74.99911163161651,not_preferentially_represent
YKR038C,1161,3,1.7542300333537604,0.345473212,not_preferentially_represent,YKR038C,318,79.58186984860676,68.60506021431617,not_preferentially_represent
YIL155C,1950,5,2.9237167222562674,0.342815726,not_preferentially_represent,YIL155C,66,16.516991855371213,8.474598181308986,not_preferentially_represent
YGR250C,2346,6,3.5084600667075208,0.341938959,not_preferentially_represent,YGR250C,106,26.527289949535586,11.31227716398106,not_preferentially_represent
YLR459W,1185,3,1.7542300333537604,0.338476286,not_preferentially_represent,YLR459W,313,78.33058258683621,66.15758664428733,not_preferentially_represent
YLR414C,792,2,1.169486688902507,0.337621548,not_preferentially_represent,YLR414C,607,151.90627357894434,192.0433294297653,not_preferentially_represent
YMR112C,396,1,0.5847433444512535,0.337621548,not_preferentially_represent,YMR112C,31,7.757981022977387,19.640458286018703,not_preferentially_represent
YLR102C,798,2,1.169486688902507,0.33508304,not_preferentially_represent,YLR102C,28,7.007208665915059,8.791980760244742,not_preferentially_represent
YCL030C,2400,6,3.5084600667075208,0.334245333,not_preferentially_represent,YCL030C,472,118.12151751113959,49.23781471910779,not_preferentially_represent
YML088W,2007,5,2.9237167222562674,0.333079554,not_preferentially_represent,YML088W,45,11.261585355934917,5.613950825490986,not_preferentially_represent
YIR036W-A,402,1,0.5847433444512535,0.332582421,not_preferentially_represent,YIR036W-A,21,5.255406499436296,13.105751868918441,not_preferentially_represent
YJR023C,402,1,0.5847433444512535,0.332582421,not_preferentially_represent,YJR023C,24,6.0061788564986225,14.97800213590679,not_preferentially_represent
YKR049C,402,1,0.5847433444512535,0.332582421,not_preferentially_represent,YKR049C,57,14.264674784184228,35.57275507277863,not_preferentially_represent
YHR200W,807,2,1.169486688902507,0.331346055,not_preferentially_represent,YHR200W,267,66.81873977854718,82.90166225626201,not_preferentially_represent
YIL011W,810,2,1.169486688902507,0.330118847,not_preferentially_represent,YIL011W,70,17.51802166478765,21.653920475633683,not_preferentially_represent
YBL095W,813,2,1.169486688902507,0.328900697,not_preferentially_represent,YBL095W,98,24.525230330702712,30.203485628944225,not_preferentially_represent
YDR076W,1221,3,1.7542300333537604,0.328496642,not_preferentially_represent,YDR076W,41,10.260555546518482,8.410291431572526,not_preferentially_represent
YOL009C,816,2,1.169486688902507,0.327691503,not_preferentially_represent,YOL009C,30,7.507723570623279,9.211930761500955,not_preferentially_represent
YHL050C,2867,7,4.0932034111587745,0.326434228,not_preferentially_represent,YHL050C,110,27.528319758952023,9.605135994051647,not_preferentially_represent
YBR233W,1242,3,1.7542300333537604,0.322942351,not_preferentially_represent,YBR233W,22,5.505663951790404,4.436473772595008,not_preferentially_represent
YGL004C,1254,3,1.7542300333537604,0.319851993,not_preferentially_represent,YGL004C,66,16.516991855371213,13.181956788005756,not_preferentially_represent
YMR136W,1683,4,2.338973377805014,0.317761457,not_preferentially_represent,YMR136W,125,31.28218154426366,18.59820543654201,not_preferentially_represent
YML133C,4224,10,5.847433444512535,0.316520202,not_preferentially_represent,YML133C,116,29.029864473076678,6.874227912165919,not_preferentially_represent
YDL142C,852,2,1.169486688902507,0.313845383,not_preferentially_represent,YDL142C,77,19.269823831266415,22.64374128233421,not_preferentially_represent
YNL105W,429,1,0.5847433444512535,0.31165066,not_preferentially_represent,YNL105W,2,0.5005149047082186,1.1694273474491088,not_preferentially_represent
YGR132C,864,2,1.169486688902507,0.309486419,not_preferentially_represent,YGR132C,303,75.82800806329512,87.86559451135008,not_preferentially_represent
YPR017C,432,1,0.5847433444512535,0.309486419,not_preferentially_represent,YPR017C,92,23.023685616578053,53.41922416839456,not_preferentially_represent
YLR317W,435,1,0.5847433444512535,0.30735203,not_preferentially_represent,YLR317W,67,16.767249307725322,38.63421499475881,not_preferentially_represent
YOR055W,435,1,0.5847433444512535,0.30735203,not_preferentially_represent,YOR055W,4,1.0010298094164372,2.3065202981945556,not_preferentially_represent
YGR021W,873,2,1.169486688902507,0.306295838,not_preferentially_represent,YGR021W,36,9.009268284747934,10.331729684343962,not_preferentially_represent
YLR351C,876,2,1.169486688902507,0.305246879,not_preferentially_represent,YLR351C,546,136.64056898534366,156.1606502689642,not_preferentially_represent
YPR204W,3099,7,4.0932034111587745,0.301996429,not_preferentially_represent,YPR204W,138,34.53552842486708,11.14768509517982,not_preferentially_represent
YGR203W,447,1,0.5847433444512535,0.299100969,not_preferentially_represent,YGR203W,91,22.773428164223944,51.06149812606266,not_preferentially_represent
YPL064C,906,2,1.169486688902507,0.295139367,not_preferentially_represent,YPL064C,28,7.007208665915059,7.742772006535978,not_preferentially_represent
YNL016W,1362,3,1.7542300333537604,0.29448928,not_preferentially_represent,YNL016W,271,67.81976958796362,49.83083731665218,not_preferentially_represent
YDL052C,912,2,1.169486688902507,0.29319766,not_preferentially_represent,YDL052C,500,125.12872617705465,137.35315716471422,not_preferentially_represent
YJR007W,915,2,1.169486688902507,0.292236357,not_preferentially_represent,YJR007W,810,202.70853640682853,221.7817684976242,not_preferentially_represent
YBR069C,1860,4,2.338973377805014,0.287522867,not_preferentially_represent,YBR069C,1210,302.8115173484722,162.8894660293019,not_preferentially_represent
YLR464W,930,2,1.169486688902507,0.287522867,not_preferentially_represent,YLR464W,8,2.0020596188328743,3.633502030549681,not_preferentially_represent
YDL047W,936,2,1.169486688902507,0.285679772,not_preferentially_represent,YDL047W,209,52.30380754200884,55.939901114447956,not_preferentially_represent
YOR006C,942,2,1.169486688902507,0.283860155,not_preferentially_represent,YOR006C,78,19.520081283620524,20.74397585932043,not_preferentially_represent
YLR177W,1887,4,2.338973377805014,0.283408867,not_preferentially_represent,YLR177W,167,41.79299454313625,16.551681007182673,not_preferentially_represent
YJR047C,474,1,0.5847433444512535,0.282063572,not_preferentially_represent,YJR047C,13,3.253346880603421,6.8781117983159,not_preferentially_represent
YOR325W,474,1,0.5847433444512535,0.282063572,not_preferentially_represent,YOR325W,11,2.752831975895202,5.819940752421147,not_preferentially_represent
YCL025C,1902,4,2.338973377805014,0.281173782,not_preferentially_represent,YCL025C,2096,524.539620134213,275.9282588817533,not_preferentially_represent
YBL113C,2379,5,2.9237167222562674,0.280996497,not_preferentially_represent,YBL113C,115,28.779607020722565,12.102441976754655,not_preferentially_represent
YAL016W,1908,4,2.338973377805014,0.280289587,not_preferentially_represent,YAL016W,258,64.56642270736019,205.62555002344013,not_preferentially_represent
YFL051C,483,1,0.5847433444512535,0.276807729,not_preferentially_represent,YFL051C,4,1.0010298094164372,2.076825330739496,not_preferentially_represent
YJL225W-A,483,1,0.5847433444512535,0.276807729,not_preferentially_represent,YJL225W-A,23,5.755921404144513,11.941745651752104,not_preferentially_represent
YLR466C-A,483,1,0.5847433444512535,0.276807729,not_preferentially_represent,YLR466C-A,22,5.505663951790404,11.422539319067228,not_preferentially_represent
YPL283W-B,483,1,0.5847433444512535,0.276807729,not_preferentially_represent,YPL283W-B,18,4.504634142373967,9.345713988327732,not_preferentially_represent
YDL048C,1473,3,1.7542300333537604,0.272297624,not_preferentially_represent,YDL048C,938,234.7414903081545,159.47112113325716,not_preferentially_represent
YGL197W,4464,9,5.262690100061281,0.269552688,not_preferentially_represent,YGL197W,72,18.01853656949587,4.037314938269296,not_preferentially_represent
YMR137C,1986,4,2.338973377805014,0.269281235,not_preferentially_represent,YMR137C,4,1.0010298094164372,0.5042971332072731,not_preferentially_represent
YFR048W,1989,4,2.338973377805014,0.268875079,not_preferentially_represent,YFR048W,74,18.519051474204087,9.315418246581533,not_preferentially_represent
YJL175W,513,1,0.5847433444512535,0.260620143,not_preferentially_represent,YJL175W,4,1.0010298094164372,1.9551363465164788,not_preferentially_represent
YOL151W,1029,2,1.169486688902507,0.259860317,not_preferentially_represent,YOL151W,316,79.08135494389853,76.92738807772231,not_preferentially_represent
YOL011W,2061,4,2.338973377805014,0.259482063,not_preferentially_represent,YOL011W,280,70.0720866591506,34.01557604813136,not_preferentially_represent
YCL038C,1587,3,1.7542300333537604,0.252737492,not_preferentially_represent,YCL038C,166,41.54273709078215,26.193402957617995,not_preferentially_represent
YBL016W,1062,2,1.169486688902507,0.251785561,not_preferentially_represent,YBL016W,268,67.06899723090129,63.213003987654375,not_preferentially_represent
YLR287C,1068,2,1.169486688902507,0.250371036,not_preferentially_represent,YLR287C,50,12.512872617705465,11.727153343678973,not_preferentially_represent
YMR135W-A,534,1,0.5847433444512535,0.250371036,not_preferentially_represent,YMR135W-A,1,0.2502574523541093,0.4695261770245953,not_preferentially_represent
YGL235W,537,1,0.5847433444512535,0.248972315,not_preferentially_represent,YGL235W,11,2.752831975895202,5.135880552043288,not_preferentially_represent
YER151C,2739,5,2.9237167222562674,0.24406377,not_preferentially_represent,YER151C,80,20.020596188328746,7.312124247015611,not_preferentially_represent
YJR094W-A,554,1,0.5847433444512535,0.24133237,not_preferentially_represent,YJR094W-A,2763,691.4613408544039,1250.3821715269512,not_preferentially_represent
YGL063W,1113,2,1.169486688902507,0.240248218,not_preferentially_represent,YGL063W,54,13.513902427121902,12.152789952447753,not_preferentially_represent
YIL094C,1116,2,1.169486688902507,0.239602389,not_preferentially_represent,YIL094C,472,118.12151751113959,105.93858072747945,not_preferentially_represent
YIR034C,1122,2,1.169486688902507,0.238321093,not_preferentially_represent,YIR034C,286,71.57363137327526,63.848020850379356,not_preferentially_represent
YOL027C,1722,3,1.7542300333537604,0.232923577,not_preferentially_represent,YOL027C,134,33.534498615450644,19.485472757379807,not_preferentially_represent
YCL008C,1158,2,1.169486688902507,0.230912147,not_preferentially_represent,YCL008C,159,39.79093492430338,34.39147357329592,not_preferentially_represent
YGR279C,1161,2,1.169486688902507,0.230315475,not_preferentially_represent,YGR279C,4402,1101.633305262789,949.683883847232,not_preferentially_represent
YJL162C,1752,3,1.7542300333537604,0.228935159,not_preferentially_represent,YJL162C,14,3.5036043329575297,2.0009162381253742,not_preferentially_represent
YGL009C,2340,4,2.338973377805014,0.228543817,not_preferentially_represent,YGL009C,2747,687.4572216167383,293.91074032353066,not_preferentially_represent
YCR077C,2391,4,2.338973377805014,0.223668981,not_preferentially_represent,YCR077C,227,56.80844168438281,23.76922246208486,not_preferentially_represent
YOR108W,1815,3,1.7542300333537604,0.22098865,not_preferentially_represent,YOR108W,910,227.73428164223944,125.54260288987842,not_preferentially_represent
YBL007C,3735,6,3.5084600667075208,0.214776118,not_preferentially_represent,YBL007C,435,108.86199177403755,29.154255965194842,not_preferentially_represent
YCL044C,1254,2,1.169486688902507,0.213234662,not_preferentially_represent,YCL044C,160,40.04119237665749,31.956258880013955,not_preferentially_represent
YCL063W,1272,2,1.169486688902507,0.21021719,not_preferentially_represent,YCL063W,58,14.514932236538339,11.420088305694994,not_preferentially_represent
YEL077C,3834,6,3.5084600667075208,0.209230255,not_preferentially_represent,YEL077C,132,33.033983710742426,8.618310386314226,not_preferentially_represent
YIL046W,1923,3,1.7542300333537604,0.208577431,not_preferentially_represent,YIL046W,168,42.043251995490365,256.36129265542905,not_preferentially_represent
YLR115W,2580,4,2.338973377805014,0.207283927,not_preferentially_represent,YLR115W,64,16.016476950662994,6.210343912626209,not_preferentially_represent
YAL007C,648,1,0.5847433444512535,0.20632428,not_preferentially_represent,YAL007C,282,70.57260156385881,109.07666393177561,not_preferentially_represent
YLR098C,1947,3,1.7542300333537604,0.206006368,not_preferentially_represent,YLR098C,69,17.26776421243354,8.873465679565026,not_preferentially_represent
YDR277C,1302,2,1.169486688902507,0.205373476,not_preferentially_represent,YDR277C,42,10.510812998872591,8.079026132876702,not_preferentially_represent
YCL037C,1305,2,1.169486688902507,0.204901353,not_preferentially_represent,YCL037C,231,57.80947149379924,44.33241678972335,not_preferentially_represent
YGR014W,3921,6,3.5084600667075208,0.204587809,not_preferentially_represent,YGR014W,504,126.1297559864711,32.17595815981405,not_preferentially_represent
YLR113W,1308,2,1.169486688902507,0.204431396,not_preferentially_represent,YLR113W,413,103.35632782224714,79.07905724731992,not_preferentially_represent
YLR203C,1311,2,1.169486688902507,0.20396359,not_preferentially_represent,YLR203C,328,82.08444437214786,62.659881200112864,not_preferentially_represent
YLR092W,2682,4,2.338973377805014,0.199400646,not_preferentially_represent,YLR092W,32,8.008238475331497,2.9870341198550903,not_preferentially_represent
YEL038W,684,1,0.5847433444512535,0.195465107,not_preferentially_represent,YEL038W,351,87.84036577629236,128.60961314244855,not_preferentially_represent
YJL158C,684,1,0.5847433444512535,0.195465107,not_preferentially_represent,YJL158C,4851,1213.998901369784,1777.4508072764042,not_preferentially_represent
YER163C,699,1,0.5847433444512535,0.191270577,not_preferentially_represent,YER163C,134,33.534498615450644,48.04369429147657,not_preferentially_represent
YGL012W,1422,2,1.169486688902507,0.188042381,not_preferentially_represent,YGL012W,1946,487.0010022810967,342.71710223863244,not_preferentially_represent
YLR006C,2139,3,1.7542300333537604,0.187514913,not_preferentially_represent,YLR006C,244,61.06281837440266,28.560719539009668,not_preferentially_represent
YJL002C,1431,2,1.169486688902507,0.186859725,not_preferentially_represent,YJL002C,1611,403.1647557424701,281.93339562410495,not_preferentially_represent
YJL012C,2166,3,1.7542300333537604,0.18517747,not_preferentially_represent,YJL012C,1778,444.9577502856063,205.5232102935826,not_preferentially_represent
YLR326W,723,1,0.5847433444512535,0.184921346,not_preferentially_represent,YLR326W,59,14.765189688892448,20.450401231152973,not_preferentially_represent
YPL065W,729,1,0.5847433444512535,0.18339936,not_preferentially_represent,YPL065W,14,3.5036043329575297,4.812643314502102,not_preferentially_represent
YLR183C,1470,2,1.169486688902507,0.181902222,not_preferentially_represent,YLR183C,53,13.263644974767793,9.029029935172085,not_preferentially_represent
YNR045W,1470,2,1.169486688902507,0.181902222,not_preferentially_represent,YNR045W,70,17.51802166478765,11.925133876642375,not_preferentially_represent
YNL240C,1476,2,1.169486688902507,0.181162782,not_preferentially_represent,YNL240C,263,65.81770996913073,44.62217625025813,not_preferentially_represent
YDR535C,757,1,0.5847433444512535,0.176615764,not_preferentially_represent,YDR535C,7,1.7518021664787649,2.3171986329084193,not_preferentially_represent
YLR323C,780,1,0.5847433444512535,0.171407863,not_preferentially_represent,YLR323C,45,11.261585355934917,14.45646387154675,not_preferentially_represent
YCL043C,1569,2,1.169486688902507,0.170424644,not_preferentially_represent,YCL043C,5538,1385.9257711370574,883.881231592511,not_preferentially_represent
YIR036C,792,1,0.5847433444512535,0.168810774,not_preferentially_represent,YIR036C,123,30.781666639555443,38.91487565051257,not_preferentially_represent
YDL143W,1587,2,1.169486688902507,0.168491661,not_preferentially_represent,YDL143W,1185,296.5550810396195,186.98302713721282,not_preferentially_represent
YDR534C,1587,2,1.169486688902507,0.168491661,not_preferentially_represent,YDR534C,22,5.505663951790404,3.4714148498047948,not_preferentially_represent
YDR471W,795,1,0.5847433444512535,0.168173752,not_preferentially_represent,YDR471W,3608,902.9288880936263,1137.190035382401,not_preferentially_represent
YHR007C,1593,2,1.169486688902507,0.167857041,not_preferentially_represent,YHR007C,4068,1018.0473161765166,639.4769573973094,not_preferentially_represent
YFR050C,801,1,0.5847433444512535,0.166914024,not_preferentially_represent,YFR050C,359,89.84242539512523,112.30303174390654,not_preferentially_represent
YPR183W,804,1,0.5847433444512535,0.16629121,not_preferentially_represent,YPR183W,2022,506.02056866000896,630.162601070995,not_preferentially_represent
YBR219C,805,1,0.5847433444512535,0.166084637,not_preferentially_represent,YBR219C,42,10.510812998872591,13.073150496110188,not_preferentially_represent
YLR095C,2439,3,1.7542300333537604,0.164450348,not_preferentially_represent,YLR095C,107,26.777547401889695,10.983407465910457,not_preferentially_represent
YGL045W,1629,2,1.169486688902507,0.164147493,not_preferentially_represent,YGL045W,28,7.007208665915059,4.3041822272205525,not_preferentially_represent
YCL061C,3291,4,2.338973377805014,0.162501529,not_preferentially_represent,YCL061C,18,4.504634142373967,1.3691897089282574,not_preferentially_represent
YOR132W,1656,2,1.169486688902507,0.161471175,not_preferentially_represent,YOR132W,80,20.020596188328746,12.097036971799845,not_preferentially_represent
YCL036W,1701,2,1.169486688902507,0.157199451,not_preferentially_represent,YCL036W,175,43.79505416196912,25.76179656586419,not_preferentially_represent
YGL003C,1701,2,1.169486688902507,0.157199451,not_preferentially_represent,YGL003C,80,20.020596188328746,11.776821287252202,not_preferentially_represent
YLR028C,1776,2,1.169486688902507,0.150560961,not_preferentially_represent,YLR028C,335,83.83624653862661,47.23168819077556,not_preferentially_represent
YFL059W,897,1,0.5847433444512535,0.149050316,not_preferentially_represent,YFL059W,13,3.253346880603421,3.6309675006734605,not_preferentially_represent
YOL158C,1821,2,1.169486688902507,0.146840344,not_preferentially_represent,YOL158C,263,65.81770996913073,36.16357690611579,not_preferentially_represent
YJL181W,1836,2,1.169486688902507,0.145640668,not_preferentially_represent,YJL181W,20,5.005149047082186,15.789113713193014,not_preferentially_represent
YKL183W,921,1,0.5847433444512535,0.145166268,not_preferentially_represent,YKL183W,134,33.534498615450644,36.45054197331592,not_preferentially_represent
YDL037C,987,1,0.5847433444512535,0.135459101,not_preferentially_represent,YDL037C,437,109.36250667874576,110.91532117519854,not_preferentially_represent
YMR008C,1995,2,1.169486688902507,0.134033216,not_preferentially_represent,YMR008C,1504,376.38720834058034,188.75988382175547,not_preferentially_represent
YGR031W,1029,1,0.5847433444512535,0.129930159,not_preferentially_represent,YGR031W,85,21.271883450099292,20.692493628501254,not_preferentially_represent
YKL146W,2079,2,1.169486688902507,0.128617733,not_preferentially_represent,YKL146W,394,98.60143622751906,47.45016180342592,not_preferentially_represent
YLR100W,1044,1,0.5847433444512535,0.128063346,not_preferentially_represent,YLR100W,1571,393.1544576483057,376.9457887327955,not_preferentially_represent
YDL039C,2097,2,1.169486688902507,0.127513718,not_preferentially_represent,YDL039C,998,249.75693744940105,119.15884420295852,not_preferentially_represent
YNL231C,1056,1,0.5847433444512535,0.126608081,not_preferentially_represent,YNL231C,166,41.54273709078215,39.37700198178402,not_preferentially_represent
YKR090W,2121,2,1.169486688902507,0.126070847,not_preferentially_represent,YKR090W,76,19.019566378912305,8.971493574958634,not_preferentially_represent
YCL064C,1083,1,0.5847433444512535,0.123451646,not_preferentially_represent,YCL064C,329,82.33470182450196,76.09491850693341,not_preferentially_represent
YDR047W,1089,1,0.5847433444512535,0.122771472,not_preferentially_represent,YDR047W,324,81.08341456273142,74.52519720839284,not_preferentially_represent
YIL083C,1098,1,0.5847433444512535,0.121765149,not_preferentially_represent,YIL083C,133,33.28424116309653,30.341149647307688,not_preferentially_represent
YKR042W,1098,1,0.5847433444512535,0.121765149,not_preferentially_represent,YKR042W,2518,630.1482650276472,574.4286827963967,not_preferentially_represent
YLL029W,2250,2,1.169486688902507,0.118842785,not_preferentially_represent,YLL029W,236,59.06075875556979,26.260897623641526,not_preferentially_represent
YCL045C,2283,2,1.169486688902507,0.117124952,not_preferentially_represent,YCL045C,603,150.90524376952789,66.128502966489,not_preferentially_represent
YAR050W,4614,4,2.338973377805014,0.115906487,not_preferentially_represent,YAR050W,51,12.763130070059574,2.766774348593014,not_preferentially_represent
YAR073W,1212,1,0.5847433444512535,0.110311991,not_preferentially_represent,YAR073W,28,7.007208665915059,5.78629947639559,not_preferentially_represent
YCL028W,1218,1,0.5847433444512535,0.109768582,not_preferentially_represent,YCL028W,545,136.39031153298956,112.07092155545568,not_preferentially_represent
YAL061W,1254,1,0.5847433444512535,0.106617331,not_preferentially_represent,YAL061W,110,27.528319758952023,21.969927980009594,not_preferentially_represent
YAL062W,1374,1,0.5847433444512535,0.097305774,not_preferentially_represent,YAL062W,92,23.023685616578053,16.768889742591444,not_preferentially_represent
YLR116W,1431,1,0.5847433444512535,0.093429862,not_preferentially_represent,YLR116W,86,21.5221409024534,15.050448183533845,not_preferentially_represent
YGL202W,1503,1,0.5847433444512535,0.08895418,not_preferentially_represent,YGL202W,2485,621.8897690999615,414.0411245672181,not_preferentially_represent
YNL241C,1518,1,0.5847433444512535,0.088075187,not_preferentially_represent,YNL241C,859,214.97115157217988,141.7080761846934,not_preferentially_represent
YGL201C,3054,2,1.169486688902507,0.087556079,not_preferentially_represent,YGL201C,58,14.514932236538339,4.754317797752486,not_preferentially_represent
YEL042W,1557,1,0.5847433444512535,0.085869064,not_preferentially_represent,YEL042W,1375,344.10399698690026,221.1465276265426,not_preferentially_represent
YFR051C,1641,1,0.5847433444512535,0.081473573,not_preferentially_represent,YFR051C,627,156.9114226260265,95.67769672318691,not_preferentially_represent
YMR047C,3342,2,1.169486688902507,0.080010852,not_preferentially_represent,YMR047C,108,27.027804854243804,8.08973506562221,not_preferentially_represent
YOR330C,3765,2,1.169486688902507,0.071021585,not_preferentially_represent,YOR330C,51,12.763130070059574,3.390842207773532,not_preferentially_represent
YIR019C,4104,2,1.169486688902507,0.065155036,not_preferentially_represent,YIR019C,58,14.514932236538339,3.5376388585275014,not_preferentially_represent
YPR184W,4611,2,1.169486688902507,0.057990949,not_preferentially_represent,YPR184W,64,16.016476950662994,3.4742900109898036,not_preferentially_represent
YAL068C,363,0,0.0,0.0,not_preferentially_represent,YAL068C,4,1.0010298094164372,2.765275716619992,not_preferentially_represent
YAL019W-A,570,0,0.0,0.0,not_preferentially_represent,YAL019W-A,65,16.266734403017104,28.58828541830774,not_preferentially_represent
YAL015C,1200,0,0.0,0.0,not_preferentially_represent,YAL015C,81,20.270853640682855,16.906466756199208,not_preferentially_represent
YAL008W,597,0,0.0,0.0,not_preferentially_represent,YAL008W,18,4.504634142373967,7.558110977137529,not_preferentially_represent
YAR023C,540,0,0.0,0.0,not_preferentially_represent,YAR023C,18,4.504634142373967,8.357391729821831,not_preferentially_represent
YAR029W,225,0,0.0,0.0,not_preferentially_represent,YAR029W,5,1.2512872617705466,5.586103847189939,not_preferentially_represent
YAR030C,342,0,0.0,0.0,not_preferentially_represent,YAR030C,9,2.2523170711869835,6.605035399375319,not_preferentially_represent
YAR031W,897,0,0.0,0.0,not_preferentially_represent,YAR031W,120,30.030894282493115,33.516623083139635,not_preferentially_represent
YAR035W,2064,0,0.0,0.0,not_preferentially_represent,YAR035W,35,8.759010832393825,4.245763854771607,not_preferentially_represent
YAR075W,474,0,0.0,0.0,not_preferentially_represent,YAR075W,5,1.2512872617705466,1.0332677636420697,not_preferentially_represent
YBL113W-A,483,0,0.0,0.0,not_preferentially_represent,YBL113W-A,30,7.507723570623279,15.576189980546221,not_preferentially_represent
YBL096C,309,0,0.0,0.0,not_preferentially_represent,YBL096C,13,3.253346880603421,10.562814547413703,not_preferentially_represent
YBL091C-A,616,0,0.0,0.0,not_preferentially_represent,YBL091C-A,40,10.010298094164373,16.27690747018597,not_preferentially_represent
YBL044W,369,0,0.0,0.0,not_preferentially_represent,YBL044W,2,0.5005149047082186,1.360094849750594,not_preferentially_represent
YBL032W,1146,0,0.0,0.0,not_preferentially_represent,YBL032W,342,85.58804870510538,74.74938751537587,not_preferentially_represent
YBR067C,633,0,0.0,0.0,not_preferentially_represent,YBR067C,1370,342.8527097251297,542.4884647549521,not_preferentially_represent
YBR126W-B,144,0,0.0,0.0,not_preferentially_represent,YBR126W-B,12,3.0030894282493112,14.578104020627725,not_preferentially_represent
YBR147W,891,0,0.0,0.0,not_preferentially_represent,YBR147W,5,1.2512872617705466,1.4059407435624118,not_preferentially_represent
YBR196C-A,150,0,0.0,0.0,not_preferentially_represent,YBR196C-A,4,1.0010298094164372,6.718320868566693,not_preferentially_represent
YBR196C-B,105,0,0.0,0.0,not_preferentially_represent,YBR196C-B,4,1.0010298094164372,9.625286629004204,not_preferentially_represent
YBR220C,1683,0,0.0,0.0,not_preferentially_represent,YBR220C,339,84.83727634804306,50.43833314390193,not_preferentially_represent
YBR221C,1101,0,0.0,0.0,not_preferentially_represent,YBR221C,2323,581.3480618185959,528.4982380169054,not_preferentially_represent
YBR222C,1632,0,0.0,0.0,not_preferentially_represent,YBR222C,612,153.1575608407149,93.9040838998865,not_preferentially_represent
YBR223C,1635,0,0.0,0.0,not_preferentially_represent,YBR223C,45,11.261585355934917,6.8920351015513575,not_preferentially_represent
YBR224W,516,0,0.0,0.0,not_preferentially_represent,YBR224W,2,0.5005149047082186,0.9718736013751818,not_preferentially_represent
YCL059C,951,0,0.0,0.0,not_preferentially_represent,YCL059C,192,48.04943085198898,50.57834826525156,not_preferentially_represent
YCL058C,459,0,0.0,0.0,not_preferentially_represent,YCL058C,79,19.770338735974633,43.16667846282671,not_preferentially_represent
YCL058W-A,342,0,0.0,0.0,not_preferentially_represent,YCL058W-A,50,12.512872617705465,36.694641107640656,not_preferentially_represent
YCL057C-A,294,0,0.0,0.0,not_preferentially_represent,YCL057C-A,259,64.8166801597143,221.21733842905905,not_preferentially_represent
YCL057W,2139,0,0.0,0.0,not_preferentially_represent,YCL057W,327,81.83418691979374,38.276046267443284,not_preferentially_represent
YCL056C,435,0,0.0,0.0,not_preferentially_represent,YCL056C,26,6.506693761206842,14.992381938264613,not_preferentially_represent
YCL046W,324,0,0.0,0.0,not_preferentially_represent,YCL046W,41,10.260555546518482,31.76642584061449,not_preferentially_represent
YCL041C,495,0,0.0,0.0,not_preferentially_represent,YCL041C,186,46.547886137864324,94.22649015762009,not_preferentially_represent
YCL042W,360,0,0.0,0.0,not_preferentially_represent,YCL042W,96,24.02471542599449,48.633027178126504,not_preferentially_represent
YCL040W,1503,0,0.0,0.0,not_preferentially_represent,YCL040W,800,200.20596188328744,133.29291736570403,not_preferentially_represent
YCL035C,333,0,0.0,0.0,not_preferentially_represent,YCL035C,198,49.55097556611364,149.24992640395675,not_preferentially_represent
YCL034W,1065,0,0.0,0.0,not_preferentially_represent,YCL034W,190,47.54891594728076,44.68883077751951,not_preferentially_represent
YCL033C,507,0,0.0,0.0,not_preferentially_represent,YCL033C,117,29.280121925430787,57.86585360757073,not_preferentially_represent
YCL029C,1323,0,0.0,0.0,not_preferentially_represent,YCL029C,74,18.519051474204087,14.008359662786752,not_preferentially_represent
YCL027W,1539,0,0.0,0.0,not_preferentially_represent,YCL027W,31,7.757981022977387,5.044200925212866,not_preferentially_represent
YCL026C-B,582,0,0.0,0.0,not_preferentially_represent,YCL026C-B,13,3.253346880603421,5.599564338387988,not_preferentially_represent
YCL026C-A,582,0,0.0,0.0,not_preferentially_represent,YCL026C-A,4,1.0010298094164372,1.72294287335015,not_preferentially_represent
YCL010C,780,0,0.0,0.0,not_preferentially_represent,YCL010C,39,9.760040641810262,12.528935355340517,not_preferentially_represent
YCL009C,930,0,0.0,0.0,not_preferentially_represent,YCL009C,2340,585.6024385086158,630.3578455421052,not_preferentially_represent
YDL125C,588,0,0.0,0.0,not_preferentially_represent,YDL125C,1090,272.7806230659791,464.70293537645506,not_preferentially_represent
YDL051W,828,0,0.0,0.0,not_preferentially_represent,YDL051W,850,212.7188345009929,257.2174540519866,not_preferentially_represent
YDL050C,372,0,0.0,0.0,not_preferentially_represent,YDL050C,397,99.35220858458139,267.79571047056976,not_preferentially_represent
YDL049C,807,0,0.0,0.0,not_preferentially_represent,YDL049C,31,7.757981022977387,9.625286629004204,not_preferentially_represent
YDL043C,801,0,0.0,0.0,not_preferentially_represent,YDL043C,12,3.0030894282493112,3.7538617853116394,not_preferentially_represent
YDL041W,354,0,0.0,0.0,not_preferentially_represent,YDL041W,10,2.502574523541093,7.0894462423260425,not_preferentially_represent
YDR007W,675,0,0.0,0.0,not_preferentially_represent,YDR007W,795,198.9546746215169,295.1849771832595,not_preferentially_represent
YDR008C,351,0,0.0,0.0,not_preferentially_represent,YDR008C,339,84.83727634804306,242.39221813726584,not_preferentially_represent
YDR091C,1827,0,0.0,0.0,not_preferentially_represent,YDR091C,840,210.2162599774518,115.12391017385093,not_preferentially_represent
YDR327W,327,0,0.0,0.0,not_preferentially_represent,YDR327W,270,67.5695121356095,207.2684421337715,not_preferentially_represent
YDR328C,585,0,0.0,0.0,not_preferentially_represent,YDR328C,610,152.65704593600668,261.3990512602854,not_preferentially_represent
YDR525W-A,240,0,0.0,0.0,not_preferentially_represent,YDR525W-A,79,19.770338735974633,82.72108257729973,not_preferentially_represent
YDR526C,471,0,0.0,0.0,not_preferentially_represent,YDR526C,21,5.255406499436296,11.181715956247436,not_preferentially_represent
YDR529C,384,0,0.0,0.0,not_preferentially_represent,YDR529C,814,203.70956621624495,531.8787629666971,not_preferentially_represent
YDR530C,978,0,0.0,0.0,not_preferentially_represent,YDR530C,124,31.03192409190955,31.76246068772728,not_preferentially_represent
YDR545C-A,480,0,0.0,0.0,not_preferentially_represent,YDR545C-A,14,3.5036043329575297,7.3144140562787685,not_preferentially_represent
YEL077W-A,483,0,0.0,0.0,not_preferentially_represent,YEL077W-A,18,4.504634142373967,9.345713988327732,not_preferentially_represent
YEL076C-A,930,0,0.0,0.0,not_preferentially_represent,YEL076C-A,1,0.2502574523541093,0.26938369467611334,not_preferentially_represent
YEL048C,459,0,0.0,0.0,not_preferentially_represent,YEL048C,15,3.7538617853116394,8.196204771422794,not_preferentially_represent
YEL045C,426,0,0.0,0.0,not_preferentially_represent,YEL045C,9,2.2523170711869835,5.2995695792634905,not_preferentially_represent
YEL035C,501,0,0.0,0.0,not_preferentially_represent,YEL035C,8,2.0020596188328743,4.004119237665749,not_preferentially_represent
YER037W,966,0,0.0,0.0,not_preferentially_represent,YER037W,231,57.80947149379924,59.9061880764759,not_preferentially_represent
YER053C-A,114,0,0.0,0.0,not_preferentially_represent,YER053C-A,50,12.512872617705465,110.7333859973935,not_preferentially_represent
YER067W,486,0,0.0,0.0,not_preferentially_represent,YER067W,64,16.016476950662994,32.03295390132599,not_preferentially_represent
YER067C-A,324,0,0.0,0.0,not_preferentially_represent,YER067C-A,50,12.512872617705465,38.739543708066456,not_preferentially_represent
YER150W,447,0,0.0,0.0,not_preferentially_represent,YER150W,68,17.01750676007943,38.155844753541324,not_preferentially_represent
YER187W,426,0,0.0,0.0,not_preferentially_represent,YER187W,13,3.253346880603421,7.654933836713931,not_preferentially_represent
YER190C-B,483,0,0.0,0.0,not_preferentially_represent,YER190C-B,15,3.7538617853116394,7.788094990273111,not_preferentially_represent
YFL068W,483,0,0.0,0.0,not_preferentially_represent,YFL068W,19,4.754891594728076,9.864920321012606,not_preferentially_represent
YFL067W,528,0,0.0,0.0,not_preferentially_represent,YFL067W,10,2.502574523541093,4.748718260988791,not_preferentially_represent
YFL052W,1398,0,0.0,0.0,not_preferentially_represent,YFL052W,14,3.5036043329575297,2.5079486993253615,not_preferentially_represent
YFL017C,480,0,0.0,0.0,not_preferentially_represent,YFL017C,122,30.53140918720133,63.73989391900069,not_preferentially_represent
YFL015C,495,0,0.0,0.0,not_preferentially_represent,YFL015C,1,0.2502574523541093,0.7894556856596507,not_preferentially_represent
YFR014C,1341,0,0.0,0.0,not_preferentially_represent,YFR014C,56,14.014417331830119,10.458520396888149,not_preferentially_represent
YGL254W,900,0,0.0,0.0,not_preferentially_represent,YGL254W,51,12.763130070059574,14.197030111300972,not_preferentially_represent
YGL234W,2409,0,0.0,0.0,not_preferentially_represent,YGL234W,2903,726.4973841839792,301.70157150497477,not_preferentially_represent
YGL199C,471,0,0.0,0.0,not_preferentially_represent,YGL199C,320,80.08238475331498,170.3880526666276,not_preferentially_represent
YGL198W,708,0,0.0,0.0,not_preferentially_represent,YGL198W,552,138.14211369946833,293.9193908499326,not_preferentially_represent
YGL044C,891,0,0.0,0.0,not_preferentially_represent,YGL044C,33,8.258495927685606,9.279208907511917,not_preferentially_represent
YGL011C,759,0,0.0,0.0,not_preferentially_represent,YGL011C,342,85.58804870510538,112.9129930146509,not_preferentially_represent
YGL010W,525,0,0.0,0.0,not_preferentially_represent,YGL010W,35,8.759010832393825,16.71566952746913,not_preferentially_represent
YGL007W,378,0,0.0,0.0,not_preferentially_represent,YGL007W,9,2.2523170711869835,5.974315838692264,not_preferentially_represent
YGL001C,1050,0,0.0,0.0,not_preferentially_represent,YGL001C,897,224.48093476163604,213.99517136476265,not_preferentially_represent
YGR011W,327,0,0.0,0.0,not_preferentially_represent,YGR011W,8,2.0020596188328743,6.1412871743339705,not_preferentially_represent
YGR015C,987,0,0.0,0.0,not_preferentially_represent,YGR015C,50,12.512872617705465,12.690540180228666,not_preferentially_represent
YGR016W,573,0,0.0,0.0,not_preferentially_represent,YGR016W,5,1.2512872617705466,2.187565142955501,not_preferentially_represent
YGR018C,330,0,0.0,0.0,not_preferentially_represent,YGR018C,38,9.509783189456153,28.905116077374327,not_preferentially_represent
YGR020C,357,0,0.0,0.0,not_preferentially_represent,YGR020C,933,233.49020304638398,655.871356871865,not_preferentially_represent
YGR031C-A,492,0,0.0,0.0,not_preferentially_represent,YGR031C-A,38,9.509783189456153,19.368193868546136,not_preferentially_represent
YGR082W,552,0,0.0,0.0,not_preferentially_represent,YGR082W,632,158.16270988779706,287.04666041342483,not_preferentially_represent
YGR095C,672,0,0.0,0.0,not_preferentially_represent,YGR095C,143,35.78681568663763,53.33355541972821,not_preferentially_represent
YGR096W,945,0,0.0,0.0,not_preferentially_represent,YGR096W,83,20.771368545391073,22.00356837435495,not_preferentially_represent
YGR133W,552,0,0.0,0.0,not_preferentially_represent,YGR133W,62,15.515962045954774,28.15964073676003,not_preferentially_represent
YGR243W,441,0,0.0,0.0,not_preferentially_represent,YGR243W,28,7.007208665915059,15.925474240716046,not_preferentially_represent
YGR248W,768,0,0.0,0.0,not_preferentially_represent,YGR248W,26,6.506693761206842,8.483303469630824,not_preferentially_represent
YHL026C,948,0,0.0,0.0,not_preferentially_represent,YHL026C,39,9.760040641810262,10.306273117011893,not_preferentially_represent
YHR007C-A,216,0,0.0,0.0,not_preferentially_represent,YHR007C-A,6,1.5015447141246556,6.983928902905376,not_preferentially_represent
YHR008C,702,0,0.0,0.0,not_preferentially_represent,YHR008C,387,96.84963406104029,138.15924973044264,not_preferentially_represent
YHR009C,1572,0,0.0,0.0,not_preferentially_represent,YHR009C,345,86.33882106216771,54.95787464173629,not_preferentially_represent
YHR073C-B,81,0,0.0,0.0,not_preferentially_represent,YHR073C-B,2,0.5005149047082186,6.256436308852733,not_preferentially_represent
YHR191C,402,0,0.0,0.0,not_preferentially_represent,YHR191C,66,16.516991855371213,41.18950587374368,not_preferentially_represent
YHR219C-A,483,0,0.0,0.0,not_preferentially_represent,YHR219C-A,15,3.7538617853116394,7.788094990273111,not_preferentially_represent
YIL163C,354,0,0.0,0.0,not_preferentially_represent,YIL163C,8,2.0020596188328743,5.6715569938608335,not_preferentially_represent
YIL162W,1599,0,0.0,0.0,not_preferentially_represent,YIL162W,437,109.36250667874576,68.43711306554803,not_preferentially_represent
YIL161W,708,0,0.0,0.0,not_preferentially_represent,YIL161W,12,3.0030894282493112,4.247651242219677,not_preferentially_represent
YIL156W-B,284,0,0.0,0.0,not_preferentially_represent,YIL156W-B,135,33.78475606780475,119.38076349047617,not_preferentially_represent
YIL153W,1182,0,0.0,0.0,not_preferentially_represent,YIL153W,161,40.2914498290116,34.11638427520033,not_preferentially_represent
YIL114C,846,0,0.0,0.0,not_preferentially_represent,YIL114C,300,75.07723570623278,88.8487996523465,not_preferentially_represent
YIL100C-A,339,0,0.0,0.0,not_preferentially_represent,YIL100C-A,5,1.2512872617705466,3.7020333188477705,not_preferentially_represent
YIL100W,354,0,0.0,0.0,not_preferentially_represent,YIL100W,8,2.0020596188328743,5.6715569938608335,not_preferentially_represent
YIL012W,342,0,0.0,0.0,not_preferentially_represent,YIL012W,2,0.5005149047082186,1.4677856443056263,not_preferentially_represent
YIL010W,648,0,0.0,0.0,not_preferentially_represent,YIL010W,106,26.527289949535586,41.00044814456814,not_preferentially_represent
YIL009C-A,547,0,0.0,0.0,not_preferentially_represent,YIL009C-A,48,12.012357712997245,22.000655152009607,not_preferentially_represent
YIR006C,4443,0,0.0,0.0,not_preferentially_represent,YIR006C,254,63.56539289794376,14.310083948208861,not_preferentially_represent
YIR016W,798,0,0.0,0.0,not_preferentially_represent,YIR016W,49,12.262615165351356,15.3859663304283,not_preferentially_represent
YIR018W,738,0,0.0,0.0,not_preferentially_represent,YIR018W,18,4.504634142373967,6.112122309869697,not_preferentially_represent
YIR020C,303,0,0.0,0.0,not_preferentially_represent,YIR020C,8,2.0020596188328743,6.629336486201571,not_preferentially_represent
YIR020W-A,243,0,0.0,0.0,not_preferentially_represent,YIR020W-A,3,0.7507723570623278,3.102365111827801,not_preferentially_represent
YIR035C,765,0,0.0,0.0,not_preferentially_represent,YIR035C,646,161.6663142207546,211.60512332559503,not_preferentially_represent
YJL184W,372,0,0.0,0.0,not_preferentially_represent,YJL184W,85,21.271883450099292,57.33661307304391,not_preferentially_represent
YJL173C,369,0,0.0,0.0,not_preferentially_represent,YJL173C,303,75.82800806329512,206.05436973721498,not_preferentially_represent
YJL161W,543,0,0.0,0.0,not_preferentially_represent,YJL161W,25,6.256436308852733,11.543240422237513,not_preferentially_represent
YJL159W,1242,0,0.0,0.0,not_preferentially_represent,YJL159W,13319,3333.1790079043817,2685.8815535087683,not_preferentially_represent
YJL003W,357,0,0.0,0.0,not_preferentially_represent,YJL003W,12,3.0030894282493112,8.435644461374471,not_preferentially_represent
YJR020W,333,0,0.0,0.0,not_preferentially_represent,YJR020W,18,4.504634142373967,13.568175127632431,not_preferentially_represent
YJR046W,1815,0,0.0,0.0,not_preferentially_represent,YJR046W,205,51.3027777325924,28.281575376291293,not_preferentially_represent
YJR094C,1083,0,0.0,0.0,not_preferentially_represent,YJR094C,6,1.5015447141246556,1.3877492736826762,not_preferentially_represent
YJR146W,354,0,0.0,0.0,not_preferentially_represent,YJR146W,78,19.520081283620524,55.29768069014313,not_preferentially_represent
YKL185W,1767,0,0.0,0.0,not_preferentially_represent,YKL185W,318,79.58186984860676,45.063346460139726,not_preferentially_represent
YKL147C,618,0,0.0,0.0,not_preferentially_represent,YKL147C,69,17.26776421243354,27.98665188400898,not_preferentially_represent
YKL068W-A,237,0,0.0,0.0,not_preferentially_represent,YKL068W-A,57,14.264674784184228,60.44353722111962,not_preferentially_represent
YKL030W,606,0,0.0,0.0,not_preferentially_represent,YKL030W,461,115.36868553524438,190.6920422070155,not_preferentially_represent
YKL029C,2010,0,0.0,0.0,not_preferentially_represent,YKL029C,1535,384.1451893635578,191.21214005154692,not_preferentially_represent
YKR044W,1332,0,0.0,0.0,not_preferentially_represent,YKR044W,223,55.80741187496637,41.9289345416727,not_preferentially_represent
YKR047W,306,0,0.0,0.0,not_preferentially_represent,YKR047W,283,70.82285901621293,232.20609513512437,not_preferentially_represent
YKR092C,1221,0,0.0,0.0,not_preferentially_represent,YKR092C,153,38.28939021017872,31.384746073916986,not_preferentially_represent
YLL066W-A,483,0,0.0,0.0,not_preferentially_represent,YLL066W-A,12,3.0030894282493112,6.230475992218489,not_preferentially_represent
YLL045C,771,0,0.0,0.0,not_preferentially_represent,YLL045C,11245,2814.1450517219587,3654.7338334051415,not_preferentially_represent
YLL044W,447,0,0.0,0.0,not_preferentially_represent,YLL044W,6354,1590.1358522580103,3565.3270230000235,not_preferentially_represent
YLR029C,615,0,0.0,0.0,not_preferentially_represent,YLR029C,13848,3465.5652001997055,5644.242997067924,preferentially_represented
YLR099C,1185,0,0.0,0.0,not_preferentially_represent,YLR099C,182,45.54685632844789,38.46862865578369,not_preferentially_represent
YLR099W-A,264,0,0.0,0.0,not_preferentially_represent,YLR099W-A,65,16.266734403017104,61.85070115215629,not_preferentially_represent
YLR101C,396,0,0.0,0.0,not_preferentially_represent,YLR101C,506,126.63027089117931,320.58296428146656,not_preferentially_represent
YLR110C,402,0,0.0,0.0,not_preferentially_represent,YLR110C,60722,15196.133021846224,37895.59357068884,preferentially_represented
YLR111W,333,0,0.0,0.0,not_preferentially_represent,YLR111W,4,1.0010298094164372,3.0151500283627626,not_preferentially_represent
YLR112W,420,0,0.0,0.0,not_preferentially_represent,YLR112W,15,3.7538617853116394,8.959097339645917,not_preferentially_represent
YLR155C,1089,0,0.0,0.0,not_preferentially_represent,YLR155C,834,208.71471526332715,191.83337799938158,not_preferentially_represent
YLR156W,345,0,0.0,0.0,not_preferentially_represent,YLR156W,3,0.7507723570623278,2.18247778215793,not_preferentially_represent
YLR157C,1089,0,0.0,0.0,not_preferentially_represent,YLR157C,819,204.9608534780155,1564.5866677711108,not_preferentially_represent
YLR158C,1089,0,0.0,0.0,not_preferentially_represent,YLR158C,848,212.2183195962847,195.0536025701146,not_preferentially_represent
YLR159W,345,0,0.0,0.0,not_preferentially_represent,YLR159W,5,1.2512872617705466,3.6374629702632166,not_preferentially_represent
YLR160C,1089,0,0.0,0.0,not_preferentially_represent,YLR160C,846,211.71780469157648,194.5935704885813,not_preferentially_represent
YLR161W,345,0,0.0,0.0,not_preferentially_represent,YLR161W,2,0.5005149047082186,2.3609193618312196,not_preferentially_represent
YLR176C,2436,0,0.0,0.0,not_preferentially_represent,YLR176C,18,4.504634142373967,1.8499524198661057,not_preferentially_represent
YLR178C,660,0,0.0,0.0,not_preferentially_represent,YLR178C,90,22.523170711869835,34.177800776737236,not_preferentially_represent
YLR179C,606,0,0.0,0.0,not_preferentially_represent,YLR179C,823,205.96188328743193,340.432864937904,not_preferentially_represent
YLR180W,1149,0,0.0,0.0,not_preferentially_represent,YLR180W,3287,822.5962458879573,716.5472525156422,not_preferentially_represent
YLR181C,993,0,0.0,0.0,not_preferentially_represent,YLR181C,49,12.262615165351356,12.361507223136448,not_preferentially_represent
YLR186W,759,0,0.0,0.0,not_preferentially_represent,YLR186W,840,210.2162599774518,277.3301582815987,not_preferentially_represent
YLR190W,1476,0,0.0,0.0,not_preferentially_represent,YLR190W,112,28.028834663660238,19.002599771973046,not_preferentially_represent
YLR191W,1161,0,0.0,0.0,not_preferentially_represent,YLR191W,71,17.76827911714176,15.317481997536,not_preferentially_represent
YLR195C,1368,0,0.0,0.0,not_preferentially_represent,YLR195C,170,42.543766900198584,31.121994806290108,not_preferentially_represent
YLR204W,336,0,0.0,0.0,not_preferentially_represent,YLR204W,94,23.52420052128627,70.22149409339185,not_preferentially_represent
YLR205C,954,0,0.0,0.0,not_preferentially_represent,YLR205C,104,26.026775044827367,27.31036206172861,not_preferentially_represent
YLR208W,894,0,0.0,0.0,not_preferentially_represent,YLR208W,422,105.60864489343412,118.26276023900797,not_preferentially_represent
YLR322W,315,0,0.0,0.0,not_preferentially_represent,YLR322W,4,1.0010298094164372,3.1879930236192267,not_preferentially_represent
YLR324W,1572,0,0.0,0.0,not_preferentially_represent,YLR324W,36,9.009268284747934,5.734734745224656,not_preferentially_represent
YLR327C,261,0,0.0,0.0,not_preferentially_represent,YLR327C,20,5.005149047082186,19.25057325800841,not_preferentially_represent
YLR348C,897,0,0.0,0.0,not_preferentially_represent,YLR348C,341,85.33779125275127,95.24307059458847,not_preferentially_represent
YLR349W,507,0,0.0,0.0,not_preferentially_represent,YLR349W,101,25.27600268776504,49.95257448174909,not_preferentially_represent
YLR415C,339,0,0.0,0.0,not_preferentially_represent,YLR415C,2,0.5005149047082186,1.4808133275391082,not_preferentially_represent
YLR456W,615,0,0.0,0.0,not_preferentially_represent,YLR456W,7,1.7518021664787649,2.8530979910077607,not_preferentially_represent
YLR463C,552,0,0.0,0.0,not_preferentially_represent,YLR463C,5,1.2512872617705466,2.2709387690935507,not_preferentially_represent
YLR467C-A,483,0,0.0,0.0,not_preferentially_represent,YLR467C-A,17,4.254376690019858,8.826507655642859,not_preferentially_represent
YML133W-A,576,0,0.0,0.0,not_preferentially_represent,YML133W-A,23,5.755921404144513,10.010298094164371,not_preferentially_represent
YML120C,1542,0,0.0,0.0,not_preferentially_represent,YML120C,206,51.553035184946516,33.45427331923849,not_preferentially_represent
YML100W-A,174,0,0.0,0.0,not_preferentially_represent,YML100W-A,5,1.2512872617705466,7.232874345494488,not_preferentially_represent
YML037C,1023,0,0.0,0.0,not_preferentially_represent,YML037C,5,1.2512872617705466,1.2243515281512196,not_preferentially_represent
YMR048W,954,0,0.0,0.0,not_preferentially_represent,YMR048W,24,6.0061788564986225,6.302391245014295,not_preferentially_represent
YMR068W,1281,0,0.0,0.0,not_preferentially_represent,YMR068W,21,5.255406499436296,4.105786327684606,not_preferentially_represent
YMR069W,858,0,0.0,0.0,not_preferentially_represent,YMR069W,4,1.0010298094164372,1.1680627881171963,not_preferentially_represent
YMR138W,576,0,0.0,0.0,not_preferentially_represent,YMR138W,60,15.015447141246558,26.113821115211405,not_preferentially_represent
YMR139W,1113,0,0.0,0.0,not_preferentially_represent,YMR139W,54,13.513902427121902,12.152789952447753,not_preferentially_represent
YNL033W,855,0,0.0,0.0,not_preferentially_represent,YNL033W,19,4.754891594728076,5.567788752608989,not_preferentially_represent
YNL018C,1839,0,0.0,0.0,not_preferentially_represent,YNL018C,16,4.004119237665749,2.1785197158137914,not_preferentially_represent
YNL015W,228,0,0.0,0.0,not_preferentially_represent,YNL015W,100,25.02574523541093,110.24557372427722,not_preferentially_represent
YNR046W,408,0,0.0,0.0,not_preferentially_represent,YNR046W,493,123.37692401057589,303.1374054313904,not_preferentially_represent
YNR062C,984,0,0.0,0.0,not_preferentially_represent,YNR062C,20,5.005149047082186,5.091708084519009,not_preferentially_represent
YOL165C,432,0,0.0,0.0,not_preferentially_represent,YOL165C,2,0.5005149047082186,1.1612874819216208,not_preferentially_represent
YOL164W-A,183,0,0.0,0.0,not_preferentially_represent,YOL164W-A,1,0.2502574523541093,1.3750409470006004,not_preferentially_represent
YOL164W,1941,0,0.0,0.0,not_preferentially_represent,YOL164W,68,17.01750676007943,93.50278439604084,not_preferentially_represent
YOL163W,510,0,0.0,0.0,not_preferentially_represent,YOL163W,6,1.5015447141246556,2.949989615176141,not_preferentially_represent
YOL162W,648,0,0.0,0.0,not_preferentially_represent,YOL162W,11,2.752831975895202,4.254763486700467,not_preferentially_represent
YOL160W,342,0,0.0,0.0,not_preferentially_represent,YOL160W,3,0.7507723570623278,2.2016784664584397,not_preferentially_represent
YOL159C-A,273,0,0.0,0.0,not_preferentially_represent,YOL159C-A,10,2.502574523541093,9.200641630665782,not_preferentially_represent
YOL159C,516,0,0.0,0.0,not_preferentially_represent,YOL159C,60,15.015447141246558,55.2038497839947,not_preferentially_represent
YOL131W,327,0,0.0,0.0,not_preferentially_represent,YOL131W,3,0.7507723570623278,0.5949067805565197,not_preferentially_represent
YOL111C,639,0,0.0,0.0,not_preferentially_represent,YOL111C,193,48.29968830434309,75.70484060241864,not_preferentially_represent
YOL110W,714,0,0.0,0.0,not_preferentially_represent,YOL110W,71,17.76827911714176,24.920447569623786,not_preferentially_represent
YOL085W-A,213,0,0.0,0.0,not_preferentially_represent,YOL085W-A,3,0.7507723570623278,3.5413790427468297,not_preferentially_represent
YOL085C,342,0,0.0,0.0,not_preferentially_represent,YOL085C,6,1.5015447141246556,7.082758085493659,not_preferentially_represent
YOL029C,606,0,0.0,0.0,not_preferentially_represent,YOL029C,24,6.0061788564986225,9.927568357848964,not_preferentially_represent
YOL007C,1026,0,0.0,0.0,not_preferentially_represent,YOL007C,148,37.038102948408174,36.13473458381285,not_preferentially_represent
YOR034C-A,243,0,0.0,0.0,not_preferentially_represent,YOR034C-A,5,1.2512872617705466,5.170608519713002,not_preferentially_represent
YOR045W,186,0,0.0,0.0,not_preferentially_represent,YOR045W,175,43.79505416196912,236.73002249713042,not_preferentially_represent
YOR108C-A,210,0,0.0,0.0,not_preferentially_represent,YOR108C-A,90,22.523170711869835,107.76636704243941,not_preferentially_represent
YOR135C,342,0,0.0,0.0,not_preferentially_represent,YOR135C,98,24.525230330702712,71.92149657097569,not_preferentially_represent
YOR136W,1110,0,0.0,0.0,not_preferentially_represent,YOR136W,426,106.60967470285055,312.6383422370984,not_preferentially_represent
YOR146W,306,0,0.0,0.0,not_preferentially_represent,YOR146W,287,71.82388882562937,235.4881600840307,not_preferentially_represent
YOR202W,663,0,0.0,0.0,not_preferentially_represent,YOR202W,35,8.759010832393825,13.23113418790608,not_preferentially_represent
YOR333C,417,0,0.0,0.0,not_preferentially_represent,YOR333C,4,1.0010298094164372,2.406321657251051,not_preferentially_represent
YOR348C,1884,0,0.0,0.0,not_preferentially_represent,YOR348C,303,75.82800806329512,40.26978654450086,not_preferentially_represent
YOR396C-A,483,0,0.0,0.0,not_preferentially_represent,YOR396C-A,25,6.256436308852733,12.980158317121852,not_preferentially_represent
YPL067C,597,0,0.0,0.0,not_preferentially_represent,YPL067C,197,49.30071811375953,82.7193256942274,not_preferentially_represent
YPL066W,1440,0,0.0,0.0,not_preferentially_represent,YPL066W,171,42.79402435255269,29.738724358966426,not_preferentially_represent
YPL063W,1431,0,0.0,0.0,not_preferentially_represent,YPL063W,220,55.056639517904046,38.50114651601682,not_preferentially_represent
YPR012W,255,0,0.0,0.0,not_preferentially_represent,YPR012W,6,1.5015447141246556,5.911593362695495,not_preferentially_represent
YPR014C,330,0,0.0,0.0,not_preferentially_represent,YPR014C,2,0.5005149047082186,1.521321898809175,not_preferentially_represent
YPR126C,309,0,0.0,0.0,not_preferentially_represent,YPR126C,60,15.015447141246558,48.75145175729402,not_preferentially_represent
YPR145C-A,237,0,0.0,0.0,not_preferentially_represent,YPR145C-A,4,1.0010298094164372,4.241651734815412,not_preferentially_represent
YPR146C,330,0,0.0,0.0,not_preferentially_represent,YPR146C,19,4.754891594728076,14.452558038687163,not_preferentially_represent
YPR182W,261,0,0.0,0.0,not_preferentially_represent,YPR182W,88,22.022655807161616,84.70252233523699,not_preferentially_represent
YPR204C-A,483,0,0.0,0.0,not_preferentially_represent,YPR204C-A,25,6.256436308852733,12.980158317121852,not_preferentially_represent
