chr,start,end,name,score,strand,reads,bases_covered,region_length,FPKM
III,11145,14849,HML,0,+,308,3204,3704,11.117447356651725
III,198670,201177,MATALPHA,0,+,1203,2507,2507,64.15590513558492
III,292387,295034,HMR,0,+,917,2647,2647,46.31703365889324
