chr,start,end,name,score,strand,reads,bases_covered,region_length,FPKM
Mito,4011,4312,ORI1,0,-,2393,301,301,1062.9223675047238
Mito,12509,12780,ORI8,0,-,4448,271,271,2194.425447359479
Mito,30219,30594,ORI7,0,+,7468,375,375,2662.553755562734
Mito,32230,32501,ORI2,0,+,11054,271,271,5453.502449440576
Mito,45226,47927,ORI6,0,+,48267,2701,2701,2389.192074257294
Mito,54566,54840,ORI3,0,-,1903,274,274,928.5676911579214
Mito,56566,56832,ORI4,0,-,3346,266,266,1681.7817801025428
Mito,82328,82600,ORI5,0,+,1435,272,272,705.3559597971915
