chr,start,end,name,score,strand,reads,bases_covered,region_length,FPKM
Mito,6545,8194,Q0020,0,+,12440,1649,1649,1008.6141760697799
Mito,58008,62447,Q0158,0,+,425095,4439,4439,12803.425976525225
