chr,start,end,name,score,strand,reads,bases_covered,region_length,FPKM
II,680687,681862,LSR1,0,-,31,1134,1175,3.5273550021557827
V,167426,167586,snR14,0,-,13,160,160,10.862973318130964
VII,939458,939672,snR7-L,0,-,33,214,214,20.61700184030607
VII,939493,939672,snR7-S,0,-,30,179,179,22.407508348529706
XII,366234,366346,snR6,0,+,17,112,112,20.293466638266636
XIV,230104,230672,snR19,0,-,307,568,568,72.26289942938692
